{
 "type": "FeatureCollection",
 "features": [
  {
   "type": "Feature",
   "id": "P01",
   "geometry": {
    "type": "Polygon",
    "coordinates": [
     [
      [
       86.91738309875805,
       20.758746258074776
      ],
      [
       86.91594215740639,
       20.75865520039973
      ],
      [
       86.91507786596047,
       20.758112621735783
      ],
      [
       86.91411731121555,
       20.75793142650315
      ],
      [
       86.91402134783368,
       20.757750660591967
      ],
      [
       86.91344505799691,
       20.75756965340295
      ],
      [
       86.91296504163122,
       20.757027257177924
      ],
      [
       86.91277291164795,
       20.75702715977939
      ],
      [
       86.91267705420941,
       20.756665675209106
      ],
      [
       86.91238885992242,
       20.756665528550318
      ],
      [
       86.91190874549116,
       20.75630384724695
      ],
      [
       86.91094810018328,
       20.756303352219213
      ],
      [
       86.91056400149358,
       20.756032075856034
      ],
      [
       86.91046814992846,
       20.755670590033233
      ],
      [
       86.91008389341714,
       20.75567038945165
      ],
      [
       86.90979559384223,
       20.755850956355648
      ],
      [
       86.90921920840404,
       20.75585065290335
      ],
      [
       86.90873899566363,
       20.755669680651376
      ],
      [
       86.90825845700809,
       20.75603086074678
      ],
      [
       86.90768207091278,
       20.756030552137396
      ],
      [
       86.90691377737495,
       20.755668701876758
      ],
      [
       86.90681810081462,
       20.755036137184614
      ],
      [
       86.90662597337955,
       20.755036032924334
      ],
      [
       86.90643401272209,
       20.754764851591986
      ],
      [
       86.9061458220872,
       20.754764694479025
      ],
      [
       86.90614598937458,
       20.754493617615392
      ],
      [
       86.90595397438034,
       20.75431279469365
      ],
      [
       86.90547337728289,
       20.75476432600311
      ],
      [
       86.90537776348712,
       20.754041401509603
      ],
      [
       86.90547393889229,
       20.75386073644193
      ],
      [
       86.90585824671241,
       20.753770588349365
      ],
      [
       86.90585841450363,
       20.753499511456656
      ],
      [
       86.90566634505896,
       20.753409047165494
      ],
      [
       86.90566684944096,
       20.75259581643205
      ],
      [
       86.90537883155795,
       20.752324581122682
      ],
      [
       86.90557134823443,
       20.751692173899773
      ],
      [
       86.9052833884918,
       20.7513305794227
      ],
      [
       86.9052835572859,
       20.75105950245761
      ],
      [
       86.905091378504,
       20.75114975549028
      ],
      [
       86.90518715815077,
       20.751601603426508
      ],
      [
       86.90480285542537,
       20.75169175006115
      ],
      [
       86.90489846505885,
       20.75241467505556
      ],
      [
       86.90528254448064,
       20.75268596412002
      ],
      [
       86.90518625694227,
       20.753047347046476
      ],
      [
       86.90470600127348,
       20.752956722489596
      ],
      [
       86.90470588804689,
       20.753137440424382
      ],
      [
       86.90441770051015,
       20.753137280426042
      ],
      [
       86.9044178708632,
       20.75286620352471
      ],
      [
       86.90412985470674,
       20.752594966137934
      ],
      [
       86.90422614446138,
       20.752233583792837
      ],
      [
       86.9044183251246,
       20.752143331746076
      ],
      [
       86.90441860902811,
       20.75169153685358
      ],
      [
       86.90413048118432,
       20.751601017403704
      ],
      [
       86.90403459066604,
       20.75132988686015
      ],
      [
       86.9037464065597,
       20.751329725749795
      ],
      [
       86.9038422394413,
       20.7516912154319
      ],
      [
       86.90326598479434,
       20.751510174120323
      ],
      [
       86.90326586986552,
       20.751690892077843
      ],
      [
       86.9029776274457,
       20.751781088652734
      ],
      [
       86.90307345877794,
       20.752142578738365
      ],
      [
       86.90288127732437,
       20.752232829278544
      ],
      [
       86.90278498437823,
       20.752594210857804
      ],
      [
       86.90220861139879,
       20.752593883945515
      ],
      [
       86.90220849520709,
       20.75277460187459
      ],
      [
       86.90240067774248,
       20.752684352096534
      ],
      [
       86.9024005617784,
       20.752865070024736
      ],
      [
       86.90268869097093,
       20.75295559236614
      ],
      [
       86.9027844645875,
       20.753407441522675
      ],
      [
       86.90249633448248,
       20.753316919342925
      ],
      [
       86.90240044581311,
       20.753045787949144
      ],
      [
       86.90220832091718,
       20.75304567876108
      ],
      [
       86.90201613781112,
       20.753135928318024
      ],
      [
       86.9019198422302,
       20.753497309364285
      ],
      [
       86.901247285774,
       20.753677642283506
      ],
      [
       86.90124710976262,
       20.753948719133692
      ],
      [
       86.90095874419043,
       20.75421963016996
      ],
      [
       86.9005744914509,
       20.75421940834454
      ],
      [
       86.9003825426382,
       20.753948220275173
      ],
      [
       86.90009435360243,
       20.753948053022693
      ],
      [
       86.89961374033932,
       20.754399567903764
      ],
      [
       86.89922942728974,
       20.75448970200774
      ],
      [
       86.89577114686286,
       20.75448763983976
      ],
      [
       86.89548314313681,
       20.754216388067256
      ],
      [
       86.8949068265789,
       20.754125677718495
      ],
      [
       86.89471482546797,
       20.75394484229088
      ],
      [
       86.89442663648991,
       20.75394466553638
      ],
      [
       86.89433069905753,
       20.753763888650706
      ],
      [
       86.89394644754941,
       20.753763652013976
      ],
      [
       86.89337026034642,
       20.753492218659506
      ],
      [
       86.8930823263175,
       20.75313060392613
      ],
      [
       86.89279388413384,
       20.753491860166438
      ],
      [
       86.89240963333226,
       20.753491620097403
      ],
      [
       86.89221737986476,
       20.753672217594186
      ],
      [
       86.8914488773704,
       20.75367173401586
      ],
      [
       86.89068005015439,
       20.75412304159565
      ],
      [
       86.88779835750559,
       20.753850107922734
      ],
      [
       86.88606963128316,
       20.753306817132554
      ],
      [
       86.8850130114329,
       20.753215754639342
      ],
      [
       86.88357193561586,
       20.753395502546994
      ],
      [
       86.88155469125866,
       20.753303765489417
      ],
      [
       86.88117058227388,
       20.753122782507695
      ],
      [
       86.87982556551032,
       20.753302565371175
      ],
      [
       86.87675178414993,
       20.753029312237274
      ],
      [
       86.87511850160539,
       20.75329921026399
      ],
      [
       86.87310111340238,
       20.753388091771978
      ],
      [
       86.87118062742981,
       20.752483074100635
      ],
      [
       86.87012402273213,
       20.752391920155752
      ],
      [
       86.86974000717522,
       20.752120552827385
      ],
      [
       86.86877946760407,
       20.752029463393807
      ],
      [
       86.86829939385511,
       20.751758019502773
      ],
      [
       86.86724263829618,
       20.751847565602915
      ],
      [
       86.86657052435355,
       20.751485609561573
      ],
      [
       86.86628265806377,
       20.75112395019204
      ],
      [
       86.86580235251077,
       20.751123575936177
      ],
      [
       86.86532236697599,
       20.750761764881602
      ],
      [
       86.86532252697722,
       20.75058104714749
      ],
      [
       86.86503458519623,
       20.750309744546108
      ],
      [
       86.86474648376151,
       20.750219159200768
      ],
      [
       86.8647466444423,
       20.75003844145956
      ],
      [
       86.86388282834287,
       20.74922452928917
      ],
      [
       86.86359553983903,
       20.748230353202842
      ],
      [
       86.86369192294539,
       20.747868993830426
      ],
      [
       86.86311564997641,
       20.747778177056514
      ],
      [
       86.86350004806624,
       20.747597764743464
      ],
      [
       86.86340415144574,
       20.747416970671004
      ],
      [
       86.86311597516931,
       20.747416741492316
      ],
      [
       86.86292353200454,
       20.747778023999487
      ],
      [
       86.86253937770726,
       20.74768735835401
      ],
      [
       86.8620588372986,
       20.747958050354807
      ],
      [
       86.86119430545544,
       20.747957354588188
      ],
      [
       86.86071367909383,
       20.748318401677647
      ],
      [
       86.8599451213817,
       20.74840813628145
      ],
      [
       86.85956055024438,
       20.748769258326412
      ],
      [
       86.85898410890913,
       20.748859145435254
      ],
      [
       86.85831127056504,
       20.74931038689615
      ],
      [
       86.85744664650295,
       20.749400031092375
      ],
      [
       86.85715821200817,
       20.749670868449957
      ],
      [
       86.85658168069742,
       20.7498511063093
      ],
      [
       86.8560053190956,
       20.749850624545914
      ],
      [
       86.85542921512953,
       20.74957906433368
      ],
      [
       86.85533332689609,
       20.7493982658493
      ],
      [
       86.85475705331243,
       20.749307421071055
      ],
      [
       86.85418121348528,
       20.748764780156968
      ],
      [
       86.8536050299643,
       20.74858357268576
      ],
      [
       86.8532214023926,
       20.747950733174985
      ],
      [
       86.8530291969948,
       20.74804092790847
      ],
      [
       86.85283734098832,
       20.747769687036964
      ],
      [
       86.85245319287135,
       20.74767899889144
      ],
      [
       86.85216527964137,
       20.74740767481034
      ],
      [
       86.8519745688117,
       20.745961767813103
      ],
      [
       86.8513987515539,
       20.7454191175049
      ],
      [
       86.85091934962021,
       20.744515113070694
      ],
      [
       86.85034318611739,
       20.744333894700226
      ],
      [
       86.85034336385414,
       20.744153176948952
      ],
      [
       86.84976747004345,
       20.743700880020988
      ],
      [
       86.84938315518735,
       20.74379090280267
      ],
      [
       86.8488069065079,
       20.743700038173362
      ],
      [
       86.84861497359,
       20.743519151409785
      ],
      [
       86.84659751946876,
       20.74378844042713
      ],
      [
       86.84573255388976,
       20.744239461360007
      ],
      [
       86.8454443838584,
       20.74423920260126
      ],
      [
       86.8451558460335,
       20.744600378767366
      ],
      [
       86.84496373222835,
       20.744600205668032
      ],
      [
       86.84496354809826,
       20.744780923364566
      ],
      [
       86.84400260741353,
       20.745141490005413
      ],
      [
       86.84323349784219,
       20.745773302978662
      ],
      [
       86.84323331164568,
       20.74595402063564
      ],
      [
       86.84284908065443,
       20.745953669904818
      ],
      [
       86.84246428833148,
       20.746495471243563
      ],
      [
       86.8415994833511,
       20.746765753445597
      ],
      [
       86.84102256733678,
       20.7473073743704
      ],
      [
       86.84063833296891,
       20.74730701867746
      ],
      [
       86.84034996756186,
       20.747487468943806
      ],
      [
       86.83948543925064,
       20.747486664038746
      ],
      [
       86.83948562991398,
       20.74730594644686
      ],
      [
       86.83900581507173,
       20.74685370341769
      ],
      [
       86.83900677118467,
       20.74595011537515
      ],
      [
       86.83881475145508,
       20.745859576586295
      ],
      [
       86.83871946000528,
       20.74513661601639
      ],
      [
       86.8383355191707,
       20.744865178764854
      ],
      [
       86.83804802125601,
       20.74423239586656
      ],
      [
       86.83756783452849,
       20.74414158405027
      ],
      [
       86.83747206748176,
       20.743870416823054
      ],
      [
       86.83727995466995,
       20.74387023514552
      ],
      [
       86.83689611645565,
       20.74350843585347
      ],
      [
       86.83651257129158,
       20.742875559215637
      ],
      [
       86.83507222438493,
       20.74242238929673
      ],
      [
       86.83391975587469,
       20.742240562352066
      ],
      [
       86.83305624886316,
       20.741336137060447
      ],
      [
       86.8327688788088,
       20.74061298643317
      ],
      [
       86.83228900545508,
       20.740251083425857
      ],
      [
       86.83228940372405,
       20.739889648065105
      ],
      [
       86.8317142793828,
       20.738804778980803
      ],
      [
       86.83190758316225,
       20.737720660543694
      ],
      [
       86.83171567795708,
       20.737539754976574
      ],
      [
       86.83162022527337,
       20.736997507777662
      ],
      [
       86.83133216927375,
       20.736906866595472
      ],
      [
       86.83123661816434,
       20.73645497802973
      ],
      [
       86.83104451477318,
       20.73645478945051
      ],
      [
       86.83075686197441,
       20.736002711812556
      ],
      [
       86.83085361615892,
       20.735370294131037
      ],
      [
       86.83056606651633,
       20.734827857248295
      ],
      [
       86.83047122324535,
       20.733743455909043
      ],
      [
       86.83018337565271,
       20.73347209501846
      ],
      [
       86.83008783003433,
       20.733020205672872
      ],
      [
       86.82989583193907,
       20.732929656937213
      ],
      [
       86.82989623573542,
       20.732568221313795
      ],
      [
       86.82960839138052,
       20.732296859446656
      ],
      [
       86.829609503639,
       20.731302911387584
      ],
      [
       86.82941801410742,
       20.73076056750661
      ],
      [
       86.82951446685874,
       20.730399226999054
      ],
      [
       86.82922662725896,
       20.730127864458137
      ],
      [
       86.82903514053905,
       20.729585520096858
      ],
      [
       86.82903574918778,
       20.729043366469845
      ],
      [
       86.82874842103008,
       20.72832020838651
      ],
      [
       86.82874964026817,
       20.727235900955286
      ],
      [
       86.82932652302642,
       20.726694319712053
      ],
      [
       86.82961465961806,
       20.726694605250163
      ],
      [
       86.82971090720228,
       20.726513982383402
      ],
      [
       86.83047947170184,
       20.726334023073704
      ],
      [
       86.83067176322821,
       20.726153494240386
      ],
      [
       86.83105594401417,
       20.726153871837933
      ],
      [
       86.83163261474108,
       20.725793000685805
      ],
      [
       86.8322088845879,
       20.725793563533518
      ],
      [
       86.83259346174071,
       20.725432501719947
      ],
      [
       86.83269020124946,
       20.724800082131193
      ],
      [
       86.83336379673821,
       20.723626067287256
      ],
      [
       86.83336518049693,
       20.72236104094603
      ],
      [
       86.83307784408652,
       20.721637889475705
      ],
      [
       86.83346280371487,
       20.72091538928169
      ],
      [
       86.83346319879372,
       20.720553953087588
      ],
      [
       86.83327131320124,
       20.720373049030076
      ],
      [
       86.8332716098434,
       20.720101971871518
      ],
      [
       86.83288754338324,
       20.720011240271234
      ],
      [
       86.83259981649208,
       20.719649524083326
      ],
      [
       86.83240902630776,
       20.71847466937553
      ],
      [
       86.83202556212235,
       20.71784178144881
      ],
      [
       86.8320260601509,
       20.71738998607587
      ],
      [
       86.83164250042866,
       20.7168474563274
      ],
      [
       86.83154716028352,
       20.71621484878989
      ],
      [
       86.83135548239552,
       20.715853224380453
      ],
      [
       86.83116340498529,
       20.715853036112527
      ],
      [
       86.83087558970742,
       20.715581676041406
      ],
      [
       86.830684014592,
       20.71512969178024
      ],
      [
       86.83039620153001,
       20.71485833090025
      ],
      [
       86.82972393502574,
       20.714857667309307
      ],
      [
       86.82972413693665,
       20.714676949121916
      ],
      [
       86.82924414964022,
       20.714495755339065
      ],
      [
       86.82905237801673,
       20.714224487443012
      ],
      [
       86.82790033417423,
       20.71386190291867
      ],
      [
       86.82770856574304,
       20.71359063352819
      ],
      [
       86.8274204539607,
       20.713590344972584
      ],
      [
       86.82722868672569,
       20.713319075047483
      ],
      [
       86.82655673559726,
       20.713047321850055
      ],
      [
       86.8264609044449,
       20.71286650688403
      ],
      [
       86.82598072045688,
       20.712866022226592
      ],
      [
       86.8252137731174,
       20.71169057571172
      ],
      [
       86.82521460200161,
       20.710967702845945
      ],
      [
       86.82540688018305,
       20.71078717947947
      ],
      [
       86.82569632978269,
       20.709612802775936
      ],
      [
       86.82617701866235,
       20.709161492487695
      ],
      [
       86.82675343082408,
       20.708981354881328
      ],
      [
       86.827041943939,
       20.708620207917587
      ],
      [
       86.82742618273491,
       20.708530234159877
      ],
      [
       86.82761865955713,
       20.708168989928602
      ],
      [
       86.827717041817,
       20.7060908252548
      ],
      [
       86.82781358455622,
       20.705639125405025
      ],
      [
       86.82800575098824,
       20.705548958138404
      ],
      [
       86.82791043264896,
       20.70491634791252
      ],
      [
       86.82839181192654,
       20.703832516656433
      ],
      [
       86.82896850536474,
       20.70338129374133
      ],
      [
       86.82944876061381,
       20.703291410645857
      ],
      [
       86.82964102406663,
       20.703110882287735
      ],
      [
       86.82973755915873,
       20.702659181150327
      ],
      [
       86.83012188201695,
       20.702478841976177
      ],
      [
       86.83079409395096,
       20.70247950363601
      ],
      [
       86.83117861517746,
       20.702118443624524
      ],
      [
       86.83146670533804,
       20.702118725742125
      ],
      [
       86.83175509455586,
       20.701847929666176
      ],
      [
       86.83242760161842,
       20.70157750720356
      ],
      [
       86.83261995856269,
       20.701306616197417
      ],
      [
       86.83310010631267,
       20.701307082090516
      ],
      [
       86.83310050184286,
       20.70094564508066
      ],
      [
       86.83348501375353,
       20.700584579792363
      ],
      [
       86.83348550700593,
       20.70013278348094
      ],
      [
       86.83329364690412,
       20.699951879194632
      ],
      [
       86.83348629618229,
       20.699409909333394
      ],
      [
       86.83339105742145,
       20.69868694228059
      ],
      [
       86.83406423572367,
       20.6977839981968
      ],
      [
       86.83483265012127,
       20.697604017829445
      ],
      [
       86.83492887291116,
       20.697423391268437
      ],
      [
       86.83588914408894,
       20.697424308680276
      ],
      [
       86.83608139252473,
       20.697243772908656
      ],
      [
       86.83704185568166,
       20.697063965264807
      ],
      [
       86.83752314505321,
       20.6959801068931
      ],
      [
       86.83752429984857,
       20.69489579490626
      ],
      [
       86.83714096934831,
       20.694172557551862
      ],
      [
       86.83714135515702,
       20.693811120169197
      ],
      [
       86.8369494020184,
       20.69372057919402
      ],
      [
       86.83675783581499,
       20.693268600607084
      ],
      [
       86.83675831918605,
       20.692816803837655
      ],
      [
       86.83695046419506,
       20.692726626312602
      ],
      [
       86.83695065731136,
       20.692545907594575
      ],
      [
       86.83781554613525,
       20.691914207610466
      ],
      [
       86.8393525907005,
       20.691283131126703
      ],
      [
       86.8397371582923,
       20.69083169182954
      ],
      [
       86.84127390214118,
       20.690471676210148
      ],
      [
       86.84127409011442,
       20.69029095740638
      ],
      [
       86.84185050699467,
       20.690020408880876
      ],
      [
       86.84213885487996,
       20.6897495947696
      ],
      [
       86.84213904182178,
       20.689568875943124
      ],
      [
       86.84261952559899,
       20.689207877392167
      ],
      [
       86.84300352057072,
       20.689298587141103
      ],
      [
       86.84406022469396,
       20.688847748994384
      ],
      [
       86.84569277743071,
       20.68866849942846
      ],
      [
       86.84607704632613,
       20.688488124015123
      ],
      [
       86.84799756730241,
       20.688399469056797
      ],
      [
       86.84905407190824,
       20.688129319029667
      ],
      [
       86.84972657712323,
       20.687768468561906
      ],
      [
       86.85030261514943,
       20.687859329407164
      ],
      [
       86.85049483451424,
       20.68767877716882
      ],
      [
       86.85087874216228,
       20.687859828861598
      ],
      [
       86.85078298602359,
       20.687588667342244
      ],
      [
       86.85145513302965,
       20.687589247971157
      ],
      [
       86.85155089036549,
       20.68786040912433
      ],
      [
       86.8519349750634,
       20.687860739526094
      ],
      [
       86.85212675476731,
       20.688131982824697
      ],
      [
       86.85289483846213,
       20.688222999687934
      ],
      [
       86.85308627239294,
       20.688855679798905
      ],
      [
       86.85327831600665,
       20.68885584340343
      ],
      [
       86.8532781422627,
       20.689036562338725
      ],
      [
       86.85356620802787,
       20.6890368073466
      ],
      [
       86.85356577451263,
       20.68948860467408
      ],
      [
       86.85375773233622,
       20.689579127212475
      ],
      [
       86.85375755915335,
       20.689759846136493
      ],
      [
       86.85414147593994,
       20.689940890572373
      ],
      [
       86.85414113047464,
       20.690302328407665
      ],
      [
       86.85452530750267,
       20.69021229361449
      ],
      [
       86.85510101451116,
       20.690664576302535
      ],
      [
       86.85519678023158,
       20.69093573538361
      ],
      [
       86.85538891211212,
       20.690845537196008
      ],
      [
       86.85538779887216,
       20.692020210047243
      ],
      [
       86.85605962457723,
       20.692382210611445
      ],
      [
       86.85615522269119,
       20.692834088001042
      ],
      [
       86.8558668936524,
       20.693104925586336
      ],
      [
       86.8560589426377,
       20.693105086123758
      ],
      [
       86.85634650566887,
       20.693647483129865
      ],
      [
       86.85653864030357,
       20.69355728370479
      ],
      [
       86.85663424055113,
       20.694009160779736
      ],
      [
       86.85701808677041,
       20.694280558227817
      ],
      [
       86.85692180731652,
       20.69455155679087
      ],
      [
       86.85711368887877,
       20.694732435009815
      ],
      [
       86.85711326573863,
       20.69518423210989
      ],
      [
       86.85768899913832,
       20.695636506045975
      ],
      [
       86.8574004140877,
       20.696178424324184
      ],
      [
       86.85749610289085,
       20.69653994140369
      ],
      [
       86.85778409863809,
       20.696630538849078
      ],
      [
       86.85797632032575,
       20.69644997846174
      ],
      [
       86.85807184252394,
       20.696992214025773
      ],
      [
       86.85826423224032,
       20.69663093451349
      ],
      [
       86.85893641930232,
       20.696631486195752
      ],
      [
       86.85893625218998,
       20.696812205013142
      ],
      [
       86.85912822242473,
       20.696902721564456
      ],
      [
       86.85970455001342,
       20.696722472890603
      ],
      [
       86.86056862591856,
       20.69690389332068
      ],
      [
       86.86066448775433,
       20.697084689834668
      ],
      [
       86.86104859582636,
       20.697085000057992
      ],
      [
       86.86124081424981,
       20.696904436019
      ],
      [
       86.86248891970553,
       20.697176515186495
      ],
      [
       86.86325721737684,
       20.697086767223148
      ],
      [
       86.86354521763772,
       20.69717735505763
      ],
      [
       86.86373694895187,
       20.697538944747436
      ],
      [
       86.86450508722861,
       20.697629910071132
      ],
      [
       86.86450492670477,
       20.697810628910208
      ],
      [
       86.86556138838898,
       20.697630737598033
      ],
      [
       86.86613731479468,
       20.697902264521964
      ],
      [
       86.86738614435966,
       20.697361073410416
      ],
      [
       86.86757804191562,
       20.69754194000546
      ],
      [
       86.86921058410364,
       20.697452827618292
      ],
      [
       86.86988231263443,
       20.697995493247323
      ],
      [
       86.87036237398104,
       20.69808621465638
      ],
      [
       86.87074610189198,
       20.69853830045235
      ],
      [
       86.87122616547312,
       20.6986290194604
      ],
      [
       86.8716098973116,
       20.69908110332456
      ],
      [
       86.87199385891972,
       20.699262108034432
      ],
      [
       86.87199370725493,
       20.699442826893883
      ],
      [
       86.8722817928953,
       20.699443040720865
      ],
      [
       86.8725695765702,
       20.699804691781743
      ],
      [
       86.87276163412335,
       20.699804833746935
      ],
      [
       86.87285736160761,
       20.700166342353786
      ],
      [
       86.87304941961831,
       20.70016648400049
      ],
      [
       86.87314522316235,
       20.700437633015042
      ],
      [
       86.87333728151683,
       20.70043777434257
      ],
      [
       86.87343316072607,
       20.700618563770977
      ],
      [
       86.87362529418122,
       20.70052834535598
      ],
      [
       86.87420132054368,
       20.700709485940592
      ],
      [
       86.87429720094886,
       20.700890274888543
      ],
      [
       86.87516124427263,
       20.701161981679316
      ],
      [
       86.87535308200468,
       20.701433199027
      ],
      [
       86.87554514162915,
       20.70143333789928
      ],
      [
       86.87564087671988,
       20.701794844930134
      ],
      [
       86.87592889333267,
       20.70188541209776
      ],
      [
       86.87621654358146,
       20.702427775857423
      ],
      [
       86.87660066534961,
       20.702428051474985
      ],
      [
       86.87660051911865,
       20.70260877030011
      ],
      [
       86.87698449557092,
       20.70278976388762
      ],
      [
       86.87784869925738,
       20.702880738392945
      ],
      [
       86.87813650262659,
       20.70324238010914
      ],
      [
       86.87900056620256,
       20.703514067668188
      ],
      [
       86.87928837350107,
       20.703875707452585
      ],
      [
       86.87957646759506,
       20.703875909121724
      ],
      [
       86.87967235635881,
       20.70405669505317
      ],
      [
       86.8805363565297,
       20.70441873432416
      ],
      [
       86.88092020111968,
       20.704780437953577
      ],
      [
       86.88178434848598,
       20.704961752162102
      ],
      [
       86.88197620278088,
       20.70523296209548
      ],
      [
       86.88274418267561,
       20.70559492446354
      ],
      [
       86.88331989341052,
       20.706227831585267
      ],
      [
       86.88351195913026,
       20.7062279616034
      ],
      [
       86.88351182106166,
       20.706408680394727
      ],
      [
       86.88389574653816,
       20.706680017974453
      ],
      [
       86.88418315958637,
       20.707583805854956
      ],
      [
       86.88418226722142,
       20.708758477774055
      ],
      [
       86.88389361330904,
       20.709481158705383
      ],
      [
       86.88350926652569,
       20.709751977350518
      ],
      [
       86.88331691971462,
       20.710113284736835
      ],
      [
       86.88312484910142,
       20.710113154477877
      ],
      [
       86.88254814992804,
       20.710745277861662
      ],
      [
       86.88235607852383,
       20.710745146741377
      ],
      [
       86.8822598334432,
       20.711016159132207
      ],
      [
       86.88206776169966,
       20.71101602768868
      ],
      [
       86.88149112497725,
       20.711557788094588
      ],
      [
       86.8795696869211,
       20.712460048640835
      ],
      [
       86.87918525334575,
       20.712821216780732
      ],
      [
       86.87880103350344,
       20.71291130610926
      ],
      [
       86.87870478072388,
       20.713182316407178
      ],
      [
       86.87755211627955,
       20.71345257856514
      ],
      [
       86.87735967795722,
       20.71390423834562
      ],
      [
       86.87687912461446,
       20.71435569208334
      ],
      [
       86.87687883262736,
       20.71471712923335
      ],
      [
       86.87659042539747,
       20.71507836007993
      ],
      [
       86.87658991319826,
       20.715710875022555
      ],
      [
       86.87639783557867,
       20.71571073722459
      ],
      [
       86.87639761571718,
       20.71598181504096
      ],
      [
       86.87620539095342,
       20.71616239556491
      ],
      [
       86.87620495053177,
       20.71670455115675
      ],
      [
       86.87591631718948,
       20.71733685853279
      ],
      [
       86.87581850999564,
       20.71950541111487
      ],
      [
       86.87600993060036,
       20.720318782636728
      ],
      [
       86.87620186718401,
       20.720499639343988
      ],
      [
       86.8761036943222,
       20.723119987288545
      ],
      [
       86.8762953410187,
       20.723662280617578
      ],
      [
       86.87648735539754,
       20.72375277777034
      ],
      [
       86.87648713560213,
       20.724023855334554
      ],
      [
       86.87677512156311,
       20.724204780254052
      ],
      [
       86.8768708735707,
       20.724566285732873
      ],
      [
       86.87706296235801,
       20.72456642305901
      ],
      [
       86.87715878814272,
       20.724837569187148
      ],
      [
       86.87735087727421,
       20.72483770619364
      ],
      [
       86.87802224856433,
       20.726012853330957
      ],
      [
       86.87811706462082,
       20.727549027158144
      ],
      [
       86.87792446507098,
       20.72818140504847
      ],
      [
       86.87773063057546,
       20.73034988792236
      ],
      [
       86.87820841348635,
       20.733422438266953
      ],
      [
       86.87849613077502,
       20.733964796571286
      ],
      [
       86.8786881594313,
       20.734055291231275
      ],
      [
       86.87887968511563,
       20.73477829927357
      ],
      [
       86.87849490481902,
       20.735500900949642
      ],
      [
       86.87801464834455,
       20.73550056105705
      ],
      [
       86.87801450353699,
       20.73568127919796
      ],
      [
       86.87743826784232,
       20.73559051048507
      ],
      [
       86.87666956425514,
       20.73595139754717
      ],
      [
       86.87666927143803,
       20.736312833787995
      ],
      [
       86.87772576870087,
       20.736403947134782
      ],
      [
       86.87811012085523,
       20.73622350168628
      ],
      [
       86.87811026555342,
       20.736042783556105
      ],
      [
       86.87868657537865,
       20.736043190956142
      ],
      [
       86.87859073992934,
       20.735772045983015
      ],
      [
       86.8790710690478,
       20.73568202519891
      ],
      [
       86.87907149970317,
       20.735139870743545
      ],
      [
       86.87926396014304,
       20.734688210270264
      ],
      [
       86.8792644617453,
       20.734055696658164
      ],
      [
       86.87897688519135,
       20.733332621437267
      ],
      [
       86.87897760341275,
       20.732429030415933
      ],
      [
       86.87849843815427,
       20.731073305233046
      ],
      [
       86.87859571132279,
       20.729537267860916
      ],
      [
       86.87878838175487,
       20.728814530169775
      ],
      [
       86.87898069132665,
       20.728543587943353
      ],
      [
       86.87926890368765,
       20.728453431207722
      ],
      [
       86.87926911858295,
       20.72818235375474
      ],
      [
       86.87888565042962,
       20.727278492209273
      ],
      [
       86.87879039533073,
       20.726284473761147
      ],
      [
       86.87850269134861,
       20.72574211553199
      ],
      [
       86.87850305172707,
       20.72529031964287
      ],
      [
       86.87811981220892,
       20.724115378576037
      ],
      [
       86.87812053516551,
       20.72321178661632
      ],
      [
       86.87792844807876,
       20.7232116504791
      ],
      [
       86.87783254946446,
       20.72303086392871
      ],
      [
       86.87735393270296,
       20.721042619753156
      ],
      [
       86.87716206691714,
       20.720771405109062
      ],
      [
       86.87716243117661,
       20.720319608981868
      ],
      [
       86.87687459811134,
       20.719957966204117
      ],
      [
       86.87687496320764,
       20.71950617003915
      ],
      [
       86.87668310019674,
       20.719234954826796
      ],
      [
       86.87668609823933,
       20.715530225290223
      ],
      [
       86.87687810263223,
       20.715620722042026
      ],
      [
       86.87697443316182,
       20.715259353586198
      ],
      [
       86.8772625487447,
       20.71525955923353
      ],
      [
       86.87726269428819,
       20.71507884066919
      ],
      [
       86.87745477111763,
       20.715078977498234
      ],
      [
       86.87745491643179,
       20.714898258928798
      ],
      [
       86.87764699303503,
       20.714898395542253
      ],
      [
       86.87774317630819,
       20.71471774519345
      ],
      [
       86.8785117699439,
       20.71435685189851
      ],
      [
       86.87928014523935,
       20.71426703303873
      ],
      [
       86.87937632617917,
       20.714086381752715
      ],
      [
       86.87995255296502,
       20.71408678450415
      ],
      [
       86.88004773734609,
       20.715171163008154
      ],
      [
       86.88033571089514,
       20.71535208209439
      ],
      [
       86.88119879034437,
       20.716979147844444
      ],
      [
       86.88244730551263,
       20.716980004933298
      ],
      [
       86.88340756356834,
       20.71716137663592
      ],
      [
       86.88369568281514,
       20.717161571534216
      ],
      [
       86.88436830389675,
       20.716710227986262
      ],
      [
       86.88513668775566,
       20.716620383052483
      ],
      [
       86.88542507774447,
       20.71625913786942
      ],
      [
       86.88552152419958,
       20.715717045956787
      ],
      [
       86.88609775727801,
       20.715717428169548
      ],
      [
       86.88609795988226,
       20.715446350249252
      ],
      [
       86.88657862400778,
       20.71481415209094
      ],
      [
       86.88725095882397,
       20.714724234353074
      ],
      [
       86.88753880679019,
       20.715085860071103
      ],
      [
       86.88792296061018,
       20.715086110585208
      ],
      [
       86.88830691576493,
       20.715357438194424
      ],
      [
       86.88878710890917,
       20.715357749064584
      ],
      [
       86.88917093486799,
       20.715809793377858
      ],
      [
       86.88984327260225,
       20.71571986553964
      ],
      [
       86.88984353385749,
       20.71535842826434
      ],
      [
       86.88965158744428,
       20.715177586613486
      ],
      [
       86.88974782206994,
       20.714906570172797
      ],
      [
       86.89042009051826,
       20.714906999380435
      ],
      [
       86.89041898598283,
       20.716443107805976
      ],
      [
       86.89089885912342,
       20.716895209351154
      ],
      [
       86.89089860035011,
       20.717256646574775
      ],
      [
       86.89128211500649,
       20.71816048262048
      ],
      [
       86.89156997902249,
       20.718522101526215
      ],
      [
       86.89185810092306,
       20.71852228277454
      ],
      [
       86.89205005416025,
       20.718703121925326
      ],
      [
       86.89272233940906,
       20.718703542216474
      ],
      [
       86.89262610763348,
       20.718974560213397
      ],
      [
       86.89291429390403,
       20.71888438040522
      ],
      [
       86.89291397637868,
       20.7193361768582
      ],
      [
       86.89320209983137,
       20.719336355863657
      ],
      [
       86.89396986312512,
       20.720150064437366
      ],
      [
       86.89396973735958,
       20.720330783001074
      ],
      [
       86.89473744732432,
       20.721234847370372
      ],
      [
       86.89502501403203,
       20.722048256771092
      ],
      [
       86.89550498045425,
       20.72240998605461
      ],
      [
       86.8957923062056,
       20.72358483110483
      ],
      [
       86.89588822653114,
       20.72376560773509
      ],
      [
       86.89608031443576,
       20.723765723830333
      ],
      [
       86.8962721562246,
       20.724127276709805
      ],
      [
       86.89627141784169,
       20.725211587614638
      ],
      [
       86.89655924561885,
       20.725663557221267
      ],
      [
       86.89636709383932,
       20.725753800881915
      ],
      [
       86.89646295477932,
       20.72602493638384
      ],
      [
       86.8962709870964,
       20.725844102246057
      ],
      [
       86.89521448921568,
       20.725843462178318
      ],
      [
       86.89502252324937,
       20.725662626651317
      ],
      [
       86.89444625238274,
       20.72566227414973
      ],
      [
       86.89415805416476,
       20.72575245640033
      ],
      [
       86.89415792858536,
       20.725933174847594
      ],
      [
       86.8937737473346,
       20.725932938127833
      ],
      [
       86.89300576568587,
       20.725390306782437
      ],
      [
       86.89252547709616,
       20.725480366764057
      ],
      [
       86.89233325930891,
       20.725660965133866
      ],
      [
       86.89242885773439,
       20.726293539717236
      ],
      [
       86.89262082139864,
       20.726474378114375
      ],
      [
       86.8930050040006,
       20.726474617413984
      ],
      [
       86.89396489436152,
       20.72728844482004
      ],
      [
       86.89396464272265,
       20.727649881644037
      ],
      [
       86.89434870294103,
       20.727830836364845
      ],
      [
       86.89473232687598,
       20.72864430462319
      ],
      [
       86.89511632828578,
       20.728915616819013
      ],
      [
       86.89492336102624,
       20.730180528237863
      ],
      [
       86.8954992769446,
       20.730723034289703
      ],
      [
       86.89607550531218,
       20.730813742523786
      ],
      [
       86.89646000610145,
       20.73036217825438
      ],
      [
       86.8970362947891,
       20.730362524087283
      ],
      [
       86.89713295328585,
       20.72945898964311
      ],
      [
       86.89694098049472,
       20.72927815630328
      ],
      [
       86.89694134738757,
       20.728736001112452
      ],
      [
       86.89713356363414,
       20.728555397652944
      ],
      [
       86.89713374673227,
       20.728284320037396
      ],
      [
       86.89732590126134,
       20.728194075558697
      ],
      [
       86.8973261449304,
       20.727832638718727
      ],
      [
       86.89761446673006,
       20.727561732763572
      ],
      [
       86.89780655943254,
       20.727561846952046
      ],
      [
       86.89799889420074,
       20.727200524051955
      ],
      [
       86.89915144771538,
       20.72720120338009
      ],
      [
       86.89972760550982,
       20.727382258597917
      ],
      [
       86.89982353288653,
       20.72756303298437
      ],
      [
       86.90030376468208,
       20.727563311888417
      ],
      [
       86.90145667181007,
       20.72702182041565
      ],
      [
       86.9025132359051,
       20.726932062958102
      ],
      [
       86.9028014891414,
       20.726751507477896
      ],
      [
       86.90558693109475,
       20.726572339710764
      ],
      [
       86.90625969624612,
       20.725849833240606
      ],
      [
       86.90664387743378,
       20.725850042084886
      ],
      [
       86.90731652442084,
       20.725308249923426
      ],
      [
       86.90798900288021,
       20.725037532894703
      ],
      [
       86.90923753131798,
       20.725128555203558
      ],
      [
       86.90942945983261,
       20.725399734219156
      ],
      [
       86.90962154987537,
       20.725399835208215
      ],
      [
       86.90962144264508,
       20.725580553746816
      ],
      [
       86.91000551641424,
       20.72576147362032
      ],
      [
       86.91067783317628,
       20.72576182389926
      ],
      [
       86.91067772719721,
       20.725942542435526
      ],
      [
       86.91106175037916,
       20.72621381921763
      ],
      [
       86.91106159208961,
       20.72648489700921
      ],
      [
       86.91144556478558,
       20.72684653218511
      ],
      [
       86.91154140080289,
       20.727208018616224
      ],
      [
       86.91250144718832,
       20.727931383707826
      ],
      [
       86.91346165673718,
       20.72838366567405
      ],
      [
       86.91336550701975,
       20.728564335837213
      ],
      [
       86.9136533407083,
       20.729106636135608
      ],
      [
       86.91346016762009,
       20.731004083477206
      ],
      [
       86.9135558571085,
       20.731636646285665
      ],
      [
       86.91374790385568,
       20.73172710191084
      ],
      [
       86.9136515986243,
       20.732178849788745
      ],
      [
       86.91384354385339,
       20.73245002371902
      ],
      [
       86.91374698249824,
       20.73335356760813
      ],
      [
       86.91441831699294,
       20.7351610871666
      ],
      [
       86.91441821540158,
       20.73534180552369
      ],
      [
       86.91422611279238,
       20.735341709844995
      ],
      [
       86.91422601097189,
       20.735522428197385
      ],
      [
       86.91393780563637,
       20.735612643449823
      ],
      [
       86.91393739697305,
       20.736335516808367
      ],
      [
       86.91412944986477,
       20.736425971979884
      ],
      [
       86.91393683503243,
       20.737329467577258
      ],
      [
       86.91432079096768,
       20.737781455154384
      ],
      [
       86.91451228768133,
       20.738865860496304
      ],
      [
       86.91470419219527,
       20.7392273924284
      ],
      [
       86.9148962997106,
       20.73922748759021
      ],
      [
       86.91499225253713,
       20.739408253365077
      ],
      [
       86.91499200020353,
       20.739860049034544
      ],
      [
       86.91547222081137,
       20.739950644872156
      ],
      [
       86.91547212044574,
       20.740131363133656
      ],
      [
       86.91576013339916,
       20.740402581902348
      ],
      [
       86.91595224240305,
       20.74040267588983
      ],
      [
       86.91604814737904,
       20.74067380018371
      ],
      [
       86.91575963325775,
       20.741306173131164
      ],
      [
       86.91595154379442,
       20.74166770358985
      ],
      [
       86.91585473907107,
       20.743023043231556
      ],
      [
       86.91604685138333,
       20.743023137124677
      ],
      [
       86.91604660213271,
       20.74347493261671
      ],
      [
       86.91623856580505,
       20.74374610358261
      ],
      [
       86.91623811815663,
       20.74455933538688
      ],
      [
       86.91643013315813,
       20.744740147027493
      ],
      [
       86.91642998427785,
       20.745011224274144
      ],
      [
       86.9168140657311,
       20.745282487818308
      ],
      [
       86.9168138187289,
       20.7457342832006
      ],
      [
       86.91700583589434,
       20.745915094181033
      ],
      [
       86.91719746011593,
       20.74681877748378
      ],
      [
       86.91738952816503,
       20.74690922895658
      ],
      [
       86.91777337193805,
       20.74763228561317
      ],
      [
       86.91854189288894,
       20.74754229234345
      ],
      [
       86.91863785525912,
       20.747723055941954
      ],
      [
       86.91882997351915,
       20.747723146745603
      ],
      [
       86.91911829502303,
       20.74745220536901
      ],
      [
       86.91921425802282,
       20.74763296864979
      ],
      [
       86.9195984465696,
       20.747723507813546
      ],
      [
       86.92132741754116,
       20.74790502578321
      ],
      [
       86.92267192558249,
       20.74853814929619
      ],
      [
       86.9241128204174,
       20.748538791308754
      ],
      [
       86.92478514867761,
       20.748719804904436
      ],
      [
       86.92526522559908,
       20.749171809642892
      ],
      [
       86.92545681438932,
       20.750256201660765
      ],
      [
       86.9256488475496,
       20.75043700294466
      ],
      [
       86.92584066090541,
       20.751069599212038
      ],
      [
       86.92603273948595,
       20.751160041017897
      ],
      [
       86.92593619419941,
       20.752153949009482
      ],
      [
       86.92622416089412,
       20.75260586805099
      ],
      [
       86.92622381025852,
       20.75332874019945
      ],
      [
       86.92583933921598,
       20.75378036991609
      ],
      [
       86.92574296742042,
       20.75441284148554
      ],
      [
       86.92478179743604,
       20.755496731750274
      ],
      [
       86.92458966932999,
       20.755496647566893
      ],
      [
       86.92430129726048,
       20.755857956833633
      ],
      [
       86.92382093059759,
       20.755948103609033
      ],
      [
       86.92343644578901,
       20.75639972777134
      ],
      [
       86.92218742079584,
       20.75676060283139
      ],
      [
       86.92141862187229,
       20.757302406983918
      ],
      [
       86.92036181019172,
       20.757482638520923
      ],
      [
       86.91988124565924,
       20.757934210064494
      ],
      [
       86.91930490012494,
       20.757843581454882
      ],
      [
       86.919112576811,
       20.758204926940795
      ],
      [
       86.91853608548848,
       20.758385372594194
      ],
      [
       86.9182477421519,
       20.7586563125778
      ],
      [
       86.91757532890088,
       20.758565632446917
      ],
      [
       86.91738309875805,
       20.758746258074776
      ]
     ],
     [
      [
       86.90201637065482,
       20.752774492473357
      ],
      [
       86.9021123747774,
       20.752864906163655
      ],
      [
       86.90211243293079,
       20.75277454720081
      ],
      [
       86.90201637065482,
       20.752774492473357
      ]
     ],
     [
      [
       86.87455613189876,
       20.736311305748178
      ],
      [
       86.87542059805078,
       20.736311933992955
      ],
      [
       86.87542089383251,
       20.735950497769224
      ],
      [
       86.87484503014234,
       20.735407925077862
      ],
      [
       86.87455739764997,
       20.734775201743165
      ],
      [
       86.8735016644652,
       20.7337804782952
      ],
      [
       86.87254154078424,
       20.73332797398004
      ],
      [
       86.87254176771216,
       20.73305689674981
      ],
      [
       86.87234966824862,
       20.733056754321623
      ],
      [
       86.87206174683563,
       20.732785463043463
      ],
      [
       86.87081302593411,
       20.732874889028157
      ],
      [
       86.87100481894038,
       20.733236469461872
      ],
      [
       86.87129296846122,
       20.73323668527801
      ],
      [
       86.87186903938652,
       20.733508192679817
      ],
      [
       86.87196493742812,
       20.733688982331426
      ],
      [
       86.87254116256295,
       20.73377976934478
      ],
      [
       86.87263683480496,
       20.73423163582385
      ],
      [
       86.87330851139276,
       20.735045363866963
      ],
      [
       86.87340426182782,
       20.735406870812724
      ],
      [
       86.8741721487908,
       20.73603994798036
      ],
      [
       86.8743642520321,
       20.73604008839282
      ],
      [
       86.87455613189876,
       20.736311305748178
      ]
     ],
     [
      [
       86.8661051651474,
       20.73449775339551
      ],
      [
       86.86687364910414,
       20.734407990708327
      ],
      [
       86.86745010982669,
       20.734227717627498
      ],
      [
       86.86745026716304,
       20.73404699953048
      ],
      [
       86.86802656919458,
       20.734047442603845
      ],
      [
       86.86821882629772,
       20.733866871759517
      ],
      [
       86.86850697697963,
       20.73386709224837
      ],
      [
       86.86860318317267,
       20.733686447524395
      ],
      [
       86.86889133351757,
       20.733686667367635
      ],
      [
       86.86937204924922,
       20.73314487832204
      ],
      [
       86.86975624835516,
       20.733145169614758
      ],
      [
       86.86975640294531,
       20.732964451478246
      ],
      [
       86.86937220429542,
       20.73296416018829
      ],
      [
       86.86927599947379,
       20.733144805364795
      ],
      [
       86.8687958284681,
       20.73305408070989
      ],
      [
       86.86850752324845,
       20.733234578838676
      ],
      [
       86.86754694637314,
       20.73332420108126
      ],
      [
       86.86745073916201,
       20.733504845216643
      ],
      [
       86.86687443919779,
       20.73350440022537
      ],
      [
       86.86649008075871,
       20.73368482059336
      ],
      [
       86.86581773003353,
       20.73368429749041
      ],
      [
       86.86504900886223,
       20.73404513261085
      ],
      [
       86.8654328907096,
       20.734406869730844
      ],
      [
       86.86562507157568,
       20.734316660852254
      ],
      [
       86.8661051651474,
       20.73449775339551
      ]
     ],
     [
      [
       86.86408834428994,
       20.73422509453031
      ],
      [
       86.86428036461363,
       20.734315605226648
      ],
      [
       86.86428044516363,
       20.7342252461913
      ],
      [
       86.86408834428994,
       20.73422509453031
      ]
     ],
     [
      [
       86.86380051631845,
       20.733863430492935
      ],
      [
       86.86389640497272,
       20.734044224584142
      ],
      [
       86.86389656652575,
       20.733863506509685
      ],
      [
       86.86380051631845,
       20.733863430492935
      ]
     ],
     [
      [
       86.87965280548238,
       20.728815136936312
      ],
      [
       86.87984482835613,
       20.728905630330793
      ],
      [
       86.87984489964826,
       20.728815271183578
      ],
      [
       86.87965280548238,
       20.728815136936312
      ]
     ],
     [
      [
       86.89146975444655,
       20.72439539301074
      ],
      [
       86.89156567013612,
       20.724576172013077
      ],
      [
       86.89156579878198,
       20.72439545355271
      ],
      [
       86.89146975444655,
       20.72439539301074
      ]
     ],
     [
      [
       86.84949895275464,
       20.723821651963004
      ],
      [
       86.84959517500096,
       20.723641017750225
      ],
      [
       86.84969104038288,
       20.723821819835116
      ],
      [
       86.85007521564509,
       20.723822154936165
      ],
      [
       86.85036352461765,
       20.723641687517166
      ],
      [
       86.84988357323599,
       20.72337019204067
      ],
      [
       86.84949922057349,
       20.723550574699328
      ],
      [
       86.84949895275464,
       20.723821651963004
      ]
     ],
     [
      [
       86.89060626390169,
       20.723129816432646
      ],
      [
       86.89108648157872,
       20.723130120998256
      ],
      [
       86.89127869762861,
       20.722949523960338
      ],
      [
       86.8912792135214,
       20.72222664996649
      ],
      [
       86.89156759967935,
       20.72186539470934
      ],
      [
       86.89041541179678,
       20.721412868482258
      ],
      [
       86.89012689344361,
       20.72195484032615
      ],
      [
       86.89012643726078,
       20.722587355069653
      ],
      [
       86.8902222851107,
       20.72285849409008
      ],
      [
       86.89060626390169,
       20.723129816432646
      ]
     ],
     [
      [
       86.85133224948167,
       20.715148760697968
      ],
      [
       86.85219659469499,
       20.71514950492921
      ],
      [
       86.85286903768927,
       20.71496936239109
      ],
      [
       86.85306128842642,
       20.714788808045046
      ],
      [
       86.85306181113256,
       20.71424665285272
      ],
      [
       86.85325414772657,
       20.713975739064715
      ],
      [
       86.85306224670819,
       20.71379485683305
      ],
      [
       86.8526780966748,
       20.71379452855142
      ],
      [
       86.85258232136144,
       20.713523368729753
      ],
      [
       86.85200609735307,
       20.713522874385827
      ],
      [
       86.85171824908208,
       20.7132515488754
      ],
      [
       86.85133410044143,
       20.713251217603286
      ],
      [
       86.85133348347799,
       20.713883732014633
      ],
      [
       86.85104484093769,
       20.71442563815544
      ],
      [
       86.85085267671563,
       20.71451583105645
      ],
      [
       86.8508523230027,
       20.71487726780763
      ],
      [
       86.85133224948167,
       20.715148760697968
      ]
     ],
     [
      [
       86.86400931632652,
       20.715159241175396
      ],
      [
       86.86564204909793,
       20.71507016384085
      ],
      [
       86.86593040266393,
       20.7147993107183
      ],
      [
       86.86602691744501,
       20.714257229986323
      ],
      [
       86.86631503100946,
       20.71425745394442
      ],
      [
       86.8665074232976,
       20.71389616595994
      ],
      [
       86.8665077398672,
       20.713534728922756
      ],
      [
       86.86679608898186,
       20.713263874277775
      ],
      [
       86.86698887312859,
       20.71245078934123
      ],
      [
       86.86689338875989,
       20.711818200183075
      ],
      [
       86.86670147415762,
       20.711637333031465
      ],
      [
       86.8667021853096,
       20.710824099456843
      ],
      [
       86.86651066781448,
       20.710191435609858
      ],
      [
       86.8656465094577,
       20.710010044809188
      ],
      [
       86.86497458337095,
       20.709648081805344
      ],
      [
       86.86363009416874,
       20.709647022299386
      ],
      [
       86.86324579229395,
       20.709827436232917
      ],
      [
       86.8619011378933,
       20.710007081783633
      ],
      [
       86.86170890363117,
       20.71018764619605
      ],
      [
       86.86103665673224,
       20.71018710499287
      ],
      [
       86.86065226786006,
       20.710457872373926
      ],
      [
       86.86017209067188,
       20.710457483116667
      ],
      [
       86.85969224616663,
       20.71009565544221
      ],
      [
       86.85969266199639,
       20.709643859073168
      ],
      [
       86.85940455723244,
       20.70964362408272
      ],
      [
       86.85930868909617,
       20.709462827094182
      ],
      [
       86.85844429195294,
       20.709552478028137
      ],
      [
       86.85796361252025,
       20.710094238235467
      ],
      [
       86.85777154212408,
       20.710094079696855
      ],
      [
       86.85767483201246,
       20.710816874425458
      ],
      [
       86.85786681906607,
       20.71090739233349
      ],
      [
       86.85786665055979,
       20.711088110843193
      ],
      [
       86.85825062580781,
       20.71126914601741
      ],
      [
       86.85853839820204,
       20.711630819967198
      ],
      [
       86.8589224592513,
       20.711721494393608
      ],
      [
       86.85921031755525,
       20.711992807966496
      ],
      [
       86.85949842675679,
       20.711993043307377
      ],
      [
       86.85959429669062,
       20.712173840147635
      ],
      [
       86.86055424853761,
       20.712626416860306
      ],
      [
       86.86084161646838,
       20.713439883164927
      ],
      [
       86.86132139198182,
       20.713892066809752
      ],
      [
       86.86132122754523,
       20.714072785283697
      ],
      [
       86.8615133029843,
       20.714072939891214
      ],
      [
       86.86199308248334,
       20.714525121653608
      ],
      [
       86.86266526711808,
       20.71461601846614
      ],
      [
       86.86295313755846,
       20.714887325758998
      ],
      [
       86.86343332875882,
       20.714887707338786
      ],
      [
       86.86400931632652,
       20.715159241175396
      ]
     ],
     [
      [
       86.85296638354,
       20.71361405642927
      ],
      [
       86.85306233382191,
       20.71370449762627
      ],
      [
       86.85306242093516,
       20.713614138418546
      ],
      [
       86.85296638354,
       20.71361405642927
      ]
     ],
     [
      [
       86.85287052059815,
       20.71343325596969
      ],
      [
       86.85296638354,
       20.71361405642927
      ],
      [
       86.85296655787899,
       20.71343333801176
      ],
      [
       86.85287052059815,
       20.71343325596969
      ]
     ]
    ]
   },
   "properties": {
    "id": "P01",
    "area_ha": 4350.410000048539,
    "quality": 0.9976098822759999,
    "confidence": 0.9976098822759999,
    "habitat_class": "mangrove",
    "name": null,
    "protected": false,
    "perimeter_km": 52.493096824041736,
    "bbox": [
     20.687588667342244,
     86.8252137731174,
     20.758746258074776,
     86.92622416089412
    ],
    "extra": {
     "pixel_count": 435041,
     "label_value": 51,
     "centroid_pixel": [
      927.83756013801,
      1251.1161522707055
     ]
    },
    "centroid_lat": 20.72703480328586,
    "centroid_lon": 86.86892948181053,
    "criticality_rank": 1,
    "criticality_score": 0.62405768092529,
    "delta_connectivity": 0.005507047833865466,
    "delta_pct": 62.405768092528994,
    "degree": 1,
    "is_cut_vertex": false,
    "component_count_after": 3,
    "rank_by_area": 1,
    "criticality_level": "critical"
   }
  },
  {
   "type": "Feature",
   "id": "P02",
   "geometry": {
    "type": "Polygon",
    "coordinates": [
     [
      [
       86.93930487298303,
       20.71185895191531
      ],
      [
       86.93671192364653,
       20.711767658880532
      ],
      [
       86.9363278909198,
       20.71149643883958
      ],
      [
       86.93479123253213,
       20.71167658271116
      ],
      [
       86.93431116720687,
       20.71140532178207
      ],
      [
       86.93315881137472,
       20.711224159332858
      ],
      [
       86.93277482620964,
       20.71086257189802
      ],
      [
       86.93171851213272,
       20.710681437281245
      ],
      [
       86.93066236498703,
       20.710138858287987
      ],
      [
       86.92960605847371,
       20.709957710718324
      ],
      [
       86.92960614192435,
       20.70977699176309
      ],
      [
       86.92931803625807,
       20.709776873744687
      ],
      [
       86.92903005679273,
       20.709505676807673
      ],
      [
       86.92864591659327,
       20.70950551805952
      ],
      [
       86.9285500085947,
       20.709234399796305
      ],
      [
       86.92816591166033,
       20.70914388049737
      ],
      [
       86.92806996210797,
       20.708963121443155
      ],
      [
       86.9270136668696,
       20.708781957979145
      ],
      [
       86.92634168668769,
       20.708239514833267
      ],
      [
       86.92595754970155,
       20.70823935009751
      ],
      [
       86.92566957912825,
       20.707968147518695
      ],
      [
       86.92528548711354,
       20.707877621796438
      ],
      [
       86.92499760732362,
       20.707425699102128
      ],
      [
       86.9245174834051,
       20.70733512981525
      ],
      [
       86.92432555060607,
       20.707063967038643
      ],
      [
       86.92346143053864,
       20.70670214709425
      ],
      [
       86.9232695004148,
       20.706430983129106
      ],
      [
       86.92298140111275,
       20.70643085452857
      ],
      [
       86.92211747245986,
       20.705707589818626
      ],
      [
       86.9213492579344,
       20.705616881180664
      ],
      [
       86.92106125374282,
       20.705436030361817
      ],
      [
       86.92038902646348,
       20.705435720938848
      ],
      [
       86.9195250680879,
       20.704802802709402
      ],
      [
       86.91866077949574,
       20.70480239670066
      ],
      [
       86.91798884663616,
       20.704259920863127
      ],
      [
       86.91626032531478,
       20.704168729602735
      ],
      [
       86.91587639807025,
       20.703807104374285
      ],
      [
       86.91539634118186,
       20.703626150164755
      ],
      [
       86.91520447952975,
       20.70326461766024
      ],
      [
       86.91501241735473,
       20.70326452299947
      ],
      [
       86.91501261878483,
       20.70290308493
      ],
      [
       86.91472442515123,
       20.703083661575267
      ],
      [
       86.91472462726196,
       20.702722223500928
      ],
      [
       86.91395638131048,
       20.70272184144212
      ],
      [
       86.91366849369315,
       20.702360259207172
      ],
      [
       86.91270818856263,
       20.70235977521813
      ],
      [
       86.9121323178665,
       20.701817325129383
      ],
      [
       86.91222845204219,
       20.70163665503917
      ],
      [
       86.9119405705714,
       20.701275069892667
      ],
      [
       86.91194088360294,
       20.700732912701774
      ],
      [
       86.91318931836696,
       20.700643186819143
      ],
      [
       86.91318952408955,
       20.700281748657094
      ],
      [
       86.91338173644674,
       20.70001076670439
      ],
      [
       86.91328601564184,
       20.699468561101853
      ],
      [
       86.91347817554121,
       20.699287938565675
      ],
      [
       86.91357456251072,
       20.698655469869983
      ],
      [
       86.9136706929733,
       20.698474798895482
      ],
      [
       86.91395877717875,
       20.698474943018724
      ],
      [
       86.914150935028,
       20.69829431970407
      ],
      [
       86.91424721697192,
       20.697842569689943
      ],
      [
       86.9144392723155,
       20.697842665180122
      ],
      [
       86.91453519873458,
       20.698023431985384
      ],
      [
       86.91472750686928,
       20.697571729294793
      ],
      [
       86.91511156659605,
       20.697662278562728
      ],
      [
       86.9152074937007,
       20.697843044999807
      ],
      [
       86.91597571510313,
       20.697843421393845
      ],
      [
       86.91607139476,
       20.698475985202418
      ],
      [
       86.91626335170116,
       20.698656797797
      ],
      [
       86.91635952853292,
       20.69838576574181
      ],
      [
       86.91655158457094,
       20.698385858879515
      ],
      [
       86.91664751383693,
       20.698566624507016
      ],
      [
       86.91683961936714,
       20.698476357755005
      ],
      [
       86.91712691808898,
       20.699922249586926
      ],
      [
       86.91731897606539,
       20.699922341875656
      ],
      [
       86.91760735589955,
       20.699380322551143
      ],
      [
       86.91779936449909,
       20.699470773864096
      ],
      [
       86.91827994373111,
       20.698657766202103
      ],
      [
       86.91914429328932,
       20.698477454858217
      ],
      [
       86.91914414959508,
       20.698748533579344
      ],
      [
       86.91952831028335,
       20.698658353861287
      ],
      [
       86.92020017676217,
       20.69929118355203
      ],
      [
       86.92048826255726,
       20.699291316761364
      ],
      [
       86.9205841029674,
       20.699652799328998
      ],
      [
       86.9210642471033,
       20.699653020010505
      ],
      [
       86.92144812973501,
       20.700104993419746
      ],
      [
       86.92173621707592,
       20.70010512454703
      ],
      [
       86.9221199182757,
       20.700918534677008
      ],
      [
       86.92231216163678,
       20.700557183169455
      ],
      [
       86.92250403678578,
       20.700918707914838
      ],
      [
       86.9225042663494,
       20.700466910118486
      ],
      [
       86.922696325037,
       20.700466996414143
      ],
      [
       86.92269614184174,
       20.700828434654756
      ],
      [
       86.9228881552998,
       20.70091888029611
      ],
      [
       86.9228878811808,
       20.701461037625382
      ],
      [
       86.92327204652373,
       20.70137084960168
      ],
      [
       86.92327213744207,
       20.70119013049218
      ],
      [
       86.92375228644839,
       20.701190343696602
      ],
      [
       86.9237523767968,
       20.701009624581296
      ],
      [
       86.92423252524023,
       20.701009836445323
      ],
      [
       86.92423243546075,
       20.701190555562647
      ],
      [
       86.92480870338026,
       20.701010088915513
      ],
      [
       86.9248085697348,
       20.70128116759369
      ],
      [
       86.92432842043074,
       20.7012809573327
      ],
      [
       86.9243281514265,
       20.701823114657465
      ],
      [
       86.92452021183014,
       20.701823198924867
      ],
      [
       86.92452034599197,
       20.701552120265553
      ],
      [
       86.92548064631767,
       20.701552538384398
      ],
      [
       86.92605669509366,
       20.701823865354797
      ],
      [
       86.92538399734617,
       20.70281753050906
      ],
      [
       86.9254792775139,
       20.704353684181243
      ],
      [
       86.9256712970648,
       20.704444126701883
      ],
      [
       86.92567068041093,
       20.70570915998141
      ],
      [
       86.92538249401807,
       20.70588975442544
      ],
      [
       86.9252861955902,
       20.70643186983828
      ],
      [
       86.9255742066948,
       20.70661271359244
      ],
      [
       86.92557411847908,
       20.706793432597866
      ],
      [
       86.9261503184901,
       20.70679368064662
      ],
      [
       86.9261504497889,
       20.70652260213351
      ],
      [
       86.92653475660255,
       20.706161328392124
      ],
      [
       86.92672682247986,
       20.706161410215504
      ],
      [
       86.92653480013976,
       20.70607096888128
      ],
      [
       86.92653510489376,
       20.70543845227892
      ],
      [
       86.92634312722603,
       20.70525765120748
      ],
      [
       86.9266317895292,
       20.704083100337233
      ],
      [
       86.92691984111511,
       20.704173582350386
      ],
      [
       86.92682363598003,
       20.704534979696408
      ],
      [
       86.92720772050605,
       20.704625502000734
      ],
      [
       86.9273035370853,
       20.70507734018932
      ],
      [
       86.92759163385843,
       20.705077461551955
      ],
      [
       86.92759154804087,
       20.705258180597774
      ],
      [
       86.9279756348487,
       20.705348701188765
      ],
      [
       86.92826381716014,
       20.70516810238205
      ],
      [
       86.92835972211526,
       20.705439220923584
      ],
      [
       86.92855178709075,
       20.705439300709052
      ],
      [
       86.92855187177106,
       20.705258581663216
      ],
      [
       86.92874385206716,
       20.70543938028034
      ],
      [
       86.92883996889456,
       20.705258700938693
      ],
      [
       86.92903199158918,
       20.705349139712276
      ],
      [
       86.92903207569995,
       20.705168420662645
      ],
      [
       86.92922414033717,
       20.705168499697336
      ],
      [
       86.92922401451213,
       20.705439578271474
      ],
      [
       86.92903194953347,
       20.705439499235666
      ],
      [
       86.92893583281854,
       20.705620178681
      ],
      [
       86.92874380984048,
       20.70552973980222
      ],
      [
       86.92874364093153,
       20.705891177880254
      ],
      [
       86.92855149070253,
       20.706071817339655
      ],
      [
       86.92874334533212,
       20.70652369448035
      ],
      [
       86.92874313418291,
       20.706975492023428
      ],
      [
       86.92855094023778,
       20.707246490959044
      ],
      [
       86.92874292302805,
       20.70742728954281
      ],
      [
       86.92912701598786,
       20.707517807561178
      ],
      [
       86.92931920925476,
       20.707246807989193
      ],
      [
       86.92960731013982,
       20.707246925991893
      ],
      [
       86.92970342709205,
       20.707066246206562
      ],
      [
       86.9303756204399,
       20.707156878802397
      ],
      [
       86.9305678110349,
       20.706885877817946
      ],
      [
       86.93075987784185,
       20.70688595514613
      ],
      [
       86.9307599599114,
       20.70670523612203
      ],
      [
       86.9311440114584,
       20.706886109159885
      ],
      [
       86.93143211167309,
       20.706886224107922
      ],
      [
       86.93172033328634,
       20.70661526003094
      ],
      [
       86.93220041910303,
       20.706796168765432
      ],
      [
       86.93220049946474,
       20.706615449733988
      ],
      [
       86.9325847522693,
       20.70634452197609
      ],
      [
       86.93229681356186,
       20.70598297087278
      ],
      [
       86.93210470765004,
       20.706073254784474
      ],
      [
       86.93210482835785,
       20.705802176213687
      ],
      [
       86.93200871504868,
       20.705982857376036
      ],
      [
       86.9318166493743,
       20.70598278144379
      ],
      [
       86.93181677059364,
       20.705711702871778
      ],
      [
       86.93162474578145,
       20.705621267200886
      ],
      [
       86.93162482682047,
       20.705440548146974
      ],
      [
       86.93143276183073,
       20.705440471788517
      ],
      [
       86.93143288372909,
       20.70516939320163
      ],
      [
       86.93181709383572,
       20.704988826638065
      ],
      [
       86.93181717464408,
       20.704808107570162
      ],
      [
       86.93210523070316,
       20.70489858091614
      ],
      [
       86.9327776947982,
       20.704356687370794
      ],
      [
       86.93277797362974,
       20.703724170557575
      ],
      [
       86.93297019533546,
       20.7033628072087
      ],
      [
       86.93277813295735,
       20.70336273235775
      ],
      [
       86.93277805329397,
       20.70354345145956
      ],
      [
       86.93248995938701,
       20.70354333878051
      ],
      [
       86.93249003939182,
       20.703362619679766
      ],
      [
       86.93210583418075,
       20.70354318779218
      ],
      [
       86.93210603532916,
       20.703091390036832
      ],
      [
       86.93229809736285,
       20.703091465636273
      ],
      [
       86.9322982177079,
       20.702820386970618
      ],
      [
       86.93210615601562,
       20.70282031137225
      ],
      [
       86.93191397329633,
       20.70309131422322
      ],
      [
       86.93162592076224,
       20.703000840548246
      ],
      [
       86.93143377759048,
       20.70318148330394
      ],
      [
       86.93076156009172,
       20.70318121439458
      ],
      [
       86.9304732196972,
       20.70372325562391
      ],
      [
       86.93047330209278,
       20.7035425365346
      ],
      [
       86.93018524956965,
       20.703452060455007
      ],
      [
       86.93028148736259,
       20.70300030161029
      ],
      [
       86.92989752969086,
       20.702638707492273
      ],
      [
       86.92989773737185,
       20.702186909710594
      ],
      [
       86.93028185914402,
       20.702187065613643
      ],
      [
       86.93057011502312,
       20.701825743731217
      ],
      [
       86.93095423589111,
       20.701825898132263
      ],
      [
       86.93114650029915,
       20.701374177175285
      ],
      [
       86.93210671919346,
       20.7015552774915
      ],
      [
       86.93220266890532,
       20.70173603445248
      ],
      [
       86.93277884988936,
       20.701736260270987
      ],
      [
       86.93306705935416,
       20.701465293744928
      ],
      [
       86.93316324774482,
       20.701103892735432
      ],
      [
       86.9333553072797,
       20.7011039671492
      ],
      [
       86.93345121876287,
       20.70137508300184
      ],
      [
       86.93421945827802,
       20.701375378091452
      ],
      [
       86.9342195362243,
       20.70119465893889
      ],
      [
       86.9345077421104,
       20.700923689975593
      ],
      [
       86.93469980142358,
       20.70092376288969
      ],
      [
       86.93489197645883,
       20.70065275684153
      ],
      [
       86.93518006491935,
       20.70065286548841
      ],
      [
       86.93527617109793,
       20.700472182425447
      ],
      [
       86.93518056413775,
       20.699478190808012
      ],
      [
       86.93498858367032,
       20.699297399239647
      ],
      [
       86.93498869920974,
       20.69902632043987
      ],
      [
       86.93518075613558,
       20.699026392811387
      ],
      [
       86.93537292791716,
       20.698755386158435
      ],
      [
       86.93556494633235,
       20.698845817705443
      ],
      [
       86.93566070787818,
       20.699478370804343
      ],
      [
       86.93642893787347,
       20.699478656014893
      ],
      [
       86.93652489141613,
       20.699659410622107
      ],
      [
       86.93681297800964,
       20.699659516533227
      ],
      [
       86.93710095281595,
       20.69993070075365
      ],
      [
       86.93719709347046,
       20.699659656998623
      ],
      [
       86.93738915120205,
       20.699659726910138
      ],
      [
       86.9372931966336,
       20.69947897278169
      ],
      [
       86.93748532820715,
       20.699298323381566
      ],
      [
       86.93777341412397,
       20.699298427684777
      ],
      [
       86.93806146334946,
       20.699388891109628
      ],
      [
       86.93806131657503,
       20.69975032951383
      ],
      [
       86.93834929377786,
       20.700021511650636
      ],
      [
       86.93873344645782,
       20.699931289094735
      ],
      [
       86.93892535980598,
       20.700292795681563
      ],
      [
       86.93988551003092,
       20.700654571852173
      ],
      [
       86.94007756902505,
       20.700654638769453
      ],
      [
       86.93998171731606,
       20.70020280736116
      ],
      [
       86.94027022957887,
       20.699118592248055
      ],
      [
       86.94113452123311,
       20.69902853012685
      ],
      [
       86.94161462902426,
       20.699119053137032
      ],
      [
       86.94161455984833,
       20.699299772358508
      ],
      [
       86.94190261137227,
       20.699390229366138
      ],
      [
       86.94209470308512,
       20.69929993442061
      ],
      [
       86.94209463447734,
       20.699480653639846
      ],
      [
       86.94228669200089,
       20.699480718090587
      ],
      [
       86.94238285729513,
       20.699119311791577
      ],
      [
       86.94219086871885,
       20.69893852822199
      ],
      [
       86.94219097145628,
       20.698667449374216
      ],
      [
       86.94238302795624,
       20.698667513715147
      ],
      [
       86.94247912435588,
       20.698486826567823
      ],
      [
       86.94228706808312,
       20.698486762334554
      ],
      [
       86.94219110843697,
       20.69830601089726
      ],
      [
       86.94219131390248,
       20.697763853153404
      ],
      [
       86.94190316203141,
       20.697944475495973
      ],
      [
       86.94171117550005,
       20.697763691372028
      ],
      [
       86.9415190854984,
       20.69785398591007
      ],
      [
       86.94142326595232,
       20.69731179552115
      ],
      [
       86.94161545907762,
       20.696950422183782
      ],
      [
       86.94228764925748,
       20.696950648668007
      ],
      [
       86.94247963545305,
       20.69713143216579
      ],
      [
       86.94267169002005,
       20.697131496180372
      ],
      [
       86.94276778510573,
       20.696950808836757
      ],
      [
       86.9434399753009,
       20.696951030825023
      ],
      [
       86.94344031031798,
       20.696047434404555
      ],
      [
       86.94276832749478,
       20.695505054535445
      ],
      [
       86.94257627497501,
       20.695504990633378
      ],
      [
       86.94248035092005,
       20.695233879644952
      ],
      [
       86.94296051515025,
       20.695143679609014
      ],
      [
       86.94296065028234,
       20.694782240979443
      ],
      [
       86.94324872769943,
       20.69478233610641
      ],
      [
       86.94344084630796,
       20.69460167993483
      ],
      [
       86.94334488772473,
       20.69442092906123
      ],
      [
       86.94353713952343,
       20.693878834102485
      ],
      [
       86.9433451897075,
       20.693607692049785
      ],
      [
       86.94334532391738,
       20.69324625335341
      ],
      [
       86.94353740703474,
       20.693155956714914
      ],
      [
       86.9439213733232,
       20.69351752085243
      ],
      [
       86.94382521523761,
       20.693878928261668
      ],
      [
       86.94401723255925,
       20.693969350436813
      ],
      [
       86.94420898576809,
       20.69478264971769
      ],
      [
       86.94449706319214,
       20.69478274275749
      ],
      [
       86.94440051048831,
       20.696228466260948
      ],
      [
       86.94420845705243,
       20.696228404176175
      ],
      [
       86.94420842400619,
       20.69631876382178
      ],
      [
       86.94430428583148,
       20.696770593105636
      ],
      [
       86.94449633995028,
       20.696770655085135
      ],
      [
       86.94449620844257,
       20.697132093640924
      ],
      [
       86.94478425759792,
       20.697222545847527
      ],
      [
       86.94478415947671,
       20.697493624752898
      ],
      [
       86.94526416736154,
       20.69785521649814
      ],
      [
       86.9451683020184,
       20.697403387797266
      ],
      [
       86.94584046215383,
       20.697493960059777
      ],
      [
       86.9459365537201,
       20.697313270948293
      ],
      [
       86.94622463593126,
       20.69731336111017
      ],
      [
       86.94622473149174,
       20.697042282192616
      ],
      [
       86.9460327409591,
       20.696861502856542
      ],
      [
       86.94555257311396,
       20.6969517114285
      ],
      [
       86.9457446596022,
       20.696861412375675
      ],
      [
       86.94574475601333,
       20.696590333446057
      ],
      [
       86.94545673978439,
       20.696409523194504
      ],
      [
       86.94545690131761,
       20.69595772495223
      ],
      [
       86.94574507737258,
       20.695686736952457
      ],
      [
       86.94641726203186,
       20.695686947312154
      ],
      [
       86.94670493079786,
       20.696861712105267
      ],
      [
       86.9470890392809,
       20.69686183049846
      ],
      [
       86.94718512896993,
       20.696681140673228
      ],
      [
       86.94718503511788,
       20.696952219606384
      ],
      [
       86.94756908171796,
       20.69713305621483
      ],
      [
       86.94776101252882,
       20.697494553115934
      ],
      [
       86.94920142535373,
       20.697494983857784
      ],
      [
       86.9495854757198,
       20.697675815967848
      ],
      [
       86.94958529653569,
       20.698217973783656
      ],
      [
       86.94977729299141,
       20.698398749144815
      ],
      [
       86.94977720373754,
       20.69866982803505
      ],
      [
       86.94948902918095,
       20.698940822688883
      ],
      [
       86.94939252105408,
       20.700386548389154
      ],
      [
       86.9497765789203,
       20.700567380028048
      ],
      [
       86.94968022152325,
       20.701561307640908
      ],
      [
       86.94987222229116,
       20.70174208283504
      ],
      [
       86.95054443367968,
       20.701742277147194
      ],
      [
       86.95073655245348,
       20.70156161298568
      ],
      [
       86.95073649407783,
       20.70174233218312
      ],
      [
       86.95092858355069,
       20.701652027406393
      ],
      [
       86.9510244395878,
       20.70219421231447
      ],
      [
       86.95121650055647,
       20.702194266816328
      ],
      [
       86.9511204121494,
       20.70237495877739
      ],
      [
       86.95160053646492,
       20.702465453955927
      ],
      [
       86.95160062249566,
       20.702194375177577
      ],
      [
       86.95179274059164,
       20.702013709846163
      ],
      [
       86.95179279771651,
       20.701832990651557
      ],
      [
       86.95160073720116,
       20.701832936793192
      ],
      [
       86.95169702502508,
       20.701019727327697
      ],
      [
       86.95150487933873,
       20.701290752179467
      ],
      [
       86.95102472976073,
       20.701290616332823
      ],
      [
       86.95112090447218,
       20.70083884558223
      ],
      [
       86.95092904871531,
       20.700206273701436
      ],
      [
       86.95131313680186,
       20.700296742307927
      ],
      [
       86.95188939805139,
       20.700025825343488
      ],
      [
       86.95188931254373,
       20.70029690419118
      ],
      [
       86.9516972539625,
       20.700296850444225
      ],
      [
       86.95169719672907,
       20.700477569670777
      ],
      [
       86.95140902215365,
       20.700748567479646
      ],
      [
       86.95150499426566,
       20.700929313757698
      ],
      [
       86.95198514270963,
       20.70092944826339
      ],
      [
       86.95198519960324,
       20.70074872904555
      ],
      [
       86.95227334488173,
       20.700568089883394
      ],
      [
       86.95227354280769,
       20.699935572575175
      ],
      [
       86.95208151306866,
       20.6998451596385
      ],
      [
       86.95208156984484,
       20.69966444039767
      ],
      [
       86.95227368417883,
       20.699483774469464
      ],
      [
       86.95246602333106,
       20.698580231286765
      ],
      [
       86.95304222041571,
       20.69849002966692
      ],
      [
       86.95294624800864,
       20.698309284193588
      ],
      [
       86.9532344152404,
       20.698038283722244
      ],
      [
       86.9532344983475,
       20.697767204798232
      ],
      [
       86.95342658133616,
       20.69767689718173
      ],
      [
       86.95352271910387,
       20.697315484530925
      ],
      [
       86.9552517427259,
       20.695508748974554
      ],
      [
       86.95573190035276,
       20.69541851333557
      ],
      [
       86.95621213521865,
       20.69505719733608
      ],
      [
       86.95698031772845,
       20.695147750532737
      ],
      [
       86.9571723191087,
       20.695328517726402
      ],
      [
       86.95803655464532,
       20.695328730383466
      ],
      [
       86.95803660435382,
       20.695148011033158
      ],
      [
       86.95880481281878,
       20.695148196420615
      ],
      [
       86.95899681636533,
       20.695328961584803
      ],
      [
       86.95986107569817,
       20.695238805413407
      ],
      [
       86.96014910684329,
       20.695419591638053
      ],
      [
       86.96110939219474,
       20.695329451389146
      ],
      [
       86.96274179305966,
       20.69551053148965
      ],
      [
       86.96293388955016,
       20.69532985355642
      ],
      [
       86.9629339554109,
       20.69505877451351
      ],
      [
       86.96274190339692,
       20.695058733090523
      ],
      [
       86.96264592163791,
       20.694877992932668
      ],
      [
       86.96360624523857,
       20.69460711938094
      ],
      [
       86.96370235695261,
       20.69424570087786
      ],
      [
       86.96418254807355,
       20.69397472227297
      ],
      [
       86.96399079598017,
       20.692709646423477
      ],
      [
       86.96360676251835,
       20.692438486600874
      ],
      [
       86.96322259974572,
       20.69270948417676
      ],
      [
       86.963030594475,
       20.692528723663848
      ],
      [
       86.9627425212309,
       20.692528661617917
      ],
      [
       86.96274256535834,
       20.69234794219861
      ],
      [
       86.96197452858254,
       20.691715256398084
      ],
      [
       86.96197457361765,
       20.69153453696332
      ],
      [
       86.9615905012112,
       20.69144409205998
      ],
      [
       86.96159041023117,
       20.69180553092786
      ],
      [
       86.96091814995282,
       20.692166818641816
      ],
      [
       86.96101412796354,
       20.692347559813054
      ],
      [
       86.96024602774597,
       20.69198594545949
      ],
      [
       86.96024591003643,
       20.692437744006316
      ],
      [
       86.95995776583455,
       20.692708756421034
      ],
      [
       86.95957366773678,
       20.692708666735847
      ],
      [
       86.95957357197311,
       20.69307010554193
      ],
      [
       86.95938145030475,
       20.693341139471386
      ],
      [
       86.95947723523608,
       20.694244759000174
      ],
      [
       86.9590931332738,
       20.69424466823742
      ],
      [
       86.95899701064623,
       20.69460608415205
      ],
      [
       86.95880503240558,
       20.694334959289424
      ],
      [
       86.95890120399653,
       20.693792824090306
      ],
      [
       86.95870922694691,
       20.693521699097364
      ],
      [
       86.95880539836006,
       20.692979563900312
      ],
      [
       86.95861337348246,
       20.692889158179845
      ],
      [
       86.95861342250139,
       20.692708438777082
      ],
      [
       86.95832532425332,
       20.6927987290475
      ],
      [
       86.95813332468218,
       20.692617963088765
      ],
      [
       86.95803705170636,
       20.693521536709923
      ],
      [
       86.95755690140238,
       20.693611778805607
      ],
      [
       86.95717297858546,
       20.692979165903246
      ],
      [
       86.95698092920276,
       20.692979118063334
      ],
      [
       86.9566927525404,
       20.69334048468352
      ],
      [
       86.95640467778622,
       20.693340412039316
      ],
      [
       86.95640475524023,
       20.69306933295572
      ],
      [
       86.95621270574601,
       20.693069284259376
      ],
      [
       86.955924788116,
       20.692527052624254
      ],
      [
       86.95506051524701,
       20.69270754880148
      ],
      [
       86.95496459740906,
       20.692346084931877
      ],
      [
       86.95410056906954,
       20.691713338969244
      ],
      [
       86.95371647350724,
       20.69171323623266
      ],
      [
       86.95333223976877,
       20.69216493115972
      ],
      [
       86.95304416724741,
       20.69216485290147
      ],
      [
       86.95294825452685,
       20.691803387896414
      ],
      [
       86.95246816294608,
       20.69171289642603
      ],
      [
       86.95246830367967,
       20.691261097888173
      ],
      [
       86.95189219054559,
       20.691170578298518
      ],
      [
       86.95189193415321,
       20.691983815651284
      ],
      [
       86.95131550150096,
       20.692887250799824
      ],
      [
       86.9506433583539,
       20.692796699883953
      ],
      [
       86.94997100861569,
       20.693338664163672
      ],
      [
       86.94949088407817,
       20.693338524092823
      ],
      [
       86.94939479923163,
       20.69351921528422
      ],
      [
       86.94910675431076,
       20.69342877075603
      ],
      [
       86.9490106387551,
       20.69369982141041
      ],
      [
       86.94843445741637,
       20.693790009629176
      ],
      [
       86.94833830984162,
       20.694151419568648
      ],
      [
       86.94853033019295,
       20.69424183671809
      ],
      [
       86.94853023874309,
       20.694512915733753
      ],
      [
       86.94891443209097,
       20.694241951027756
      ],
      [
       86.9490106085573,
       20.693790181089597
      ],
      [
       86.94949073451254,
       20.693790322501645
      ],
      [
       86.94987474622074,
       20.69406151370354
      ],
      [
       86.95045086905441,
       20.69415204002746
      ],
      [
       86.95045081036317,
       20.694332759379442
      ],
      [
       86.95006667865404,
       20.694423008168286
      ],
      [
       86.95006650121069,
       20.694965166192638
      ],
      [
       86.94987441965932,
       20.69505547009424
      ],
      [
       86.94987433059377,
       20.695326549089998
      ],
      [
       86.94968221867093,
       20.695507212434553
      ],
      [
       86.94929811358281,
       20.69550709982989
      ],
      [
       86.94910597060677,
       20.695778122184777
      ],
      [
       86.9482417019787,
       20.695868224382714
      ],
      [
       86.94804958744311,
       20.696048885890004
      ],
      [
       86.94776153855256,
       20.695958439131072
      ],
      [
       86.94776147666991,
       20.69613915843761
      ],
      [
       86.94728137456163,
       20.696048652539083
      ],
      [
       86.94718566076975,
       20.695145026557675
      ],
      [
       86.94747383222241,
       20.69487403563081
      ],
      [
       86.94737786868502,
       20.69469328699801
      ],
      [
       86.9470897914161,
       20.69469319877518
      ],
      [
       86.94699392262714,
       20.694241370916895
      ],
      [
       86.94756998230332,
       20.694512626209352
      ],
      [
       86.94757013756251,
       20.694060827852056
      ],
      [
       86.94795430064656,
       20.693880224950593
      ],
      [
       86.94795451640779,
       20.693247707193468
      ],
      [
       86.94747454770358,
       20.692795763081545
      ],
      [
       86.94757088274874,
       20.691892195407497
      ],
      [
       86.94785898560819,
       20.69180192311725
      ],
      [
       86.94785917086524,
       20.69125976491271
      ],
      [
       86.94776324006577,
       20.690988656716833
      ],
      [
       86.9475711932147,
       20.690988598394643
      ],
      [
       86.94737923984201,
       20.690717460736934
      ],
      [
       86.94747535640217,
       20.690446410900954
      ],
      [
       86.94728334144968,
       20.69035599254764
      ],
      [
       86.9472835287377,
       20.68981383425722
      ],
      [
       86.94651541059513,
       20.689632878123206
      ],
      [
       86.94613119272812,
       20.689994197355865
      ],
      [
       86.94603504211486,
       20.690355606162626
      ],
      [
       86.94574700516651,
       20.6902651560023
      ],
      [
       86.94574755126209,
       20.688729040780053
      ],
      [
       86.9459395952639,
       20.688729101128313
      ],
      [
       86.94593953124736,
       20.688909820581
      ],
      [
       86.94641954665013,
       20.6891810496909
      ],
      [
       86.94680379328054,
       20.688729370047238
      ],
      [
       86.94680385627305,
       20.688548650588196
      ],
      [
       86.94641986388851,
       20.688277452410865
      ],
      [
       86.9463240646256,
       20.68764490438033
      ],
      [
       86.94574800095049,
       20.687464004509227
      ],
      [
       86.94565233367398,
       20.686470017058344
      ],
      [
       86.94594058743257,
       20.68592794912743
      ],
      [
       86.94574870753551,
       20.68547608999448
      ],
      [
       86.9447884426334,
       20.685656504612766
      ],
      [
       86.94450008673437,
       20.686469649876443
      ],
      [
       86.94392399647151,
       20.68637910364846
      ],
      [
       86.94344386039533,
       20.686469306526067
      ],
      [
       86.9434437934314,
       20.686650026018462
      ],
      [
       86.94238756586348,
       20.686649676192015
      ],
      [
       86.94229161350479,
       20.686468924579877
      ],
      [
       86.94152351816271,
       20.686287946179498
      ],
      [
       86.94152344892572,
       20.686468665669587
      ],
      [
       86.94133137305033,
       20.68655896015039
      ],
      [
       86.94133112991786,
       20.687191478327065
      ],
      [
       86.94209929813213,
       20.687191738103145
      ],
      [
       86.94219518226934,
       20.687553209277265
      ],
      [
       86.9422912718564,
       20.68737252198582
      ],
      [
       86.9424832800878,
       20.68746294591721
      ],
      [
       86.94238719067054,
       20.687643633314202
      ],
      [
       86.94209916101434,
       20.687553177045366
      ],
      [
       86.94209905817405,
       20.687824256242095
      ],
      [
       86.94200310542274,
       20.687643504493014
      ],
      [
       86.94181106279996,
       20.687643439761434
      ],
      [
       86.94171476542374,
       20.6883662851419
      ],
      [
       86.94152265264692,
       20.6885469395334
      ],
      [
       86.94123462180369,
       20.68845648182634
      ],
      [
       86.94094631158755,
       20.689088901393728
      ],
      [
       86.94065824493092,
       20.68908880244318
      ],
      [
       86.9401779921587,
       20.6894500753058
      ],
      [
       86.93988992482436,
       20.689449975069312
      ],
      [
       86.93998616047244,
       20.688907850255877
      ],
      [
       86.93969820127346,
       20.688636670550363
      ],
      [
       86.93969827267975,
       20.688455951111695
      ],
      [
       86.93950622904268,
       20.68845588380938
      ],
      [
       86.93979436579038,
       20.688275265239845
      ],
      [
       86.93979447272667,
       20.688004186068586
      ],
      [
       86.93998651579638,
       20.688004253048316
      ],
      [
       86.93998662238984,
       20.687733173867585
      ],
      [
       86.9396986654006,
       20.687461994131365
      ],
      [
       86.93921855943611,
       20.68746182548315
      ],
      [
       86.93921848746555,
       20.68764254494103
      ],
      [
       86.93893031507916,
       20.687913522287452
      ],
      [
       86.93883436602968,
       20.687732768785104
      ],
      [
       86.93902640875444,
       20.687732836833824
      ],
      [
       86.93912250220176,
       20.68755215132227
      ],
      [
       86.93873841720702,
       20.687552015226128
      ],
      [
       86.93873863482065,
       20.687009856840284
      ],
      [
       86.93835455119336,
       20.6870097198921
      ],
      [
       86.93816265581707,
       20.68664821215812
      ],
      [
       86.93797065118238,
       20.686557783413623
      ],
      [
       86.9378745570027,
       20.686738468301936
      ],
      [
       86.9377786467757,
       20.68646735445486
      ],
      [
       86.93768255242625,
       20.686648039237586
      ],
      [
       86.93720244904038,
       20.68664786497969
      ],
      [
       86.93701063142862,
       20.68610563647721
      ],
      [
       86.93643450942098,
       20.686105424966538
      ],
      [
       86.93653041703273,
       20.686376539566226
      ],
      [
       86.9363382252696,
       20.68673790767833
      ],
      [
       86.93585823553208,
       20.68646665047573
      ],
      [
       86.93566634675543,
       20.686105139956712
      ],
      [
       86.93566665143219,
       20.685382262022788
      ],
      [
       86.9362427707017,
       20.685382476092965
      ],
      [
       86.9365310933397,
       20.684750064153377
      ],
      [
       86.93672316976028,
       20.684659775004395
      ],
      [
       86.93662737541416,
       20.684117581182765
      ],
      [
       86.93681945098118,
       20.684027291917655
      ],
      [
       86.9369156193745,
       20.68366588803009
      ],
      [
       86.9369161421294,
       20.682400851217423
      ],
      [
       86.93739630626301,
       20.682220306677106
      ],
      [
       86.93739645447614,
       20.681858867542797
      ],
      [
       86.9376846549991,
       20.681497532759273
      ],
      [
       86.93854888468867,
       20.681317123384844
      ],
      [
       86.93874110061931,
       20.68086539275238
      ],
      [
       86.93806916458992,
       20.680413353612057
      ],
      [
       86.93806945779912,
       20.67969047516761
      ],
      [
       86.93835754318654,
       20.679600218590345
      ],
      [
       86.93845348658651,
       20.67978097251424
      ],
      [
       86.93854968477626,
       20.6793292077071
      ],
      [
       86.9392217973126,
       20.6793294459594
      ],
      [
       86.93941379361341,
       20.679419873365145
      ],
      [
       86.93941372190447,
       20.679600592992163
      ],
      [
       86.9391256731609,
       20.67960049152427
      ],
      [
       86.93912560111025,
       20.679781211146526
      ],
      [
       86.93931763383307,
       20.679781278845912
      ],
      [
       86.93960557569366,
       20.68005245942263
      ],
      [
       86.94008572927461,
       20.67987190731575
      ],
      [
       86.94066182779774,
       20.679872106564645
      ],
      [
       86.94085375563076,
       20.680143251985186
      ],
      [
       86.94133380387335,
       20.680233775832527
      ],
      [
       86.94171797394945,
       20.679962826667385
      ],
      [
       86.94191021317461,
       20.67942073258551
      ],
      [
       86.94210224545378,
       20.67942079718211
      ],
      [
       86.94239043024372,
       20.67905945439115
      ],
      [
       86.94229458507301,
       20.678607623154083
      ],
      [
       86.9420066068241,
       20.678426806847632
      ],
      [
       86.94210269086092,
       20.678246119457086
      ],
      [
       86.9423907370651,
       20.67824621594497
      ],
      [
       86.94258286979839,
       20.677975200502857
      ],
      [
       86.94277490026192,
       20.677975264345967
      ],
      [
       86.94306287857385,
       20.67815607937874
      ],
      [
       86.94373498600112,
       20.67815630002455
      ],
      [
       86.9443110121804,
       20.678337206733413
      ],
      [
       86.94450301026419,
       20.678427628486283
      ],
      [
       86.94450294458221,
       20.67860834815042
      ],
      [
       86.94488700711517,
       20.67860847134927
      ],
      [
       86.94498295763435,
       20.67878922167713
      ],
      [
       86.9453669882951,
       20.67887970363778
      ],
      [
       86.94517485935296,
       20.679150722162813
      ],
      [
       86.9453666003188,
       20.679964021524828
      ],
      [
       86.94527051905332,
       20.68014471070482
      ],
      [
       86.94459846843021,
       20.67996377639295
      ],
      [
       86.94431038601734,
       20.680054043402315
      ],
      [
       86.94402223700803,
       20.680325029555263
      ],
      [
       86.94392608755325,
       20.68068643759314
      ],
      [
       86.94459807497375,
       20.681048094129725
      ],
      [
       86.94507819331719,
       20.680957887940064
      ],
      [
       86.94517404818663,
       20.68140971752882
      ],
      [
       86.94498198083313,
       20.681500016150185
      ],
      [
       86.94498178545403,
       20.682042174942588
      ],
      [
       86.94546174530204,
       20.682403766677165
      ],
      [
       86.94565333099584,
       20.68366886433718
      ],
      [
       86.94632543094987,
       20.683759434718617
      ],
      [
       86.94632549449219,
       20.683578715156873
      ],
      [
       86.94661355077791,
       20.683578804611745
      ],
      [
       86.94728558850858,
       20.68385009081322
      ],
      [
       86.947285526102,
       20.684030810372104
      ],
      [
       86.94757349014571,
       20.684301977556988
      ],
      [
       86.94862970155964,
       20.68430229556848
      ],
      [
       86.94891781969653,
       20.684121661617755
      ],
      [
       86.94930189612649,
       20.684121775010738
      ],
      [
       86.9493020161654,
       20.68376033588145
      ],
      [
       86.94949411371779,
       20.683579672685084
      ],
      [
       86.94978217001984,
       20.68357975684488
      ],
      [
       86.9497823186424,
       20.683127957899156
      ],
      [
       86.95016648106699,
       20.68285698998039
      ],
      [
       86.95026261713723,
       20.68249557852407
      ],
      [
       86.94987890077549,
       20.681411149632744
      ],
      [
       86.94997509582109,
       20.68086901864679
      ],
      [
       86.94978309141547,
       20.680778603000007
      ],
      [
       86.94978332917013,
       20.680055724440788
      ],
      [
       86.94939944263945,
       20.679513453185642
      ],
      [
       86.9494955186253,
       20.679332761680023
      ],
      [
       86.95007164475219,
       20.679242569648565
      ],
      [
       86.95035963412087,
       20.679423372490724
      ],
      [
       86.95112773443925,
       20.679513951779793
      ],
      [
       86.95247196142948,
       20.679514327597015
      ],
      [
       86.95333596928889,
       20.679966362817982
      ],
      [
       86.95400805757488,
       20.68005690326143
      ],
      [
       86.95420003648117,
       20.680237674041503
      ],
      [
       86.95468011984248,
       20.680237800914064
      ],
      [
       86.95525614044004,
       20.68050903087907
      ],
      [
       86.95698439273842,
       20.68069019043611
      ],
      [
       86.9573684101185,
       20.680871005491817
      ],
      [
       86.96101705903706,
       20.680871869163198
      ],
      [
       86.96149721279619,
       20.68060089756247
      ],
      [
       86.962265348075,
       20.680601067406517
      ],
      [
       86.96236140953621,
       20.68042036872795
      ],
      [
       86.96332159921715,
       20.680330215846684
      ],
      [
       86.9640897969066,
       20.68005929804204
      ],
      [
       86.9641858558684,
       20.679878598331783
      ],
      [
       86.9649540082769,
       20.679788396346986
      ],
      [
       86.96514608233443,
       20.679607715585796
      ],
      [
       86.96601026916717,
       20.679427168424972
      ],
      [
       86.96668250070252,
       20.6788851405077
      ],
      [
       86.96812285143538,
       20.6783432536588
      ],
      [
       86.96831497617666,
       20.67789148973167
      ],
      [
       86.96860302181506,
       20.677891542426075
      ],
      [
       86.96889112267927,
       20.67762051503144
      ],
      [
       86.96975525806842,
       20.677620668781408
      ],
      [
       86.97033138344385,
       20.6774400491296
      ],
      [
       86.97033141855515,
       20.677259329380124
      ],
      [
       86.97071552980833,
       20.676988315406508
      ],
      [
       86.97244392390789,
       20.676265721207805
      ],
      [
       86.97263600086896,
       20.67599467212189
      ],
      [
       86.97302007292832,
       20.675904372752054
      ],
      [
       86.97340419174259,
       20.675542992841397
      ],
      [
       86.97369223296425,
       20.675543037028643
      ],
      [
       86.97378827772214,
       20.675362331856252
      ],
      [
       86.97407631860396,
       20.67536237540154
      ],
      [
       86.97417236279378,
       20.675181670010826
      ],
      [
       86.97446040333574,
       20.675181712914146
      ],
      [
       86.97494053021326,
       20.674820343739167
      ],
      [
       86.97532458336303,
       20.67482039912483
      ],
      [
       86.97609277453292,
       20.67427834788005
      ],
      [
       86.97830111085511,
       20.67400756016086
      ],
      [
       86.9784931618602,
       20.6738268643844
      ],
      [
       86.97906925023536,
       20.67373657535185
      ],
      [
       86.97724505106704,
       20.673465264522566
      ],
      [
       86.97580479294895,
       20.673916868053738
      ],
      [
       86.97522871663068,
       20.673916786262197
      ],
      [
       86.97465261032319,
       20.674097422372206
      ],
      [
       86.97465258033081,
       20.674278142194474
      ],
      [
       86.97359642230622,
       20.674368343622632
      ],
      [
       86.97273220849443,
       20.674910368574583
      ],
      [
       86.97234815512641,
       20.67491030741484
      ],
      [
       86.97225210895047,
       20.67509101179296
      ],
      [
       86.9719640685848,
       20.67509096520098
      ],
      [
       86.97100384825897,
       20.675542605902205
      ],
      [
       86.96985148718532,
       20.676536367071254
      ],
      [
       86.96879523688891,
       20.676987978563332
      ],
      [
       86.96850711841466,
       20.677349365692603
      ],
      [
       86.96821907379925,
       20.677349312839297
      ],
      [
       86.9680269872981,
       20.677620356950488
      ],
      [
       86.96754689288626,
       20.677710627125354
      ],
      [
       86.96735482405525,
       20.67789131060813
      ],
      [
       86.96658668259347,
       20.677981523324803
      ],
      [
       86.96639459240065,
       20.678252565592526
      ],
      [
       86.9661065460876,
       20.678252509207642
      ],
      [
       86.96601049042317,
       20.6784332100268
      ],
      [
       86.96466618908211,
       20.678794379208785
      ],
      [
       86.96457013137254,
       20.6789750792112
      ],
      [
       86.9640900306717,
       20.67906533973712
      ],
      [
       86.96399397210983,
       20.6792460394116
      ],
      [
       86.96370594540826,
       20.679155619163947
      ],
      [
       86.96312978393507,
       20.679426576467375
      ],
      [
       86.96245764851186,
       20.67951679126425
      ],
      [
       86.96216953266256,
       20.679787807827275
      ],
      [
       86.9611133522831,
       20.679787572831152
      ],
      [
       86.96015314115172,
       20.67996807326039
      ],
      [
       86.95813679447312,
       20.67996759542953
      ],
      [
       86.95756074566418,
       20.679786734903853
      ],
      [
       86.95631253257078,
       20.679786423117594
      ],
      [
       86.95592851917112,
       20.679605605694263
      ],
      [
       86.9547763238608,
       20.679605307306346
      ],
      [
       86.95448832890338,
       20.679424511835027
      ],
      [
       86.95381621578042,
       20.67942433309809
      ],
      [
       86.95362423835005,
       20.67924356187637
      ],
      [
       86.95285610998695,
       20.679243353543548
      ],
      [
       86.95266416193492,
       20.6789722214131
      ],
      [
       86.95218411086287,
       20.678881729095586
      ],
      [
       86.95189614881328,
       20.67861056944622
      ],
      [
       86.94901580019857,
       20.678248302345214
      ],
      [
       86.94834381457741,
       20.67788666291462
      ],
      [
       86.94786373865375,
       20.67788651841277
      ],
      [
       86.94786383120658,
       20.67761543887745
      ],
      [
       86.94767173925017,
       20.677796100393866
      ],
      [
       86.9472876787428,
       20.67779598340274
      ],
      [
       86.94728761635861,
       20.677976703088444
      ],
      [
       86.94680750868358,
       20.678066915485804
      ],
      [
       86.94565532514238,
       20.67806655616607
      ],
      [
       86.94440722502412,
       20.677795078699905
      ],
      [
       86.94411924579418,
       20.67761426590289
      ],
      [
       86.94325507715874,
       20.677704343506306
      ],
      [
       86.94306311441721,
       20.677523560520203
      ],
      [
       86.94267905462502,
       20.67752343326478
      ],
      [
       86.9416233047202,
       20.676438760777625
      ],
      [
       86.94162337380237,
       20.676258041077112
      ],
      [
       86.94143134550217,
       20.676257975956617
      ],
      [
       86.94143144946491,
       20.67598689639968
      ],
      [
       86.94104753307178,
       20.675625326098988
      ],
      [
       86.9409517289406,
       20.675083134088325
      ],
      [
       86.94075977221918,
       20.67490234849731
      ],
      [
       86.94056841368943,
       20.673185444838495
      ],
      [
       86.94018493098505,
       20.67173955383521
      ],
      [
       86.94018641692786,
       20.667944437362006
      ],
      [
       86.93989860343443,
       20.66740217760947
      ],
      [
       86.93989885224342,
       20.66676965799864
      ],
      [
       86.93932309021305,
       20.666046576717896
      ],
      [
       86.93913139871484,
       20.66523326944317
      ],
      [
       86.93865147146754,
       20.66496201949994
      ],
      [
       86.93836377835632,
       20.664148677113104
      ],
      [
       86.93807579537189,
       20.66405821399202
      ],
      [
       86.93797971554874,
       20.664238899446296
      ],
      [
       86.93817161904808,
       20.664510048282228
      ],
      [
       86.9383636325697,
       20.664510116995796
      ],
      [
       86.93855531908271,
       20.6653234251793
      ],
      [
       86.93893916763045,
       20.66577536133804
      ],
      [
       86.93865110868076,
       20.665865619098053
      ],
      [
       86.93845920263348,
       20.665594470831667
      ],
      [
       86.93817121686975,
       20.665504007877992
      ],
      [
       86.93807498976408,
       20.666046133169537
      ],
      [
       86.93778689300579,
       20.6662267494313
      ],
      [
       86.93797883532713,
       20.666407538477
      ],
      [
       86.93817048557564,
       20.667311206849803
      ],
      [
       86.9389384454091,
       20.66758256027915
      ],
      [
       86.93893855374724,
       20.667311480462104
      ],
      [
       86.93922657931478,
       20.66731158218496
      ],
      [
       86.93922665119857,
       20.66713086230123
      ],
      [
       86.93941866801745,
       20.66713092984863
      ],
      [
       86.93951456911225,
       20.66740204336779
      ],
      [
       86.93951256558314,
       20.6724621985499
      ],
      [
       86.93970455343508,
       20.672552625682876
      ],
      [
       86.93970444642639,
       20.672823705339166
      ],
      [
       86.93941641046344,
       20.672823604388586
      ],
      [
       86.93941655382288,
       20.6724621648469
      ],
      [
       86.93903265104885,
       20.67210058994607
      ],
      [
       86.93874461645309,
       20.672100487876822
      ],
      [
       86.93884015763508,
       20.673275200445133
      ],
      [
       86.93864802420737,
       20.673546211862647
      ],
      [
       86.93807194956956,
       20.673546005944505
      ],
      [
       86.93778402267465,
       20.673274822639915
      ],
      [
       86.93788018194128,
       20.672913417740762
      ],
      [
       86.93768823158483,
       20.672732628701002
      ],
      [
       86.93740015877162,
       20.672822884263812
      ],
      [
       86.9374002698698,
       20.672551804619246
      ],
      [
       86.93768826844715,
       20.672642268818983
      ],
      [
       86.93788043918103,
       20.6722808985577
      ],
      [
       86.9376884158945,
       20.672280829281444
      ],
      [
       86.93768852647793,
       20.672009749618365
      ],
      [
       86.937304591852,
       20.671738530756784
      ],
      [
       86.93730466602648,
       20.671557810972317
      ],
      [
       86.93692058396213,
       20.671648030820474
      ],
      [
       86.9367284491898,
       20.67191904014694
      ],
      [
       86.93644041494903,
       20.67191893423006
      ],
      [
       86.9362482412709,
       20.672280302894197
      ],
      [
       86.9363439893099,
       20.672912857525258
      ],
      [
       86.93653597584152,
       20.673003288177753
      ],
      [
       86.9365357881159,
       20.673455087549456
      ],
      [
       86.93672781287444,
       20.673455158112965
      ],
      [
       86.93701562644043,
       20.673997422777155
      ],
      [
       86.93691946443955,
       20.67435882714181
      ],
      [
       86.93663131312339,
       20.674629801115866
      ],
      [
       86.93643928688837,
       20.674629730441062
      ],
      [
       86.93615143641216,
       20.67417782472108
      ],
      [
       86.93615162528188,
       20.673726025390597
      ],
      [
       86.93567171476927,
       20.67336440749661
      ],
      [
       86.93567182893824,
       20.673093327878153
      ],
      [
       86.93538390716739,
       20.67282214056524
      ],
      [
       86.93538402184387,
       20.67255106093129
      ],
      [
       86.93557608357303,
       20.67246077289414
      ],
      [
       86.93538409829384,
       20.6723703411706
      ],
      [
       86.935480224492,
       20.672099297469867
      ],
      [
       86.93500012841888,
       20.672189477081293
      ],
      [
       86.93499989770584,
       20.67273163635926
      ],
      [
       86.93519188320975,
       20.672822068507333
      ],
      [
       86.93538367780889,
       20.673364299807584
      ],
      [
       86.93567167671254,
       20.673454767367534
      ],
      [
       86.93567102971687,
       20.674990885028492
      ],
      [
       86.93557494013943,
       20.675171568889034
      ],
      [
       86.93519088631584,
       20.67517142496923
      ],
      [
       86.93509506486564,
       20.67471958958656
      ],
      [
       86.9348071410647,
       20.674448401356315
      ],
      [
       86.93423102415586,
       20.67453854245498
      ],
      [
       86.934231140889,
       20.67426746288118
      ],
      [
       86.93471128257143,
       20.674086925589375
      ],
      [
       86.9347113598236,
       20.67390620586326
      ],
      [
       86.93461534716451,
       20.673906169484766
      ],
      [
       86.93461530848172,
       20.673996529348116
      ],
      [
       86.93384712848705,
       20.674176956115378
      ],
      [
       86.9338472458993,
       20.673905876532334
      ],
      [
       86.93365514208325,
       20.674086522481918
      ],
      [
       86.9336552205851,
       20.67390580275964
      ],
      [
       86.9334631559073,
       20.67399608863437
      ],
      [
       86.93336722203637,
       20.673815331837638
      ],
      [
       86.93317519683788,
       20.673815257530713
      ],
      [
       86.93317551310719,
       20.67309237860325
      ],
      [
       86.93336753739686,
       20.673092452907344
      ],
      [
       86.93346362826644,
       20.67291177023682
      ],
      [
       86.93365561308167,
       20.673002204091492
      ],
      [
       86.93384779379821,
       20.672640838365513
      ],
      [
       86.93432785311137,
       20.67264102184949
      ],
      [
       86.93432793081129,
       20.67246030209449
      ],
      [
       86.9341359073126,
       20.672460228861958
      ],
      [
       86.93375213464638,
       20.67182756259048
      ],
      [
       86.93336808924516,
       20.671827414633626
      ],
      [
       86.93308013436933,
       20.67164658333727
      ],
      [
       86.93308072813872,
       20.670291184960657
      ],
      [
       86.93279277649478,
       20.6701103531612
      ],
      [
       86.932792975257,
       20.66965855364823
      ],
      [
       86.9320252572263,
       20.66884501346744
      ],
      [
       86.93154525035308,
       20.66875446369525
      ],
      [
       86.93144940311562,
       20.668392985907808
      ],
      [
       86.93125738474089,
       20.668392909484396
      ],
      [
       86.93116178268549,
       20.667489271993844
      ],
      [
       86.93135384052255,
       20.667398988595068
      ],
      [
       86.9313539217187,
       20.667218268741355
      ],
      [
       86.93154593861752,
       20.667218345053158
      ],
      [
       86.93154622200228,
       20.666585825532835
      ],
      [
       86.93125819784673,
       20.66658571098879
      ],
      [
       86.93106626327702,
       20.66640491448927
      ],
      [
       86.93106638557472,
       20.666133834677705
      ],
      [
       86.93087437004077,
       20.666133757835897
      ],
      [
       86.93087445179857,
       20.665953037957532
      ],
      [
       86.93058646988884,
       20.6658625623551
      ],
      [
       86.93029865319535,
       20.66541064650066
      ],
      [
       86.9301066385733,
       20.665410568806834
      ],
      [
       86.92943425356415,
       20.666133174709213
      ],
      [
       86.92914623027484,
       20.666133056641087
      ],
      [
       86.92895408870478,
       20.66640405746114
      ],
      [
       86.9281858553708,
       20.6667651791152
      ],
      [
       86.92789783089799,
       20.666765058959047
      ],
      [
       86.9276095923687,
       20.667216737936336
      ],
      [
       86.9272254725294,
       20.66739729617249
      ],
      [
       86.92674542976674,
       20.66739709296636
      ],
      [
       86.9267455164138,
       20.667216373130707
      ],
      [
       86.92655349953748,
       20.66721629147495
      ],
      [
       86.92645766507238,
       20.66685481088659
      ],
      [
       86.92664972487302,
       20.666764532724827
      ],
      [
       86.9266498116304,
       20.66658381287632
      ],
      [
       86.92780216431412,
       20.66604213936486
      ],
      [
       86.92818640746755,
       20.665590499992234
      ],
      [
       86.92837842230772,
       20.6655905798242
      ],
      [
       86.92837850701515,
       20.665409859944177
      ],
      [
       86.92866665548496,
       20.665138899461397
      ],
      [
       86.92943483777304,
       20.66486813552005
      ],
      [
       86.92953096975334,
       20.66459709491567
      ],
      [
       86.92972298335081,
       20.66459717324736
      ],
      [
       86.93029931265532,
       20.663964887264363
      ],
      [
       86.93106748616553,
       20.663694115990605
      ],
      [
       86.93106756768444,
       20.663513396060438
      ],
      [
       86.93164360441322,
       20.66351362527172
      ],
      [
       86.93164368525005,
       20.663332905335572
      ],
      [
       86.93193174352457,
       20.66324265924881
      ],
      [
       86.93202787004891,
       20.662971617186546
      ],
      [
       86.93308389410217,
       20.663062390023953
      ],
      [
       86.93317997896192,
       20.662881707285173
      ],
      [
       86.93346799614743,
       20.662881818601218
      ],
      [
       86.93346807482413,
       20.66270109864504
      ],
      [
       86.9339481029032,
       20.662701283101477
      ],
      [
       86.93394841533106,
       20.661978403231906
      ],
      [
       86.93433247480714,
       20.661888189841132
      ],
      [
       86.93452448502016,
       20.661888262819172
      ],
      [
       86.93452440759602,
       20.66206898279622
      ],
      [
       86.9340443814974,
       20.66206879994869
      ],
      [
       86.9340443035048,
       20.662249519920216
      ],
      [
       86.93471634083902,
       20.662249775535223
      ],
      [
       86.93471626364027,
       20.6624304955054
      ],
      [
       86.93529214329263,
       20.66279215245559
      ],
      [
       86.93567620403095,
       20.662701936085284
      ],
      [
       86.93615619438498,
       20.662792474381035
      ],
      [
       86.93634813046985,
       20.66297326529697
      ],
      [
       86.9366362227767,
       20.66279265135856
      ],
      [
       86.93663629770651,
       20.66261193138913
      ],
      [
       86.93682830883755,
       20.662612001805474
      ],
      [
       86.93692423981416,
       20.66279275690395
      ],
      [
       86.93730829960121,
       20.662702536897743
      ],
      [
       86.93702043168143,
       20.66234099204487
      ],
      [
       86.93625235082995,
       20.662431069943448
      ],
      [
       86.9359644102008,
       20.66225024330349
      ],
      [
       86.93548438351908,
       20.66225006446113
      ],
      [
       86.93538856918991,
       20.661798228584356
      ],
      [
       86.93558065546809,
       20.661617580400208
      ],
      [
       86.93625269004397,
       20.661617830023232
      ],
      [
       86.93654055478663,
       20.661979376179193
      ],
      [
       86.93682864498999,
       20.661798761893206
      ],
      [
       86.93711654861731,
       20.662069947093293
      ],
      [
       86.93711647425754,
       20.66225066707575
      ],
      [
       86.93778840128817,
       20.6625219906935
      ],
      [
       86.93826824634537,
       20.66297396306256
      ],
      [
       86.93855626373352,
       20.662974065884143
      ],
      [
       86.93884402799941,
       20.66360668810143
      ],
      [
       86.93903600434057,
       20.66369711604262
      ],
      [
       86.9390358601474,
       20.66405855594878
      ],
      [
       86.93941974277507,
       20.664420131129017
      ],
      [
       86.93951560641761,
       20.664781604696852
      ],
      [
       86.93999549915671,
       20.66514321220937
      ],
      [
       86.93999532173797,
       20.665595012022045
      ],
      [
       86.94057105011497,
       20.666408451053513
      ],
      [
       86.94057083923995,
       20.66695061075213
      ],
      [
       86.94066670717841,
       20.667312083584875
      ],
      [
       86.9408586892532,
       20.667402509472865
      ],
      [
       86.94085840943119,
       20.66812538898399
      ],
      [
       86.94105032291007,
       20.66839653451989
      ],
      [
       86.94104959069337,
       20.670294092895514
      ],
      [
       86.94133762189522,
       20.67029419110677
      ],
      [
       86.94133769129296,
       20.670113471278516
      ],
      [
       86.94152971186796,
       20.670113536484827
      ],
      [
       86.94152964269739,
       20.670294256313703
      ],
      [
       86.94191368430393,
       20.67029438608619
      ],
      [
       86.94191361558694,
       20.670475105912523
      ],
      [
       86.94210563661848,
       20.670475170478685
      ],
      [
       86.94210515716912,
       20.67174020916135
      ],
      [
       86.94239308887047,
       20.672011385311126
      ],
      [
       86.94258490804613,
       20.6725536087142
      ],
      [
       86.94277693169278,
       20.672553672539074
      ],
      [
       86.94325712508213,
       20.67219239158788
      ],
      [
       86.94325719221581,
       20.672011671793246
      ],
      [
       86.94354532685553,
       20.671740686624723
      ],
      [
       86.9434495162538,
       20.671198495742534
      ],
      [
       86.94421776902553,
       20.670746946339346
      ],
      [
       86.94412185749357,
       20.670475835515592
      ],
      [
       86.94354576098497,
       20.670566007824565
      ],
      [
       86.94335380684804,
       20.670385225032565
      ],
      [
       86.94325803132615,
       20.66975267404094
      ],
      [
       86.94335410840044,
       20.669571985755237
      ],
      [
       86.94383419137579,
       20.669481782828484
      ],
      [
       86.94383425781722,
       20.669301062975286
      ],
      [
       86.94402631048636,
       20.669210765471327
      ],
      [
       86.9440264429121,
       20.668849325748596
      ],
      [
       86.94421846190721,
       20.668849387957692
      ],
      [
       86.94441061241736,
       20.668488010212787
      ],
      [
       86.94469864023098,
       20.668488102803163
      ],
      [
       86.94469870564639,
       20.668307382926493
      ],
      [
       86.94498670058363,
       20.668397834974254
      ],
      [
       86.9450827747597,
       20.66821714569062
      ],
      [
       86.94546681116837,
       20.668217267539426
      ],
      [
       86.94575493472412,
       20.667946278535155
      ],
      [
       86.94575528761808,
       20.66695231908665
      ],
      [
       86.94623539275321,
       20.66677174947009
      ],
      [
       86.94681137901745,
       20.666952647976338
      ],
      [
       86.94700355234659,
       20.666500907283364
      ],
      [
       86.94719559962746,
       20.666410606209226
      ],
      [
       86.94767560853558,
       20.666501112457127
      ],
      [
       86.94777155478863,
       20.666681861477542
      ],
      [
       86.94863562806702,
       20.666682120946415
      ],
      [
       86.94853968079047,
       20.66650137240446
      ],
      [
       86.94882788645093,
       20.665959298289078
      ],
      [
       86.94873209098678,
       20.66532674996909
      ],
      [
       86.94902011286142,
       20.66532683533043
      ],
      [
       86.9492122175447,
       20.66505581203523
      ],
      [
       86.94959624603317,
       20.665055924673172
      ],
      [
       86.94978820089352,
       20.665236700631137
      ],
      [
       86.94978811181511,
       20.66550778056344
      ],
      [
       86.95007616355832,
       20.665417504185346
      ],
      [
       86.95026823707701,
       20.6652368396933
      ],
      [
       86.9502683253024,
       20.664965759750494
      ],
      [
       86.95055637574126,
       20.664875482562184
      ],
      [
       86.95065255783489,
       20.66433335013352
      ],
      [
       86.9508445711752,
       20.664333404954263
      ],
      [
       86.95074847713445,
       20.66460445753524
      ],
      [
       86.95103643974939,
       20.66478525949956
      ],
      [
       86.95113233111486,
       20.66514672665768
      ],
      [
       86.9515163025017,
       20.66532755498387
      ],
      [
       86.95161248147907,
       20.664785422042126
      ],
      [
       86.95190053078869,
       20.66469514260514
      ],
      [
       86.9519007583249,
       20.663972262675724
      ],
      [
       86.95170874543535,
       20.6639722090315
      ],
      [
       86.95180480887612,
       20.663791515888768
      ],
      [
       86.95161279621394,
       20.66379146213819
      ],
      [
       86.95151687588694,
       20.66352035518948
      ],
      [
       86.95094086793512,
       20.663429832338302
      ],
      [
       86.95084494902655,
       20.66315872500747
      ],
      [
       86.9506529371622,
       20.663158670190125
      ],
      [
       86.95065299551791,
       20.662977950184644
      ],
      [
       86.95084503621926,
       20.662887644997046
      ],
      [
       86.9504610424634,
       20.66279717514536
      ],
      [
       86.95046113033541,
       20.662526095125166
      ],
      [
       86.95017317265427,
       20.66234529216322
      ],
      [
       86.95017334941393,
       20.661803132088306
      ],
      [
       86.94998133925472,
       20.661803076526937
      ],
      [
       86.94978944784093,
       20.661441580685125
      ],
      [
       86.94930951349085,
       20.661170360257223
      ],
      [
       86.94921368896279,
       20.660628171882696
      ],
      [
       86.94873369757207,
       20.66053766989007
      ],
      [
       86.9485418106942,
       20.66017617261709
      ],
      [
       86.94796569407812,
       20.660447079940873
      ],
      [
       86.9477734386156,
       20.66116990210488
      ],
      [
       86.94758146024995,
       20.661079483855477
      ],
      [
       86.9470053698623,
       20.661260027917116
      ],
      [
       86.94700530719875,
       20.66144074794822
      ],
      [
       86.946045003532,
       20.662163330455297
      ],
      [
       86.9460446207087,
       20.66324765045471
      ],
      [
       86.94575657069338,
       20.663337920127265
      ],
      [
       86.94556462299299,
       20.66315713965885
      ],
      [
       86.94498839228987,
       20.663699116879148
      ],
      [
       86.9447961839105,
       20.664241215450797
      ],
      [
       86.94450816410193,
       20.664241123041432
      ],
      [
       86.94450822972793,
       20.66406040307644
      ],
      [
       86.94479624919587,
       20.664060495484918
      ],
      [
       86.94489235344197,
       20.663789446224538
      ],
      [
       86.94460436723986,
       20.663698993990764
      ],
      [
       86.94450852503618,
       20.663247163187133
      ],
      [
       86.94431654600494,
       20.66315674132484
      ],
      [
       86.9443166777019,
       20.662795301346844
      ],
      [
       86.94402866062083,
       20.662795208143116
      ],
      [
       86.94402859443211,
       20.662975928133115
      ],
      [
       86.94383658281856,
       20.662975865729564
      ],
      [
       86.94393275437955,
       20.662524096976696
      ],
      [
       86.94383681527069,
       20.66234334575009
      ],
      [
       86.94354876566655,
       20.662433611746643
      ],
      [
       86.94364503769063,
       20.66171076311118
      ],
      [
       86.94326098409962,
       20.661800997249554
      ],
      [
       86.94316491182558,
       20.661981685657143
      ],
      [
       86.94297300261417,
       20.66171054228252
      ],
      [
       86.94297313747845,
       20.66134910225237
      ],
      [
       86.9427811955704,
       20.661168318658714
      ],
      [
       86.94191718789311,
       20.66107766992612
      ],
      [
       86.94143740719927,
       20.660444987563842
      ],
      [
       86.94076534269534,
       20.660535118164077
      ],
      [
       86.94038146660877,
       20.660173545831483
      ],
      [
       86.93999734402945,
       20.66044449275583
      ],
      [
       86.93970936704414,
       20.660354032337796
      ],
      [
       86.939325135209,
       20.66089605778503
      ],
      [
       86.93922920257316,
       20.66071530397768
      ],
      [
       86.9389411533397,
       20.66080556229919
      ],
      [
       86.93874921689404,
       20.660624774221787
      ],
      [
       86.93884532967873,
       20.660353728242672
      ],
      [
       86.9386533939126,
       20.660172940050916
      ],
      [
       86.93807736969447,
       20.660172734277847
      ],
      [
       86.93798129232904,
       20.660353419820517
      ],
      [
       86.93769327988267,
       20.660353316051566
      ],
      [
       86.93759712816426,
       20.66071472139139
      ],
      [
       86.93740511941401,
       20.660714651836827
      ],
      [
       86.93721322202344,
       20.660443502044746
      ],
      [
       86.93721337049918,
       20.660082061999727
      ],
      [
       86.93692535856839,
       20.660081956950194
      ],
      [
       86.93702106468231,
       20.660804872092356
      ],
      [
       86.9366369720386,
       20.660985451494017
      ],
      [
       86.93663689711603,
       20.661166171497495
      ],
      [
       86.93615687383291,
       20.661165994535146
      ],
      [
       86.93596501595466,
       20.660804483370235
      ],
      [
       86.93558111249575,
       20.660533260401696
      ],
      [
       86.93577319695272,
       20.660352611971916
      ],
      [
       86.93558122674807,
       20.66026218038079
      ],
      [
       86.93567730688918,
       20.660081496179927
      ],
      [
       86.93538929496806,
       20.66008138856626
      ],
      [
       86.93538918037643,
       20.660352468591817
      ],
      [
       86.9350052406521,
       20.660171604342278
      ],
      [
       86.9347171127809,
       20.66044257562539
      ],
      [
       86.93462118588518,
       20.660261819261247
      ],
      [
       86.93462106993015,
       20.660532899276994
      ],
      [
       86.93442898388808,
       20.660713546416083
      ],
      [
       86.93414100971921,
       20.66062307671386
      ],
      [
       86.93414093184683,
       20.660803796715996
      ],
      [
       86.93394892299771,
       20.660803723314757
      ],
      [
       86.93375703163882,
       20.6605325696973
      ],
      [
       86.93356502313195,
       20.66053249586973
      ],
      [
       86.93337321157244,
       20.66008062180889
      ],
      [
       86.93279726722034,
       20.659899678396055
      ],
      [
       86.93250937535508,
       20.65962848595172
      ],
      [
       86.93222136430606,
       20.65962837305222
      ],
      [
       86.9318375913479,
       20.659086061705743
      ],
      [
       86.93126157130396,
       20.65908583318895
      ],
      [
       86.93087735363282,
       20.659537479824312
      ],
      [
       86.9291493303411,
       20.65944641886883
      ],
      [
       86.92905324289617,
       20.659627099427325
      ],
      [
       86.92886123554575,
       20.659627020368305
      ],
      [
       86.92886115143493,
       20.659807740371278
      ],
      [
       86.92828512870808,
       20.659807501909903
      ],
      [
       86.92780498173441,
       20.660078381714182
      ],
      [
       86.92694103251984,
       20.659897298017672
      ],
      [
       86.92694090294589,
       20.660168378000737
      ],
      [
       86.92674889492447,
       20.660168296588996
      ],
      [
       86.92684515842143,
       20.659626177348095
      ],
      [
       86.92655719082912,
       20.659535694995274
      ],
      [
       86.92655649612634,
       20.660981454854706
      ],
      [
       86.92674850516846,
       20.660981536483625
      ],
      [
       86.92674837524561,
       20.661252616431486
      ],
      [
       86.92626826460665,
       20.661433131914148
      ],
      [
       86.92569223578732,
       20.66143288477777
      ],
      [
       86.92569232365244,
       20.661252164821562
      ],
      [
       86.92521238864218,
       20.661071237449406
      ],
      [
       86.92521252128806,
       20.660800157505296
      ],
      [
       86.92569258724215,
       20.660710004930245
      ],
      [
       86.9255969787733,
       20.65989672365641
      ],
      [
       86.92473298874255,
       20.65980598890358
      ],
      [
       86.92463676219687,
       20.660257746944737
      ],
      [
       86.92434870528736,
       20.660347980886375
      ],
      [
       86.92454049046576,
       20.660799864888705
      ],
      [
       86.92434852638719,
       20.6607094208217
      ],
      [
       86.92425229812777,
       20.66116117859589
      ],
      [
       86.92348426110614,
       20.661160839683085
      ],
      [
       86.92348435158078,
       20.66098011973039
      ],
      [
       86.92377241018819,
       20.66088988724378
      ],
      [
       86.92338839236139,
       20.660889717148738
      ],
      [
       86.92329225185316,
       20.66116075442066
      ],
      [
       86.92290818777185,
       20.66125094322843
      ],
      [
       86.92290795987698,
       20.661702743082767
      ],
      [
       86.92252384840184,
       20.66188329099064
      ],
      [
       86.92165989534185,
       20.661702180874272
      ],
      [
       86.9219480948177,
       20.661340871542706
      ],
      [
       86.92137220586334,
       20.661069530072105
      ],
      [
       86.92137253125941,
       20.66043701024619
      ],
      [
       86.92156453959441,
       20.660437097642188
      ],
      [
       86.9216606363898,
       20.66025642130003
      ],
      [
       86.92146872113487,
       20.660075614048736
      ],
      [
       86.92156486418367,
       20.659804577767012
      ],
      [
       86.92137294960781,
       20.65962377040192
      ],
      [
       86.92098893498398,
       20.659623594976406
      ],
      [
       86.92079683402795,
       20.659804226912645
      ],
      [
       86.92079669355763,
       20.660075306859813
      ],
      [
       86.92060468568067,
       20.66007521861078
      ],
      [
       86.92041281895611,
       20.659804050203427
      ],
      [
       86.92012480765489,
       20.659803917110604
      ],
      [
       86.92012471321368,
       20.659984637073375
      ],
      [
       86.91983670157421,
       20.659984503498517
      ],
      [
       86.91964478882458,
       20.65980369422087
      ],
      [
       86.91945273367648,
       20.659893964671426
      ],
      [
       86.91935682520372,
       20.659713199864907
      ],
      [
       86.91916481778841,
       20.659713110015005
      ],
      [
       86.91906900545668,
       20.659351625078635
      ],
      [
       86.91878104303099,
       20.65926112976091
      ],
      [
       86.91868537609308,
       20.658628564626465
      ],
      [
       86.91830136399486,
       20.658628383227637
      ],
      [
       86.91830146058498,
       20.65844766324463
      ],
      [
       86.91820536097094,
       20.65862833774439
      ],
      [
       86.9180133549239,
       20.658628246617653
      ],
      [
       86.91801379110359,
       20.65781500667021
      ],
      [
       86.9176300731923,
       20.6572726637813
      ],
      [
       86.91705391308248,
       20.65754346785833
      ],
      [
       86.91676590606471,
       20.65754332917308
      ],
      [
       86.91657400001432,
       20.657362516451364
      ],
      [
       86.91667069180289,
       20.656097522745828
      ],
      [
       86.91743870325676,
       20.656097891904075
      ],
      [
       86.91763090086184,
       20.65573654358995
      ],
      [
       86.91763104691333,
       20.655465463527815
      ],
      [
       86.91715104173602,
       20.655465233746217
      ],
      [
       86.91724728731968,
       20.65501347969126
      ],
      [
       86.91695923598732,
       20.65510370136978
      ],
      [
       86.91695908874742,
       20.655374781438656
      ],
      [
       86.91676698840467,
       20.6555554089793
      ],
      [
       86.91647898513438,
       20.65555526982792
      ],
      [
       86.91647913322694,
       20.655284189768025
      ],
      [
       86.9161911304697,
       20.65528405013799
      ],
      [
       86.91580697751297,
       20.655554943272147
      ],
      [
       86.91532697207711,
       20.655554708415824
      ],
      [
       86.91503911946471,
       20.655283486811307
      ],
      [
       86.91503932032212,
       20.654922046731603
      ],
      [
       86.91542357300929,
       20.654470435232668
      ],
      [
       86.91551952348641,
       20.654560842281846
      ],
      [
       86.91532742247554,
       20.654741468234683
      ],
      [
       86.91590332652964,
       20.65492246993953
      ],
      [
       86.91609512955115,
       20.655284003487832
      ],
      [
       86.916383181728,
       20.655193783256454
      ],
      [
       86.91628757667324,
       20.654470856507984
      ],
      [
       86.91647962685165,
       20.654380589506918
      ],
      [
       86.91648002173235,
       20.653657709229957
      ],
      [
       86.91667207077472,
       20.653567442002338
      ],
      [
       86.91657636674027,
       20.65302523536898
      ],
      [
       86.91676856248928,
       20.65266388788049
      ],
      [
       86.9169605610397,
       20.65266398036694
      ],
      [
       86.91686480740701,
       20.652212133890167
      ],
      [
       86.91715285334043,
       20.6521219123207
      ],
      [
       86.91715295125475,
       20.65194119220677
      ],
      [
       86.91686495478945,
       20.651941053722666
      ],
      [
       86.91667305562777,
       20.651760241017445
      ],
      [
       86.91619306209414,
       20.65176000861093
      ],
      [
       86.91609696422691,
       20.651940682082284
      ],
      [
       86.91609716254843,
       20.65157924185281
      ],
      [
       86.91590506597714,
       20.651759868526266
      ],
      [
       86.91580921652249,
       20.651488741550235
      ],
      [
       86.91600141213574,
       20.65112739485136
      ],
      [
       86.91667344953939,
       20.651037360517606
      ],
      [
       86.91657735269618,
       20.651218034275043
      ],
      [
       86.91715329394657,
       20.65130867177825
      ],
      [
       86.91734504658595,
       20.65176056414394
      ],
      [
       86.91753704400494,
       20.651760655985235
      ],
      [
       86.9173452419555,
       20.651399123895416
      ],
      [
       86.91792132985664,
       20.65121867864076
      ],
      [
       86.91801723133817,
       20.651399444399406
      ],
      [
       86.91782499157597,
       20.651851153407556
      ],
      [
       86.91801698911102,
       20.651851244715324
      ],
      [
       86.91801689221833,
       20.65203196483508
      ],
      [
       86.9183048405867,
       20.65212246145666
      ],
      [
       86.91830469575552,
       20.652393541628314
      ],
      [
       86.91849669397392,
       20.652393632404713
      ],
      [
       86.91859283740412,
       20.652122597539222
      ],
      [
       86.91897688104373,
       20.652032418174464
      ],
      [
       86.91888116977164,
       20.651490212698548
      ],
      [
       86.91916940422078,
       20.65103854746768
      ],
      [
       86.91936125779206,
       20.651309717489287
      ],
      [
       86.91945735140996,
       20.65112904217291
      ],
      [
       86.91984124995042,
       20.651309941080147
      ],
      [
       86.92022533796079,
       20.65112939884699
      ],
      [
       86.92051333292154,
       20.65112953171877
      ],
      [
       86.92070523585144,
       20.651310340179833
      ],
      [
       86.92243320771436,
       20.6513111254043
      ],
      [
       86.9227213400263,
       20.651040174358354
      ],
      [
       86.92368141292808,
       20.65085988134566
      ],
      [
       86.92377727596653,
       20.65113100401399
      ],
      [
       86.92435308714268,
       20.65149269774461
      ],
      [
       86.92435295303845,
       20.651763777975518
      ],
      [
       86.9246407710939,
       20.652125344260693
      ],
      [
       86.92579253931133,
       20.652577643779026
      ],
      [
       86.92588845096017,
       20.65275840516784
      ],
      [
       86.92646431672665,
       20.653029731754692
      ],
      [
       86.92742431200804,
       20.65303013812626
      ],
      [
       86.9276164821702,
       20.652668778476283
      ],
      [
       86.92800043683484,
       20.65275929917252
      ],
      [
       86.92848064496205,
       20.652307698371477
      ],
      [
       86.92896064035467,
       20.65230789661025
      ],
      [
       86.92905655558653,
       20.652488656254715
      ],
      [
       86.92944051066233,
       20.652579173750265
      ],
      [
       86.92992054833059,
       20.652489009243244
      ],
      [
       86.93020846342921,
       20.652669846102523
      ],
      [
       86.93145641395752,
       20.65276070634093
      ],
      [
       86.93164833190885,
       20.652941502645223
      ],
      [
       86.93232036828694,
       20.65285140740022
      ],
      [
       86.93251244690622,
       20.65267076242372
      ],
      [
       86.9340484359596,
       20.652671356216985
      ],
      [
       86.93424031801149,
       20.652942509731908
      ],
      [
       86.93472031545478,
       20.65294269195749
      ],
      [
       86.93491242982574,
       20.65267168421835
      ],
      [
       86.93520046607831,
       20.652581432503368
      ],
      [
       86.93539246460529,
       20.65258150448444
      ],
      [
       86.93539238824508,
       20.652762224659387
      ],
      [
       86.93596834667166,
       20.652852799410166
      ],
      [
       86.93625645798676,
       20.652581825756062
      ],
      [
       86.93712045138462,
       20.65258214270242
      ],
      [
       86.93712056285993,
       20.6523110624238
      ],
      [
       86.93683260289765,
       20.652220597162835
      ],
      [
       86.93683267755353,
       20.652039876971468
      ],
      [
       86.93664067970124,
       20.652039806594356
      ],
      [
       86.936256533325,
       20.652401105574278
      ],
      [
       86.93625664633083,
       20.652130025294515
      ],
      [
       86.93606468614917,
       20.65203959418149
      ],
      [
       86.9360649128349,
       20.65149743359279
      ],
      [
       86.93587302934706,
       20.651226282057266
      ],
      [
       86.93587310513304,
       20.651045561848477
      ],
      [
       86.93606513951335,
       20.650955272970055
      ],
      [
       86.9355851863585,
       20.650864734394876
      ],
      [
       86.93568141257617,
       20.65032260953692
      ],
      [
       86.93606544173993,
       20.6502323920868
      ],
      [
       86.93606551729455,
       20.650051671856538
      ],
      [
       86.93635354793261,
       20.64996141817503
      ],
      [
       86.93760151701812,
       20.649961873840937
      ],
      [
       86.93808165147827,
       20.649600606204793
      ],
      [
       86.93846567742725,
       20.649510383398525
      ],
      [
       86.9385617473707,
       20.649329697340647
      ],
      [
       86.93913765882195,
       20.64951062165041
      ],
      [
       86.93932983274244,
       20.649058888593235
      ],
      [
       86.93971382098225,
       20.649059023132274
      ],
      [
       86.94009777383232,
       20.649149516949993
      ],
      [
       86.9400977030462,
       20.649330237212958
      ],
      [
       86.94057761898516,
       20.649511123380872
      ],
      [
       86.9416335897985,
       20.649511483681824
      ],
      [
       86.9420174421524,
       20.649873053618165
      ],
      [
       86.94201737363213,
       20.650053773872244
      ],
      [
       86.94336137475874,
       20.649963859988134
      ],
      [
       86.94364926777489,
       20.650235034634637
      ],
      [
       86.94480127406673,
       20.650145046753398
      ],
      [
       86.9448972066995,
       20.650325797684257
      ],
      [
       86.9456651896195,
       20.650326041152134
      ],
      [
       86.94576099519016,
       20.650868232102688
      ],
      [
       86.94595311934657,
       20.65050685182842
      ],
      [
       86.94652910722756,
       20.650507031227516
      ],
      [
       86.94681703831994,
       20.65068784046185
      ],
      [
       86.94700881532184,
       20.65132042038132
      ],
      [
       86.94729681079873,
       20.651320508562968
      ],
      [
       86.94748871469497,
       20.65159164744312
      ],
      [
       86.94777671068492,
       20.65159173482509
      ],
      [
       86.9481606134411,
       20.651862930940602
      ],
      [
       86.94816049090625,
       20.652224371399054
      ],
      [
       86.94835245850855,
       20.652314789073998
      ],
      [
       86.94835239746673,
       20.652495509296205
      ],
      [
       86.94854439593075,
       20.652495566645857
      ],
      [
       86.94902409084597,
       20.65339931014937
      ],
      [
       86.94940809004846,
       20.653399423145324
      ],
      [
       86.94979197056543,
       20.65376097569022
      ],
      [
       86.95017597068079,
       20.653761086979475
      ],
      [
       86.95027211765141,
       20.653309314158406
      ],
      [
       86.95094414486545,
       20.653219146374525
      ],
      [
       86.95113608649122,
       20.65339992105378
      ],
      [
       86.9515200857076,
       20.653400029350472
      ],
      [
       86.9515201430083,
       20.653219309138414
      ],
      [
       86.95190417019646,
       20.653129056471716
      ],
      [
       86.95190428388769,
       20.65276761603043
      ],
      [
       86.95171228507222,
       20.65276756241788
      ],
      [
       86.9516163714421,
       20.65249645519176
      ],
      [
       86.95171242775011,
       20.65231576184627
      ],
      [
       86.95190442599828,
       20.652315815457545
      ],
      [
       86.9519045112628,
       20.652044735102475
      ],
      [
       86.95228861985646,
       20.651683401194028
      ],
      [
       86.95286464007891,
       20.6515931993342
      ],
      [
       86.95286458437214,
       20.65177391958384
      ],
      [
       86.9531525253619,
       20.6519547182427
      ],
      [
       86.95382454494693,
       20.651864539213808
      ],
      [
       86.95392048933094,
       20.65204528511747
      ],
      [
       86.95440043022572,
       20.65222613284675
      ],
      [
       86.95507221132819,
       20.65294919003035
      ],
      [
       86.95555220896107,
       20.652949314317613
      ],
      [
       86.95593610290855,
       20.653310853240473
      ],
      [
       86.95612810241767,
       20.65331090215532
      ],
      [
       86.9573756961892,
       20.654756976588562
      ],
      [
       86.957855674604,
       20.654847454577485
      ],
      [
       86.95795160077068,
       20.655118558285224
      ],
      [
       86.95814360255497,
       20.6551186049617
      ],
      [
       86.95862348474286,
       20.65557052118613
      ],
      [
       86.95862343583185,
       20.65575124136665
      ],
      [
       86.95900739253582,
       20.65593205319129
      ],
      [
       86.95919929888156,
       20.65629353903953
      ],
      [
       86.95958328151897,
       20.656383989491623
      ],
      [
       86.9595832337405,
       20.65656470965729
      ],
      [
       86.95987121542821,
       20.656655136955074
      ],
      [
       86.96015910325978,
       20.657107004086832
      ],
      [
       86.96025489396187,
       20.6579202668801
      ],
      [
       86.9608309098893,
       20.657920398597714
      ],
      [
       86.96140685738146,
       20.658191608597267
      ],
      [
       86.96140681175437,
       20.658372328729094
      ],
      [
       86.96179082351307,
       20.658372414192684
      ],
      [
       86.96198276197312,
       20.658643536796458
      ],
      [
       86.96236675216915,
       20.658733981041962
      ],
      [
       86.96265465128918,
       20.659185843919172
      ],
      [
       86.96351859609409,
       20.65954746899583
      ],
      [
       86.96371053909401,
       20.659818589647614
      ],
      [
       86.9644785699003,
       20.659818749476713
      ],
      [
       86.96467053583086,
       20.659999509004244
      ],
      [
       86.9649585477263,
       20.659999567738797
      ],
      [
       86.96495850629427,
       20.660180287840017
      ],
      [
       86.96543850625736,
       20.660270744713117
      ],
      [
       86.96611039496419,
       20.66090339834849
      ],
      [
       86.96707038190604,
       20.66117466438459
      ],
      [
       86.96745430451973,
       20.661626537449195
      ],
      [
       86.9680302966568,
       20.661807365224654
      ],
      [
       86.96879833749114,
       20.661807505837725
      ],
      [
       86.96908629797312,
       20.66207863779107
      ],
      [
       86.96937431379938,
       20.66207868915938
      ],
      [
       86.97167812226786,
       20.6637959233034
      ],
      [
       86.9727341599484,
       20.663976813486457
      ],
      [
       86.97321412894857,
       20.664338328750322
      ],
      [
       86.97513426293268,
       20.664338616212042
      ],
      [
       86.97590221678759,
       20.664971245294897
      ],
      [
       86.97657422491778,
       20.66524241789063
      ],
      [
       86.97686215094592,
       20.665874976784618
      ],
      [
       86.97724616815674,
       20.665965387868727
      ],
      [
       86.97772614091456,
       20.666417250506964
      ],
      [
       86.97820615517746,
       20.666598031814093
      ],
      [
       86.97849410323192,
       20.66714022790631
      ],
      [
       86.97907011687447,
       20.66741137872598
      ],
      [
       86.97964608441143,
       20.668043967537315
      ],
      [
       86.98108616395497,
       20.668495931355746
      ],
      [
       86.98118215101142,
       20.668676661804877
      ],
      [
       86.9821422030629,
       20.669038203768146
      ],
      [
       86.98300619951924,
       20.669851530761353
      ],
      [
       86.98415829344052,
       20.670122720316343
      ],
      [
       86.98454229822782,
       20.67048419499388
      ],
      [
       86.98521435470889,
       20.670664973830895
      ],
      [
       86.98531034801181,
       20.67084570194132
      ],
      [
       86.98588639608515,
       20.67102646994883
      ],
      [
       86.98627040723467,
       20.671387940744545
      ],
      [
       86.98655844064331,
       20.671387963434658
      ],
      [
       86.98703845798853,
       20.67183979990574
      ],
      [
       86.98703844265357,
       20.672020519788408
      ],
      [
       86.9879025106794,
       20.672472382260796
      ],
      [
       86.98828653023558,
       20.672833848510976
      ],
      [
       86.98828651637652,
       20.673014568373688
      ],
      [
       86.98847854069527,
       20.673014581310035
      ],
      [
       86.98876655059108,
       20.67337604002831
      ],
      [
       86.98963063140002,
       20.67382789377686
      ],
      [
       86.9904946948284,
       20.674641182837792
      ],
      [
       86.99126277961244,
       20.67500266311712
      ],
      [
       86.99164681348384,
       20.67536412178398
      ],
      [
       86.99164680359925,
       20.67554484159556
      ],
      [
       86.99241490014411,
       20.675815956805856
      ],
      [
       86.99251090077226,
       20.67608704070511
      ],
      [
       86.99289494873267,
       20.676267776755335
      ],
      [
       86.99308696078256,
       20.676629224143998
      ],
      [
       86.9928949235083,
       20.676809936123565
      ],
      [
       86.99299090902316,
       20.677442459273387
      ],
      [
       86.99251081214368,
       20.67789423850304
      ],
      [
       86.99251078555325,
       20.67843639776861
      ],
      [
       86.99279881947683,
       20.67870748966045
      ],
      [
       86.99279880669246,
       20.67897856927212
      ],
      [
       86.99337486686804,
       20.67979183115726
      ],
      [
       86.99385494897689,
       20.679791848937718
      ],
      [
       86.99414303983527,
       20.678707540565807
      ],
      [
       86.99433507131536,
       20.67870754698245
      ],
      [
       86.99452711251149,
       20.67843647356411
      ],
      [
       86.99471914052582,
       20.67852683942757
      ],
      [
       86.99481516228867,
       20.678346122591442
      ],
      [
       86.99500719331445,
       20.67834612825937
      ],
      [
       86.99510320303193,
       20.67852685076353
      ],
      [
       86.9958713256017,
       20.67861723074269
      ],
      [
       86.99615936583393,
       20.67888831701597
      ],
      [
       86.99673545902621,
       20.67897868875705
      ],
      [
       86.9971195141467,
       20.679430494938423
      ],
      [
       86.99779162359134,
       20.679701584448768
      ],
      [
       86.99865576292612,
       20.680605191927583
      ],
      [
       87.00076813910779,
       20.68132807424928
      ],
      [
       87.00115221207135,
       20.681779871324423
      ],
      [
       87.00172832117563,
       20.682050946028323
      ],
      [
       87.00268851870145,
       20.683135251710357
      ],
      [
       87.00297657427633,
       20.68313524697698
      ],
      [
       87.00355269594021,
       20.683587035185035
      ],
      [
       87.00441687045011,
       20.68376773484885
      ],
      [
       87.00470493557285,
       20.684038806680956
      ],
      [
       87.00508901495742,
       20.684129155585627
      ],
      [
       87.0050890209822,
       20.684309875214836
      ],
      [
       87.00556912059623,
       20.684400220185083
      ],
      [
       87.0066253723376,
       20.68530378090097
      ],
      [
       87.0067214041628,
       20.685574856588048
      ],
      [
       87.00710548860484,
       20.685665200982125
      ],
      [
       87.00729754611652,
       20.686026632147136
      ],
      [
       87.00748958680258,
       20.686026623909267
      ],
      [
       87.00864189230997,
       20.687110887460523
      ],
      [
       87.00998622804056,
       20.687743333273247
      ],
      [
       87.01037031372977,
       20.68774331059032
      ],
      [
       87.01104248983565,
       20.68810470793342
      ],
      [
       87.01133055478368,
       20.6881046892357
      ],
      [
       87.01142658996349,
       20.688285402439146
      ],
      [
       87.01209876379326,
       20.688556435870527
      ],
      [
       87.0126749779439,
       20.689550351844808
      ],
      [
       87.01344320616928,
       20.690092452156684
      ],
      [
       87.01363525196763,
       20.69009243706853
      ],
      [
       87.01382733051601,
       20.690453860761952
      ],
      [
       87.01401937676887,
       20.69045384524547
      ],
      [
       87.01401939337165,
       20.690634564737437
      ],
      [
       87.01459555009677,
       20.69081523639114
      ],
      [
       87.01526779493884,
       20.691628415795133
      ],
      [
       87.01584394751012,
       20.691718723518356
      ],
      [
       87.0166121782303,
       20.69208009009738
      ],
      [
       87.01757254459092,
       20.69316431152204
      ],
      [
       87.01776459425166,
       20.693164291829348
      ],
      [
       87.01843683357515,
       20.69370637950153
      ],
      [
       87.01862893908148,
       20.694158157387026
      ],
      [
       87.01891701544729,
       20.694158126000165
      ],
      [
       87.01910910030985,
       20.694429183921102
      ],
      [
       87.01949322590221,
       20.694609860297575
      ],
      [
       87.02006938033612,
       20.694609794150796
      ],
      [
       87.02007033144987,
       20.701838567162756
      ],
      [
       87.01987828264829,
       20.701928949058612
      ],
      [
       87.01824571269546,
       20.701477331584915
      ],
      [
       87.01718933107635,
       20.70102564207453
      ],
      [
       87.01603686920934,
       20.700031797167345
      ],
      [
       87.01555670500562,
       20.699851121903734
      ],
      [
       87.01526858170183,
       20.699489709079828
      ],
      [
       87.01459636271433,
       20.699309048041933
      ],
      [
       87.01459634542033,
       20.69912832873223
      ],
      [
       87.01440427118207,
       20.698947625584495
      ],
      [
       87.01411618576509,
       20.69894764943168
      ],
      [
       87.01392409582597,
       20.69858622642276
      ],
      [
       87.01296381337441,
       20.698586301361974
      ],
      [
       87.01209950182462,
       20.69786348690111
      ],
      [
       87.01037098315693,
       20.697592520611018
      ],
      [
       87.009602739438,
       20.69723112644215
      ],
      [
       87.00921860256157,
       20.696779349024524
      ],
      [
       87.00835434868165,
       20.696598673733963
      ],
      [
       87.00806624858357,
       20.696237248717452
      ],
      [
       87.00700994582846,
       20.69605657555455
      ],
      [
       87.00700993752439,
       20.695875856172137
      ],
      [
       87.00681788444257,
       20.69587586387907
      ],
      [
       87.0068178763661,
       20.6956951444928
      ],
      [
       87.0064337668465,
       20.695604799569654
      ],
      [
       87.00624170301498,
       20.69533372754458
      ],
      [
       87.00528144414416,
       20.695424119353543
      ],
      [
       87.0050893825873,
       20.695153046037714
      ],
      [
       87.00432117133734,
       20.695062707316286
      ],
      [
       87.00432117645603,
       20.695243426716583
      ],
      [
       87.00412912172388,
       20.695153071726526
      ],
      [
       87.00355297151829,
       20.69542416366736
      ],
      [
       87.00240065501035,
       20.69533382387851
      ],
      [
       87.00240065785412,
       20.695514543273486
      ],
      [
       87.0022086052259,
       20.695514545842414
      ],
      [
       87.00192052514602,
       20.695424189597368
      ],
      [
       87.00172846956025,
       20.695153112534257
      ],
      [
       87.00134436521363,
       20.69515311595943
      ],
      [
       87.00105628883048,
       20.695424197063286
      ],
      [
       86.99884768422979,
       20.69551455614489
      ],
      [
       86.99846357715309,
       20.69569527253908
      ],
      [
       86.99740728798211,
       20.695604900186527
      ],
      [
       86.99692715430739,
       20.695695251987452
      ],
      [
       86.99673509758422,
       20.695875967842408
      ],
      [
       86.99539072600405,
       20.69587593712171
      ],
      [
       86.99519867860903,
       20.695695212489788
      ],
      [
       86.99491059631195,
       20.69578556391487
      ],
      [
       86.99452647092241,
       20.696327710283583
      ],
      [
       86.99404633326819,
       20.696418054048028
      ],
      [
       86.99395029921907,
       20.696598770074303
      ],
      [
       86.99260589061687,
       20.697231235390653
      ],
      [
       86.99231780843505,
       20.697231222785703
      ],
      [
       86.9913575037807,
       20.697773335338667
      ],
      [
       86.99078133737153,
       20.697773305471316
      ],
      [
       86.9898210359065,
       20.698134690088825
      ],
      [
       86.98770842803195,
       20.698044192643444
      ],
      [
       86.9876123781133,
       20.698315264764986
      ],
      [
       86.9870362096643,
       20.698315222371402
      ],
      [
       86.986460065279,
       20.698044099052385
      ],
      [
       86.98578792888436,
       20.697411527215923
      ],
      [
       86.98578789520982,
       20.697772965904132
      ],
      [
       86.98559583974422,
       20.697772949953464
      ],
      [
       86.98540375833984,
       20.698044012794455
      ],
      [
       86.9855957970812,
       20.698224748292034
      ],
      [
       86.98655606929128,
       20.698315185571417
      ],
      [
       86.98703617894601,
       20.6986766610236
      ],
      [
       86.98761234142191,
       20.69876706307888
      ],
      [
       86.98780438369145,
       20.698947796101226
      ],
      [
       86.98866863323936,
       20.699038214775378
      ],
      [
       86.98895670574669,
       20.699218952797978
      ],
      [
       86.990301101025,
       20.69930939339105
      ],
      [
       86.99164550780075,
       20.699219104180237
      ],
      [
       86.99279786861123,
       20.698857717575322
      ],
      [
       86.99337403911932,
       20.69885774069975
      ],
      [
       86.9939502203797,
       20.69858668290966
      ],
      [
       86.99443036161762,
       20.698586699101888
      ],
      [
       86.99452639635024,
       20.69840598284983
      ],
      [
       86.99673505890588,
       20.69768316150671
      ],
      [
       86.9985595865172,
       20.697502467073193
      ],
      [
       86.99903972605121,
       20.697231391386925
      ],
      [
       87.0001920547898,
       20.697231393956084
      ],
      [
       87.00144041262963,
       20.697412107396964
      ],
      [
       87.00201658126483,
       20.697683180642066
      ],
      [
       87.00316891716936,
       20.69786388264543
      ],
      [
       87.00412920732794,
       20.698315660652536
      ],
      [
       87.00451331963664,
       20.69831565101763
      ],
      [
       87.00499347185443,
       20.698677076429732
      ],
      [
       87.00537758825843,
       20.69876742453023
      ],
      [
       87.00547362310496,
       20.698948140828204
      ],
      [
       87.00585774047572,
       20.699038487855034
      ],
      [
       87.00604981187551,
       20.699399919846552
      ],
      [
       87.00633790190868,
       20.69949026914331
      ],
      [
       87.00633790941808,
       20.699670988450215
      ],
      [
       87.00604983337982,
       20.69994207776187
      ],
      [
       87.004609407788,
       20.70030356091923
      ],
      [
       87.00230470253072,
       20.70021324752479
      ],
      [
       87.00096029499709,
       20.70057469884742
      ],
      [
       86.99827146900554,
       20.700574692851653
      ],
      [
       86.99769528927683,
       20.70075540539155
      ],
      [
       86.99318188130212,
       20.70111672443324
      ],
      [
       86.9924136290963,
       20.701387771219217
      ],
      [
       86.99116522848917,
       20.701568430980135
      ],
      [
       86.99039699318561,
       20.701478030231794
      ],
      [
       86.98991681895389,
       20.701839441317784
      ],
      [
       86.98828429006835,
       20.702020057272765
      ],
      [
       86.98818824566371,
       20.702200769965508
      ],
      [
       86.98722794045041,
       20.702200701436624
      ],
      [
       86.98645967221455,
       20.702471721626516
      ],
      [
       86.9862676189682,
       20.702381346799882
      ],
      [
       86.98607554119853,
       20.702562050622774
      ],
      [
       86.98521124694128,
       20.70274269782333
      ],
      [
       86.98453903091118,
       20.702742638795787
      ],
      [
       86.98348264250554,
       20.703194338811382
      ],
      [
       86.9827143831032,
       20.703284623037185
      ],
      [
       86.98261833130296,
       20.70346533259309
      ],
      [
       86.98146593355727,
       20.703645931660564
      ],
      [
       86.98098574261451,
       20.703916958137903
      ],
      [
       86.98040955302177,
       20.70391689356501
      ],
      [
       86.97983332758146,
       20.70418790586908
      ],
      [
       86.97896902920141,
       20.704278162101907
      ],
      [
       86.97877694039879,
       20.7044588577377
      ],
      [
       86.97820074876641,
       20.704458785773816
      ],
      [
       86.97791267912771,
       20.70427802987488
      ],
      [
       86.97733644789274,
       20.704549033809023
      ],
      [
       86.97685620563207,
       20.70509112750688
      ],
      [
       86.97637601595477,
       20.705271781489362
      ],
      [
       86.97589576800345,
       20.70581387245822
      ],
      [
       86.97531954201035,
       20.705994510009084
      ],
      [
       86.97522347974041,
       20.706175215374913
      ],
      [
       86.97493538068827,
       20.706175173686706
      ],
      [
       86.9748393178492,
       20.706355878833886
      ],
      [
       86.97397498882685,
       20.706536469539778
      ],
      [
       86.97387892462204,
       20.706717174142252
      ],
      [
       86.97339872630367,
       20.70689781978053
      ],
      [
       86.97320661172388,
       20.70716886870379
      ],
      [
       86.97263037743278,
       20.707349497219774
      ],
      [
       86.9725343111218,
       20.707530201052844
      ],
      [
       86.97215017564696,
       20.707530139359545
      ],
      [
       86.9716699391436,
       20.707891499268673
      ],
      [
       86.97109370030624,
       20.708072122622468
      ],
      [
       86.96946110066605,
       20.708162200395844
      ],
      [
       86.9692689957096,
       20.708342885327824
      ],
      [
       86.96821261755758,
       20.70834269357236
      ],
      [
       86.96792447640527,
       20.7085233592447
      ],
      [
       86.96686809701663,
       20.708523159239792
      ],
      [
       86.96667598853587,
       20.70870384126694
      ],
      [
       86.9644671505759,
       20.708884118746614
      ],
      [
       86.96331475575668,
       20.708793517559
      ],
      [
       86.96283453842167,
       20.708974133670857
      ],
      [
       86.96254643411454,
       20.70897407124985
      ],
      [
       86.96235440920293,
       20.70879331029431
      ],
      [
       86.96149009731477,
       20.708793119176992
      ],
      [
       86.96052970399515,
       20.708973620806397
      ],
      [
       86.95851294934106,
       20.70906350627546
      ],
      [
       86.95784073058907,
       20.708972983474865
      ],
      [
       86.95755270177837,
       20.70870183410281
      ],
      [
       86.95726459800446,
       20.70870176284588
      ],
      [
       86.9571685126404,
       20.70888245805058
      ],
      [
       86.95697649423178,
       20.70870169110694
      ],
      [
       86.95640023500636,
       20.708882265245325
      ],
      [
       86.95611220893358,
       20.708611113465857
      ],
      [
       86.9559201398688,
       20.70861106440833
      ],
      [
       86.95592008761611,
       20.708791783471355
      ],
      [
       86.95543988797627,
       20.70888201941863
      ],
      [
       86.95495971446651,
       20.7088818944969
      ],
      [
       86.95467166409527,
       20.708701099843132
      ],
      [
       86.95409545657394,
       20.7087009472071
      ],
      [
       86.95390333275769,
       20.70888161495608
      ],
      [
       86.95351924905785,
       20.70870079264304
      ],
      [
       86.95284700696246,
       20.708700609881475
      ],
      [
       86.95275091636827,
       20.708881302611594
      ],
      [
       86.95217462314137,
       20.709152222117606
      ],
      [
       86.9515024365591,
       20.708971315058896
      ],
      [
       86.95121430338432,
       20.7090615932008
      ],
      [
       86.95102214667502,
       20.70933261723927
      ],
      [
       86.95083007671515,
       20.70933256250271
      ],
      [
       86.95082998928186,
       20.709603641053427
      ],
      [
       86.95034969581272,
       20.709964941324532
      ],
      [
       86.95015762505815,
       20.709964885836303
      ],
      [
       86.95025380786757,
       20.70951311604081
      ],
      [
       86.94938952203822,
       20.709422504665685
      ],
      [
       86.94919739174551,
       20.709603167136237
      ],
      [
       86.94919730140771,
       20.709874245671664
      ],
      [
       86.94890922573614,
       20.709783800920775
      ],
      [
       86.9489091651689,
       20.70996451994075
      ],
      [
       86.94862105904448,
       20.709964434217873
      ],
      [
       86.94871703362355,
       20.71014518186136
      ],
      [
       86.946892296411,
       20.710325347774738
      ],
      [
       86.94670016202501,
       20.710506007431302
      ],
      [
       86.94602788004704,
       20.710596157530986
      ],
      [
       86.94593178017898,
       20.710776846396723
      ],
      [
       86.94564367253314,
       20.710776755688887
      ],
      [
       86.9452594316616,
       20.71104771247651
      ],
      [
       86.94429903813419,
       20.711137763979025
      ],
      [
       86.94401083024563,
       20.711408749001915
      ],
      [
       86.94218610673964,
       20.71149850548706
      ],
      [
       86.9418979288632,
       20.71167912747158
      ],
      [
       86.94045731163017,
       20.71185935429855
      ],
      [
       86.94016920196582,
       20.711859254425868
      ],
      [
       86.94007323646065,
       20.711678502074754
      ],
      [
       86.93949701782138,
       20.71167830056366
      ],
      [
       86.93930487298303,
       20.71185895191531
      ]
     ],
     [
      [
       86.94852657954272,
       20.70535606937114
      ],
      [
       86.94900674190303,
       20.70535621220796
      ],
      [
       86.94900686277613,
       20.704994773970416
      ],
      [
       86.94852667105141,
       20.705084990696434
      ],
      [
       86.94852657954272,
       20.70535606937114
      ]
     ],
     [
      [
       86.94958302637146,
       20.705085303165944
      ],
      [
       86.9497750909772,
       20.705085359282478
      ],
      [
       86.94977515050257,
       20.704904640157768
      ],
      [
       86.94967911831344,
       20.704904612126544
      ],
      [
       86.94958302637146,
       20.705085303165944
      ]
     ],
     [
      [
       86.95304021719825,
       20.704995920927022
      ],
      [
       86.954000566978,
       20.704905820521525
      ],
      [
       86.95448080888104,
       20.7046348693816
      ],
      [
       86.95515300649079,
       20.704725405304927
      ],
      [
       86.95534515004302,
       20.70445437648742
      ],
      [
       86.95553713482734,
       20.704725504899194
      ],
      [
       86.95601732131439,
       20.704635268613465
      ],
      [
       86.95611343136073,
       20.70436421438293
      ],
      [
       86.9563054950763,
       20.704364263215318
      ],
      [
       86.9564015786042,
       20.704183568394164
      ],
      [
       86.95640175944456,
       20.70355105131473
      ],
      [
       86.95659384785662,
       20.70346074023698
      ],
      [
       86.95659392501574,
       20.70318966147091
      ],
      [
       86.95678598725318,
       20.703189709764867
      ],
      [
       86.95688206946942,
       20.703009014648732
      ],
      [
       86.95736217396879,
       20.703189853361767
      ],
      [
       86.95736212343996,
       20.703370572541914
      ],
      [
       86.95755416075636,
       20.703460979568558
      ],
      [
       86.95745802863355,
       20.703822394221937
      ],
      [
       86.95784222964868,
       20.703551409912233
      ],
      [
       86.95861052948652,
       20.703370877059115
      ],
      [
       86.95861101995678,
       20.701563685058122
      ],
      [
       86.9584190090343,
       20.701382919582176
      ],
      [
       86.95841915684628,
       20.700840761897947
      ],
      [
       86.95803513772906,
       20.70047923027484
      ],
      [
       86.95793920798984,
       20.70011776836597
      ],
      [
       86.9573630328762,
       20.700117626719454
      ],
      [
       86.95736320969066,
       20.699485109333644
      ],
      [
       86.9575553678436,
       20.699123718233793
      ],
      [
       86.95774742496326,
       20.699123765446824
      ],
      [
       86.95774750005458,
       20.69885268654027
      ],
      [
       86.95822764200273,
       20.698852803634423
      ],
      [
       86.95861155941337,
       20.69957577341942
      ],
      [
       86.95889962160203,
       20.69966620202406
      ],
      [
       86.95889947550705,
       20.700208359785456
      ],
      [
       86.95947560295804,
       20.70038921554104
      ],
      [
       86.95957175207313,
       20.699937439978804
      ],
      [
       86.959475819029,
       20.69957597889737
      ],
      [
       86.95928373721458,
       20.699666293240966
      ],
      [
       86.95928385781902,
       20.699214495078255
      ],
      [
       86.95937993456513,
       20.69903379847619
      ],
      [
       86.9599561293213,
       20.698943573731913
      ],
      [
       86.96005227609439,
       20.698491797821884
      ],
      [
       86.95909199445197,
       20.6984915724701
      ],
      [
       86.95890010855135,
       20.69785900923984
      ],
      [
       86.95870795518056,
       20.698220401900834
      ],
      [
       86.95803578409543,
       20.698129879828862
      ],
      [
       86.95822786470958,
       20.698039566858615
      ],
      [
       86.95803585867037,
       20.69785880089005
      ],
      [
       86.95755569470964,
       20.69794904291341
      ],
      [
       86.95755564442403,
       20.69812976220389
      ],
      [
       86.95745966688953,
       20.697949019228066
      ],
      [
       86.95717158343002,
       20.697948947850865
      ],
      [
       86.95697947682284,
       20.69812961928755
      ],
      [
       86.95640333505202,
       20.698039114800856
      ],
      [
       86.95592348287634,
       20.697045036493236
      ],
      [
       86.95573142837858,
       20.697044987251463
      ],
      [
       86.95573137593419,
       20.697225706556512
      ],
      [
       86.9554432410611,
       20.69740635159228
      ],
      [
       86.95563524345378,
       20.697587120453377
      ],
      [
       86.95553908417891,
       20.698038893923904
      ],
      [
       86.95457880544441,
       20.698038643420062
      ],
      [
       86.95400231122996,
       20.699122806171097
      ],
      [
       86.95419412411395,
       20.699936093974962
      ],
      [
       86.95409801346553,
       20.70020714727266
      ],
      [
       86.95380989838935,
       20.700297429883513
      ],
      [
       86.95361734516113,
       20.70192385122561
      ],
      [
       86.95342522933564,
       20.702104518598382
      ],
      [
       86.95352114961132,
       20.702465982920593
      ],
      [
       86.95294474261186,
       20.703188703194577
      ],
      [
       86.95284840416457,
       20.704182632315156
      ],
      [
       86.95265628457854,
       20.704363298775707
      ],
      [
       86.95265617235968,
       20.704724737059593
      ],
      [
       86.95284823652008,
       20.704724789748166
      ],
      [
       86.95304021719825,
       20.704995920927022
      ]
     ],
     [
      [
       86.96542850167447,
       20.70445669563543
      ],
      [
       86.96562058590015,
       20.7043663744934
      ],
      [
       86.96552459488821,
       20.704185636121082
      ],
      [
       86.96533251083368,
       20.704275957158195
      ],
      [
       86.96542850167447,
       20.70445669563543
      ]
     ],
     [
      [
       86.96610072516349,
       20.704456829255854
      ],
      [
       86.9663888408631,
       20.704366526130837
      ],
      [
       86.96638888069675,
       20.704185806952527
      ],
      [
       86.96610078542626,
       20.704185750490605
      ],
      [
       86.96610072516349,
       20.704456829255854
      ]
     ],
     [
      [
       86.96562064701618,
       20.704095295726667
      ],
      [
       86.96600483424614,
       20.703824293196305
      ],
      [
       86.96590884311865,
       20.703643555026616
      ],
      [
       86.96552469703114,
       20.703733838162776
      ],
      [
       86.96562064701618,
       20.704095295726667
      ]
     ],
     [
      [
       86.92288678461664,
       20.703629666601465
      ],
      [
       86.92317487862556,
       20.703629795343677
      ],
      [
       86.92317496966989,
       20.703449076281952
      ],
      [
       86.92336698670788,
       20.703539521373308
      ],
      [
       86.92413532686352,
       20.70335914240406
      ],
      [
       86.92403943072281,
       20.703088021471554
      ],
      [
       86.92519175838333,
       20.703178885364025
      ],
      [
       86.92519184703538,
       20.702998166284388
      ],
      [
       86.92499978514901,
       20.702998082761336
      ],
      [
       86.92500005178222,
       20.70245592550207
      ],
      [
       86.92471200458738,
       20.702365440273596
      ],
      [
       86.92471209380413,
       20.7021847211789
      ],
      [
       86.92452003294433,
       20.702184637124034
      ],
      [
       86.92442368905714,
       20.702817111826974
      ],
      [
       86.92355941161752,
       20.702816730435455
      ],
      [
       86.92346347149062,
       20.702635968710922
      ],
      [
       86.92298327230256,
       20.702726114226646
      ],
      [
       86.92307907518249,
       20.70317795482275
      ],
      [
       86.92279089052975,
       20.703358544988752
      ],
      [
       86.92288678461664,
       20.703629666601465
      ]
     ],
     [
      [
       86.92192670257708,
       20.703177436332467
      ],
      [
       86.92259910337432,
       20.702816301580814
      ],
      [
       86.9225992868188,
       20.70245486342439
      ],
      [
       86.92288728722605,
       20.702635711721825
      ],
      [
       86.92317565247117,
       20.70209368319824
      ],
      [
       86.92317578902484,
       20.70182260455592
      ],
      [
       86.9227917597218,
       20.70164171371091
      ],
      [
       86.92279189695456,
       20.701370635056833
      ],
      [
       86.92259988298616,
       20.70128018931131
      ],
      [
       86.9223116553343,
       20.701551138275214
      ],
      [
       86.9223115632761,
       20.701731857373037
      ],
      [
       86.92183136626734,
       20.701821999693735
      ],
      [
       86.92202333425725,
       20.702002805835967
      ],
      [
       86.92183108837841,
       20.702364156952584
      ],
      [
       86.92192670257708,
       20.703177436332467
      ]
     ],
     [
      [
       86.9495837134924,
       20.703007033009158
      ],
      [
       86.94977577548053,
       20.703007089119563
      ],
      [
       86.94977586475736,
       20.70273601036572
      ],
      [
       86.94958380311061,
       20.702735954256124
      ],
      [
       86.9495837134924,
       20.703007033009158
      ]
     ],
     [
      [
       86.94977586475736,
       20.70273601036572
      ],
      [
       86.95015998805273,
       20.702736121942436
      ],
      [
       86.95016004711464,
       20.702555402767416
      ],
      [
       86.94996798569422,
       20.70255534708666
      ],
      [
       86.9498720143869,
       20.702374599987948
      ],
      [
       86.94977586475736,
       20.70273601036572
      ]
     ],
     [
      [
       86.95275312829558,
       20.70174289713121
      ],
      [
       86.95284910262528,
       20.701923642643873
      ],
      [
       86.9528491584981,
       20.701742923444595
      ],
      [
       86.95275312829558,
       20.70174289713121
      ]
     ],
     [
      [
       86.95054443367968,
       20.701742277147194
      ],
      [
       86.95064043463373,
       20.701832664289096
      ],
      [
       86.95064046387868,
       20.701742304691923
      ],
      [
       86.95054443367968,
       20.701742277147194
      ]
     ],
     [
      [
       86.93767646240872,
       20.701557382755393
      ],
      [
       86.93806065605115,
       20.70137680214519
      ],
      [
       86.93796473636532,
       20.701105688837703
      ],
      [
       86.93815686920036,
       20.700925038725863
      ],
      [
       86.93786878020904,
       20.700924935056133
      ],
      [
       86.93786863296609,
       20.70128637339462
      ],
      [
       86.93767657318438,
       20.70128630401247
      ],
      [
       86.93767646240872,
       20.701557382755393
      ]
     ],
     [
      [
       86.95284929817751,
       20.701291125429833
      ],
      [
       86.95304127454821,
       20.701562256707195
      ],
      [
       86.95304135801403,
       20.701291177894742
      ],
      [
       86.95284929817751,
       20.701291125429833
      ]
     ],
     [
      [
       86.95284940991836,
       20.70092968700096
      ],
      [
       86.95304146929972,
       20.700929739464875
      ],
      [
       86.95304155276243,
       20.700658660632534
      ],
      [
       86.95284946578788,
       20.70074896778085
      ],
      [
       86.95284940991836,
       20.70092968700096
      ]
     ],
     [
      [
       86.95937945327094,
       20.700840991025
      ],
      [
       86.95947545890495,
       20.700931373260868
      ],
      [
       86.95947548291412,
       20.70084101364327
      ],
      [
       86.95937945327094,
       20.700840991025
      ]
     ],
     [
      [
       86.95995563113195,
       20.700841125931586
      ],
      [
       86.96043582623304,
       20.700660517641374
      ],
      [
       86.96062795527257,
       20.70038948277821
      ],
      [
       86.96043606062594,
       20.699756921383695
      ],
      [
       86.96014795013167,
       20.699847214607818
      ],
      [
       86.96014776125195,
       20.700570091611443
      ],
      [
       86.95976364335912,
       20.700570002317406
      ],
      [
       86.95995563113195,
       20.700841125931586
      ]
     ],
     [
      [
       86.96149217389262,
       20.700570397395346
      ],
      [
       86.96187624662134,
       20.70075120208012
      ],
      [
       86.96206839569099,
       20.70038980598423
      ],
      [
       86.961780284962,
       20.700480101931465
      ],
      [
       86.96168430094329,
       20.700299361347994
      ],
      [
       86.96149217389262,
       20.700570397395346
      ]
     ],
     [
      [
       86.96187640472489,
       20.700118684705505
      ],
      [
       86.96197238885813,
       20.7002994251859
      ],
      [
       86.96197243391619,
       20.70011870593107
      ],
      [
       86.96187640472489,
       20.700118684705505
      ]
     ],
     [
      [
       86.93786933234203,
       20.699569541151877
      ],
      [
       86.93796532440163,
       20.69965993535993
      ],
      [
       86.93796536115224,
       20.69956957575952
      ],
      [
       86.93786933234203,
       20.699569541151877
      ]
     ],
     [
      [
       86.9377733403962,
       20.699479146889676
      ],
      [
       86.93786933234203,
       20.699569541151877
      ],
      [
       86.93786936914933,
       20.699479181550682
      ],
      [
       86.9377733403962,
       20.699479146889676
      ]
     ],
     [
      [
       86.94468750940992,
       20.699210426815945
      ],
      [
       86.94478350529502,
       20.69930081723755
      ],
      [
       86.94478353800578,
       20.69921045762232
      ],
      [
       86.94468750940992,
       20.699210426815945
      ]
     ],
     [
      [
       86.94401544190538,
       20.698848771206787
      ],
      [
       86.94430352700718,
       20.69884886458767
      ],
      [
       86.94459167775767,
       20.698668238246494
      ],
      [
       86.94401557456418,
       20.698487332725936
      ],
      [
       86.94401544190538,
       20.698848771206787
      ]
     ],
     [
      [
       86.94612844897203,
       20.697765129286
      ],
      [
       86.94622444480562,
       20.697855518919713
      ],
      [
       86.94622447666033,
       20.697765159287155
      ],
      [
       86.94612844897203,
       20.697765129286
      ]
     ],
     [
      [
       86.94660865066905,
       20.6975845594874
      ],
      [
       86.94670461510438,
       20.697765308490006
      ],
      [
       86.94670467824443,
       20.69758458922064
      ],
      [
       86.94660865066905,
       20.6975845594874
      ]
     ],
     [
      [
       86.94660871392219,
       20.69740384021452
      ],
      [
       86.94680073733286,
       20.6974942592641
      ],
      [
       86.94680076884559,
       20.697403899626902
      ],
      [
       86.94660871392219,
       20.69740384021452
      ]
     ],
     [
      [
       86.94660877717465,
       20.697223120937856
      ],
      [
       86.94670477295324,
       20.697313510309474
      ],
      [
       86.9467048045225,
       20.697223150670524
      ],
      [
       86.94660877717465,
       20.697223120937856
      ]
     ],
     [
      [
       86.94641675421919,
       20.697132701672476
      ],
      [
       86.94651274982697,
       20.69722309115166
      ],
      [
       86.94651278150981,
       20.697132731512053
      ],
      [
       86.94641675421919,
       20.697132701672476
      ]
     ],
     [
      [
       86.94699288656709,
       20.697223239547398
      ],
      [
       86.94718494126431,
       20.69722329853102
      ],
      [
       86.94718503511788,
       20.696952219606384
      ],
      [
       86.94699298076193,
       20.696952160623606
      ],
      [
       86.94699288656709,
       20.697223239547398
      ]
     ],
     [
      [
       86.95688385753026,
       20.696683840863653
      ],
      [
       86.95697983358883,
       20.696864584184187
      ],
      [
       86.95697988455322,
       20.696683864868554
      ],
      [
       86.95688385753026,
       20.696683840863653
      ]
     ],
     [
      [
       86.9613971048858,
       20.696775270899593
      ],
      [
       86.96178123586834,
       20.696684996872573
      ],
      [
       86.96178130378202,
       20.69641391787587
      ],
      [
       86.96130114656725,
       20.696504170364292
      ],
      [
       86.9613971048858,
       20.696775270899593
      ]
     ],
     [
      [
       86.96226134866342,
       20.69677546237779
      ],
      [
       86.96264547913837,
       20.696685186423043
      ],
      [
       86.96254951865647,
       20.696414086576862
      ],
      [
       86.96235746493716,
       20.696414044722744
      ],
      [
       86.96226134866342,
       20.69677546237779
      ]
     ],
     [
      [
       86.95678788169882,
       20.696503097486254
      ],
      [
       86.95688388306914,
       20.696593481204527
      ],
      [
       86.95688390860788,
       20.696503121544456
      ],
      [
       86.95678788169882,
       20.696503097486254
      ]
     ],
     [
      [
       86.96264552339046,
       20.69650446709105
      ],
      [
       86.96283755521203,
       20.696594868290898
      ],
      [
       86.96283757722426,
       20.696504508624233
      ],
      [
       86.96264552339046,
       20.69650446709105
      ]
     ],
     [
      [
       86.94401643677706,
       20.696137982231058
      ],
      [
       86.94420845705243,
       20.696228404176175
      ],
      [
       86.94420849009848,
       20.696138044529622
      ],
      [
       86.94401643677706,
       20.696137982231058
      ]
     ],
     [
      [
       86.98492381529027,
       20.69605605854279
      ],
      [
       86.98521187772721,
       20.69623680288423
      ],
      [
       86.98511612423816,
       20.693435643894603
      ],
      [
       86.98492415458676,
       20.692622389722683
      ],
      [
       86.98492464555142,
       20.68765260348264
      ],
      [
       86.98521277092408,
       20.687020109984086
      ],
      [
       86.98511676758098,
       20.686839382152026
      ],
      [
       86.98530887016616,
       20.68620688011356
      ],
      [
       86.98530896583225,
       20.685212922353553
      ],
      [
       86.98550102265575,
       20.685032219009432
      ],
      [
       86.98550106556961,
       20.684580419979902
      ],
      [
       86.98588521848986,
       20.68376721354493
      ],
      [
       86.98578938461745,
       20.681779289454738
      ],
      [
       86.9855973663277,
       20.681598553840303
      ],
      [
       86.98540540031897,
       20.680875658943265
      ],
      [
       86.98530933974547,
       20.681327450011022
      ],
      [
       86.98550136593435,
       20.68141782611063
      ],
      [
       86.98550126295851,
       20.68250214413928
      ],
      [
       86.98511711999083,
       20.68322499001667
      ],
      [
       86.9851170935627,
       20.683496069479354
      ],
      [
       86.98492504714214,
       20.683586412610797
      ],
      [
       86.98492500252573,
       20.68403821169121
      ],
      [
       86.9845408529598,
       20.68476105615161
      ],
      [
       86.98454075229428,
       20.685755013960154
      ],
      [
       86.98434868415914,
       20.686026076010993
      ],
      [
       86.9840604532827,
       20.687652525724438
      ],
      [
       86.98406025509546,
       20.68955008080085
      ],
      [
       86.98386808580501,
       20.69072473967274
      ],
      [
       86.98406008520291,
       20.691176556248344
      ],
      [
       86.98425187123824,
       20.69370664621663
      ],
      [
       86.98453988266321,
       20.694339190267446
      ],
      [
       86.98473180720396,
       20.695604243179755
      ],
      [
       86.98492385100894,
       20.695694619784007
      ],
      [
       86.98492381529027,
       20.69605605854279
      ]
     ],
     [
      [
       86.96351002500612,
       20.69542033622236
      ],
      [
       86.963702034479,
       20.695601096146692
      ],
      [
       86.96360607279718,
       20.695329996853086
      ],
      [
       86.96302993762478,
       20.695239514507804
      ],
      [
       86.96351002500612,
       20.69542033622236
      ]
     ],
     [
      [
       86.94881834599104,
       20.69442264187616
      ],
      [
       86.9490103669691,
       20.69451305848909
      ],
      [
       86.9490103971682,
       20.694422698817473
      ],
      [
       86.94881834599104,
       20.69442264187616
      ]
     ],
     [
      [
       86.96399041211488,
       20.694336121015443
      ],
      [
       86.9640863951281,
       20.694516860437556
      ],
      [
       86.96408643766836,
       20.694336141057196
      ],
      [
       86.96399041211488,
       20.694336121015443
      ]
     ],
     [
      [
       86.94901054816123,
       20.69397090044515
      ],
      [
       86.94910654332428,
       20.694061288511357
      ],
      [
       86.94910657346568,
       20.69397092883486
      ],
      [
       86.94901054816123,
       20.69397090044515
      ]
     ],
     [
      [
       86.94901078974165,
       20.693248023000212
      ],
      [
       86.94910678445105,
       20.693338411072908
      ],
      [
       86.94910681459116,
       20.693248051388842
      ],
      [
       86.94901078974165,
       20.693248023000212
      ]
     ],
     [
      [
       86.95822949756516,
       20.69207582815883
      ],
      [
       86.9584214227017,
       20.692527673137075
      ],
      [
       86.95842154581402,
       20.692075874605216
      ],
      [
       86.95822949756516,
       20.69207582815883
      ]
     ],
     [
      [
       86.96015002727427,
       20.691895563567734
      ],
      [
       86.96024609837018,
       20.691714866320027
      ],
      [
       86.95995805038378,
       20.69162443990676
      ],
      [
       86.95995800296018,
       20.691805159335278
      ],
      [
       86.96015002727427,
       20.691895563567734
      ]
     ],
     [
      [
       86.95256429919422,
       20.69135148405716
      ],
      [
       86.95266029482251,
       20.691441870171943
      ],
      [
       86.95266032285535,
       20.691351510463175
      ],
      [
       86.95256429919422,
       20.69135148405716
      ]
     ],
     [
      [
       86.94670767661742,
       20.689000419562376
      ],
      [
       86.94680366729348,
       20.689090808953935
      ],
      [
       86.9468036987905,
       20.68900044922868
      ],
      [
       86.94670767661742,
       20.689000419562376
      ]
     ],
     [
      [
       86.94094662626665,
       20.688275663914023
      ],
      [
       86.94123469138997,
       20.688275762378847
      ],
      [
       86.94123476097549,
       20.688095042927557
      ],
      [
       86.94094669619328,
       20.688094944463675
      ],
      [
       86.94085077965867,
       20.687823832353228
      ],
      [
       86.94056268020032,
       20.68791409297664
      ],
      [
       86.94056260981964,
       20.688094812429515
      ],
      [
       86.94085067459959,
       20.68809491153538
      ],
      [
       86.94094662626665,
       20.688275663914023
      ]
     ],
     [
      [
       86.9466120653685,
       20.687825713331765
      ],
      [
       86.94680410823635,
       20.6878257727142
      ],
      [
       86.94690028685788,
       20.687374003622445
      ],
      [
       86.94690041260472,
       20.68701256464323
      ],
      [
       86.94670843385957,
       20.686831785875604
      ],
      [
       86.94632431884932,
       20.68692202643626
      ],
      [
       86.94632409640417,
       20.687554544640637
      ],
      [
       86.94651613892991,
       20.687554604343205
      ],
      [
       86.9466120653685,
       20.687825713331765
      ]
     ],
     [
      [
       86.94161908930603,
       20.68746265535009
      ],
      [
       86.94171507599614,
       20.687553047582828
      ],
      [
       86.94171511050327,
       20.687462687849308
      ],
      [
       86.94161908930603,
       20.68746265535009
      ]
     ],
     [
      [
       86.96476022335082,
       20.68737858077658
      ],
      [
       86.96533637093157,
       20.687288337847082
      ],
      [
       86.96562449534596,
       20.687017316239057
      ],
      [
       86.96677670741184,
       20.68719826174257
      ],
      [
       86.96677674675016,
       20.6870175422037
      ],
      [
       86.96696878865235,
       20.68701757911554
      ],
      [
       86.96687280692542,
       20.686836841143535
      ],
      [
       86.96706484860043,
       20.686836877948036
      ],
      [
       86.96716092776201,
       20.68656581694791
      ],
      [
       86.96677682542555,
       20.6866561031146
      ],
      [
       86.96648884261106,
       20.686294608243507
      ],
      [
       86.96629680161946,
       20.68629457079814
      ],
      [
       86.96629676171437,
       20.686475290351265
      ],
      [
       86.9658166586688,
       20.686475195800817
      ],
      [
       86.96572059747236,
       20.686655896278502
      ],
      [
       86.9655285560277,
       20.68665585797651
      ],
      [
       86.96543257623429,
       20.686475119197567
      ],
      [
       86.96476047370227,
       20.686294263532158
      ],
      [
       86.96476053628763,
       20.68602318419975
      ],
      [
       86.96447243325339,
       20.686203844618987
      ],
      [
       86.9637043557105,
       20.685842245456165
      ],
      [
       86.9634162950856,
       20.6858421845554
      ],
      [
       86.96332020973489,
       20.68611324348196
      ],
      [
       86.96312819080606,
       20.686022842729635
      ],
      [
       86.96303206105918,
       20.686474621035718
      ],
      [
       86.96322410227057,
       20.686474662119025
      ],
      [
       86.96332003601609,
       20.686836121663763
      ],
      [
       86.96447224395747,
       20.68701708257107
      ],
      [
       86.96476022335082,
       20.68737858077658
      ]
     ],
     [
      [
       86.94104320645668,
       20.686829941077793
      ],
      [
       86.94123524805325,
       20.686830006662515
      ],
      [
       86.9412353176328,
       20.686649287180945
      ],
      [
       86.94104327626363,
       20.686649221596845
      ],
      [
       86.94104320645668,
       20.686829941077793
      ]
     ],
     [
      [
       86.93864272288826,
       20.686738743478262
      ],
      [
       86.93902691412656,
       20.68646780056688
      ],
      [
       86.93960303753033,
       20.68646800341559
      ],
      [
       86.93960296601878,
       20.68664872289559
      ],
      [
       86.9396990580983,
       20.68646803703648
      ],
      [
       86.93998711980335,
       20.68646813757819
      ],
      [
       86.94008335319681,
       20.685926012517612
      ],
      [
       86.93998751060207,
       20.685474180363496
      ],
      [
       86.93979554199493,
       20.68529339388744
      ],
      [
       86.93941142681241,
       20.68538361905767
      ],
      [
       86.93941131921065,
       20.685654698309367
      ],
      [
       86.93912325904381,
       20.685654596809115
      ],
      [
       86.939027130703,
       20.68592564210996
      ],
      [
       86.93873907002691,
       20.685925539966355
      ],
      [
       86.93864312244727,
       20.685744786319585
      ],
      [
       86.93806700178365,
       20.685744580269095
      ],
      [
       86.9380669284562,
       20.685925299759045
      ],
      [
       86.93768292134516,
       20.68574444183226
      ],
      [
       86.93729876667288,
       20.685925022026876
      ],
      [
       86.93739467570875,
       20.686196136154987
      ],
      [
       86.93777875728172,
       20.686196275237027
      ],
      [
       86.9377786467757,
       20.68646735445486
      ],
      [
       86.9383547701643,
       20.686467561476082
      ],
      [
       86.93864294083247,
       20.686196585042275
      ],
      [
       86.93864272288826,
       20.686738743478262
      ]
     ],
     [
      [
       86.96159184294028,
       20.686112866999142
      ],
      [
       86.96207192237038,
       20.686203333090976
      ],
      [
       86.96207198973026,
       20.685932253763873
      ],
      [
       86.96187997177061,
       20.68584185162053
      ],
      [
       86.96197605950587,
       20.685570793492
      ],
      [
       86.96178401943446,
       20.68557075101987
      ],
      [
       86.96149586815254,
       20.685932126024124
      ],
      [
       86.96159184294028,
       20.686112866999142
      ]
     ],
     [
      [
       86.95199077221943,
       20.683038227322083
      ],
      [
       86.95208676228967,
       20.683128613832547
      ],
      [
       86.95208679064969,
       20.683038254037445
      ],
      [
       86.95199077221943,
       20.683038227322083
      ]
     ],
     [
      [
       86.94286986742671,
       20.68077645062415
      ],
      [
       86.94306190141423,
       20.680776514155816
      ],
      [
       86.94296598568337,
       20.680505402994388
      ],
      [
       86.94277395203717,
       20.68050533935668
      ],
      [
       86.94286986742671,
       20.68077645062415
      ]
     ],
     [
      [
       86.98521339237095,
       20.680604563033818
      ],
      [
       86.98530939191257,
       20.680785290940374
      ],
      [
       86.98530940930122,
       20.680604571242593
      ],
      [
       86.98521339237095,
       20.680604563033818
      ]
     ],
     [
      [
       86.98511737544072,
       20.680604554771563
      ],
      [
       86.98521340987307,
       20.68042384333232
      ],
      [
       86.98482938749801,
       20.679972010693263
      ],
      [
       86.98482936954179,
       20.68015273040391
      ],
      [
       86.98511737544072,
       20.680604554771563
      ]
     ],
     [
      [
       86.94267796913877,
       20.68041494764873
      ],
      [
       86.94296601943735,
       20.68041504318505
      ],
      [
       86.94315818753012,
       20.680053667360525
      ],
      [
       86.94287017172225,
       20.679963212332957
      ],
      [
       86.94267796913877,
       20.68041494764873
      ]
     ],
     [
      [
       86.95074343638926,
       20.68023672109357
      ],
      [
       86.95093544068533,
       20.68032713567621
      ],
      [
       86.95093546972252,
       20.680236775853313
      ],
      [
       86.95074343638926,
       20.68023672109357
      ]
     ],
     [
      [
       86.98454134704988,
       20.679881625248576
      ],
      [
       86.98473338000062,
       20.679881642360687
      ],
      [
       86.98473340710495,
       20.67961056278491
      ],
      [
       86.98454138364347,
       20.679520185812652
      ],
      [
       86.98444540421553,
       20.679158737725636
      ],
      [
       86.98415737490433,
       20.678977991766107
      ],
      [
       86.98377338809595,
       20.678255077086263
      ],
      [
       86.98338935577578,
       20.67798396088717
      ],
      [
       86.98271739197891,
       20.676718856466334
      ],
      [
       86.9825253630076,
       20.67671883711149
      ],
      [
       86.9824293797117,
       20.67644774768187
      ],
      [
       86.98223735108158,
       20.67644772800651
      ],
      [
       86.98223737210166,
       20.67626700822063
      ],
      [
       86.98175734427117,
       20.6759055185149
      ],
      [
       86.98156537086001,
       20.675453698593103
      ],
      [
       86.98031732099729,
       20.67445960165948
      ],
      [
       86.98012529486935,
       20.674459579633936
      ],
      [
       86.98012531838634,
       20.674278859808616
      ],
      [
       86.97993329248585,
       20.67427883756945
      ],
      [
       86.97983730339328,
       20.67409810654089
      ],
      [
       86.97983733917916,
       20.67382702679062
      ],
      [
       86.97897321274712,
       20.673917283506643
      ],
      [
       86.97945326420367,
       20.674007701292034
      ],
      [
       86.97945322773576,
       20.67427878103598
      ],
      [
       86.97983724374889,
       20.674549906105756
      ],
      [
       86.97983721989067,
       20.67473062592507
      ],
      [
       86.9801252478346,
       20.674821019273214
      ],
      [
       86.98022122601944,
       20.675092110032605
      ],
      [
       86.98050926640457,
       20.675092142831442
      ],
      [
       86.98041319499912,
       20.675543931466354
      ],
      [
       86.98070120198103,
       20.675815043642945
      ],
      [
       86.98137328837623,
       20.675905477454453
      ],
      [
       86.9814692694569,
       20.67617656748736
      ],
      [
       86.9817573118895,
       20.676176598202943
      ],
      [
       86.98194931881733,
       20.676357338200155
      ],
      [
       86.98223729853038,
       20.67689952745465
      ],
      [
       86.98223725648839,
       20.67726096699612
      ],
      [
       86.98262129522729,
       20.677441725900096
      ],
      [
       86.98262127466026,
       20.677622445661743
      ],
      [
       86.98290928948228,
       20.677893554090566
      ],
      [
       86.9829092490287,
       20.678254993591697
      ],
      [
       86.98425334421833,
       20.679429799882698
      ],
      [
       86.98425332558082,
       20.679610519604203
      ],
      [
       86.98444535819031,
       20.679610537036908
      ],
      [
       86.98454134704988,
       20.679881625248576
      ]
     ],
     [
      [
       86.93874160817217,
       20.679600355485103
      ],
      [
       86.93883755202748,
       20.679781109196398
      ],
      [
       86.93893364066615,
       20.679600423611635
      ],
      [
       86.93874160817217,
       20.679600355485103
      ]
     ],
     [
      [
       86.94795993860144,
       20.67734438834009
      ],
      [
       86.94805592270846,
       20.67743477714227
      ],
      [
       86.9480559534451,
       20.677344417293106
      ],
      [
       86.94795993860144,
       20.67734438834009
      ]
     ],
     [
      [
       86.94287172678122,
       20.675806659869696
      ],
      [
       86.94306361976601,
       20.676168162810065
      ],
      [
       86.94306375451883,
       20.675806723384728
      ],
      [
       86.94287172678122,
       20.675806659869696
      ]
     ],
     [
      [
       86.94200811664146,
       20.6744509734509
      ],
      [
       86.94229615568692,
       20.674451070079876
      ],
      [
       86.94239227094991,
       20.674180022564286
      ],
      [
       86.94268034339802,
       20.67408975867525
      ],
      [
       86.94268051295388,
       20.673637959285433
      ],
      [
       86.94325665512615,
       20.6734574300444
      ],
      [
       86.94316081086329,
       20.67300559899774
      ],
      [
       86.9429687866472,
       20.673005535598996
      ],
      [
       86.94316084448866,
       20.672915239109564
      ],
      [
       86.94316091173883,
       20.67273451933036
      ],
      [
       86.94296892160193,
       20.672644096041793
      ],
      [
       86.94268078423377,
       20.67291508021253
      ],
      [
       86.94268068250517,
       20.673186159871964
      ],
      [
       86.94229663362295,
       20.67318603179031
      ],
      [
       86.94200866557765,
       20.673005215397904
      ],
      [
       86.94191279092557,
       20.672643743533303
      ],
      [
       86.94152881259262,
       20.672462893965072
      ],
      [
       86.94152912389443,
       20.67164965490967
      ],
      [
       86.9413371707918,
       20.671468869898206
      ],
      [
       86.94143359765386,
       20.670384583649824
      ],
      [
       86.94124157673848,
       20.670384518335688
      ],
      [
       86.94095330087741,
       20.671016939321728
      ],
      [
       86.94104878864712,
       20.67237237063772
      ],
      [
       86.94133671965692,
       20.672643548529745
      ],
      [
       86.9413363726087,
       20.67354714736828
      ],
      [
       86.94152829372288,
       20.67381829222043
      ],
      [
       86.9418163315727,
       20.673818389648055
      ],
      [
       86.9418161594589,
       20.674270189021527
      ],
      [
       86.94200818526106,
       20.674270253707522
      ],
      [
       86.94200811664146,
       20.6744509734509
      ]
     ],
     [
      [
       86.93451941198418,
       20.673725413323613
      ],
      [
       86.93461534716451,
       20.673906169484766
      ],
      [
       86.93461542452947,
       20.673725449755217
      ],
      [
       86.93451941198418,
       20.673725413323613
      ]
     ],
     [
      [
       86.93432762000657,
       20.673183181091794
      ],
      [
       86.93451976062742,
       20.67291217449535
      ],
      [
       86.93480783529695,
       20.67282192375005
      ],
      [
       86.93432785311137,
       20.67264102184949
      ],
      [
       86.9343277754106,
       20.67282174160071
      ],
      [
       86.93413571249322,
       20.672912028240624
      ],
      [
       86.93432762000657,
       20.673183181091794
      ]
     ],
     [
      [
       86.93730481437305,
       20.67119637139201
      ],
      [
       86.93759295800282,
       20.670925396165035
      ],
      [
       86.93749731692267,
       20.67002176234708
      ],
      [
       86.93701707953834,
       20.670473387239266
      ],
      [
       86.93701685600459,
       20.671015546646455
      ],
      [
       86.93730488854514,
       20.671015651596182
      ],
      [
       86.93730481437305,
       20.67119637139201
      ]
     ],
     [
      [
       86.9735012557935,
       20.669488892460507
      ],
      [
       86.97398129008019,
       20.66957932550736
      ],
      [
       86.97398135163793,
       20.669217885664168
      ],
      [
       86.97378931660501,
       20.669308216552007
      ],
      [
       86.97398141319435,
       20.668856445805833
      ],
      [
       86.974173462821,
       20.668675754730618
      ],
      [
       86.97465352493599,
       20.668585465975116
      ],
      [
       86.97484560318237,
       20.668224054199143
      ],
      [
       86.9752296543979,
       20.668133749804884
      ],
      [
       86.9754217452492,
       20.66768197738713
      ],
      [
       86.97561377727384,
       20.66759164466164
      ],
      [
       86.97561382054097,
       20.667320564714824
      ],
      [
       86.97513377767197,
       20.6673204961781
      ],
      [
       86.97503782814958,
       20.666959042369665
      ],
      [
       86.9748458114569,
       20.66695901447455
      ],
      [
       86.97484584120915,
       20.66677829449876
      ],
      [
       86.97455783155776,
       20.666687892266577
      ],
      [
       86.97455787669628,
       20.666416812293562
      ],
      [
       86.97436586068575,
       20.666416783864868
      ],
      [
       86.97407788266003,
       20.66614566084053
      ],
      [
       86.97350183565392,
       20.666145573311326
      ],
      [
       86.97350186699445,
       20.665964853320425
      ],
      [
       86.97263782987511,
       20.66578399842753
      ],
      [
       86.97225378304276,
       20.66587429708032
      ],
      [
       86.97196562742428,
       20.666597130450175
      ],
      [
       86.97138957872627,
       20.666597035865085
      ],
      [
       86.97119735808643,
       20.6676813236973
      ],
      [
       86.97062127055398,
       20.66786194649215
      ],
      [
       86.97052519191422,
       20.6682233700017
      ],
      [
       86.970717210189,
       20.668223402708502
      ],
      [
       86.9707171755508,
       20.668404122647818
      ],
      [
       86.97177331070681,
       20.66822357877477
      ],
      [
       86.97225325793592,
       20.66876581648106
      ],
      [
       86.97244534208437,
       20.668404407392096
      ],
      [
       86.9729254043619,
       20.66831412344386
      ],
      [
       86.97311737505582,
       20.66858523338898
      ],
      [
       86.97350138117847,
       20.668766012754197
      ],
      [
       86.97350134983272,
       20.668946732686447
      ],
      [
       86.97378936311343,
       20.669037136662933
      ],
      [
       86.97350133415972,
       20.669037092651156
      ],
      [
       86.9735012557935,
       20.669488892460507
      ]
     ],
     [
      [
       86.9373064459752,
       20.66722053500969
      ],
      [
       86.93749846289981,
       20.66722060469499
      ],
      [
       86.93749857379072,
       20.66694952487396
      ],
      [
       86.93730655720678,
       20.666949455189656
      ],
      [
       86.9373064459752,
       20.66722053500969
      ]
     ],
     [
      [
       86.95622027183015,
       20.66668421275574
      ],
      [
       86.95631633165303,
       20.66650351715057
      ],
      [
       86.95650832201544,
       20.66659392564577
      ],
      [
       86.95689243088943,
       20.666322942122022
      ],
      [
       86.95785251018178,
       20.66632317938288
      ],
      [
       86.95804460047619,
       20.666052146255527
      ],
      [
       86.95823661599614,
       20.666052192852042
      ],
      [
       86.95842855776363,
       20.666323319174413
      ],
      [
       86.9590046053502,
       20.666323457042203
      ],
      [
       86.95938873314324,
       20.66596210795961
      ],
      [
       86.95948486064397,
       20.6655103306074
      ],
      [
       86.96025287300776,
       20.665691229269633
      ],
      [
       86.96025299053063,
       20.66523942932222
      ],
      [
       86.96015703040064,
       20.665058687188424
      ],
      [
       86.95967701855592,
       20.66496821565227
      ],
      [
       86.95958108317849,
       20.664697113197477
      ],
      [
       86.95919710379394,
       20.664516302795022
      ],
      [
       86.95862098961301,
       20.664787245570036
      ],
      [
       86.95823696175087,
       20.664787153024424
      ],
      [
       86.95814102904289,
       20.66451604976758
      ],
      [
       86.9578530585038,
       20.66433525964274
      ],
      [
       86.95756488790391,
       20.664877349005483
      ],
      [
       86.95737289906882,
       20.66478694167096
      ],
      [
       86.95689281326861,
       20.664967542365805
      ],
      [
       86.9567005942749,
       20.665690374170456
      ],
      [
       86.95593248191271,
       20.665870899628146
      ],
      [
       86.95564438029173,
       20.666141905741874
      ],
      [
       86.95593237767142,
       20.66623233954149
      ],
      [
       86.95622027183015,
       20.66668421275574
      ]
     ],
     [
      [
       86.95497221908875,
       20.666503171515927
      ],
      [
       86.95545228563195,
       20.66641293618573
      ],
      [
       86.9555483724786,
       20.666141881027443
      ],
      [
       86.95535635685277,
       20.666141831438264
      ],
      [
       86.95516450031299,
       20.665599621759625
      ],
      [
       86.95497248536961,
       20.66559957174438
      ],
      [
       86.95487655794992,
       20.66532846670705
      ],
      [
       86.95449260947849,
       20.665057285866414
      ],
      [
       86.95420453392688,
       20.66523792961474
      ],
      [
       86.95420442560177,
       20.665599369545998
      ],
      [
       86.95449236727924,
       20.66587052571075
      ],
      [
       86.95458826749972,
       20.66623199091933
      ],
      [
       86.95478028323683,
       20.666232041363735
      ],
      [
       86.95497221908875,
       20.666503171515927
      ]
     ],
     [
      [
       86.93116231192401,
       20.66631459289414
      ],
      [
       86.93125827915252,
       20.66640499111842
      ],
      [
       86.9312583198051,
       20.666314631181816
      ],
      [
       86.93116231192401,
       20.66631459289414
      ]
     ],
     [
      [
       86.94969192590676,
       20.66604991242857
      ],
      [
       86.94997988998762,
       20.666230716129384
      ],
      [
       86.9499799787292,
       20.665959636218982
      ],
      [
       86.94969192590676,
       20.66604991242857
      ]
     ],
     [
      [
       86.96034895088732,
       20.665420171399226
      ],
      [
       86.96044493486188,
       20.66551055343069
      ],
      [
       86.9604449582529,
       20.665420193440998
      ],
      [
       86.96034895088732,
       20.665420171399226
      ]
     ],
     [
      [
       86.93721155145172,
       20.664509701508457
      ],
      [
       86.93740363899852,
       20.664329051354507
      ],
      [
       86.93711569343185,
       20.664148226663094
      ],
      [
       86.93711558187815,
       20.664419306570096
      ],
      [
       86.93721155145172,
       20.664509701508457
      ]
     ],
     [
      [
       86.95785330771969,
       20.66343165960953
      ],
      [
       86.95794928896873,
       20.663522043045827
      ],
      [
       86.95794931383296,
       20.663431683038137
      ],
      [
       86.95785330771969,
       20.66343165960953
      ]
     ],
     [
      [
       86.9340441475171,
       20.662610959851918
      ],
      [
       86.9341401141363,
       20.66270135651006
      ],
      [
       86.93414015307698,
       20.662610996529324
      ],
      [
       86.9340441475171,
       20.662610959851918
      ]
     ],
     [
      [
       86.94412476542581,
       20.662524159271914
      ],
      [
       86.94422073796899,
       20.662614550337985
      ],
      [
       86.9442207709492,
       20.66252419033938
      ],
      [
       86.94412476542581,
       20.662524159271914
      ]
     ],
     [
      [
       86.95055713586984,
       20.662526122666492
      ],
      [
       86.95065311222743,
       20.662616510162334
      ],
      [
       86.95065314140442,
       20.66252615015439
      ],
      [
       86.95055713586984,
       20.662526122666492
      ]
     ],
     [
      [
       86.94546890725334,
       20.662343869350792
      ],
      [
       86.9455648804805,
       20.662434259672544
      ],
      [
       86.94556491266566,
       20.66234389967
      ],
      [
       86.94546890725334,
       20.662343869350792
      ]
     ],
     [
      [
       86.94374084312503,
       20.662252954468517
      ],
      [
       86.94393285382999,
       20.66225301697654
      ],
      [
       86.9440289584613,
       20.661981968141294
      ],
      [
       86.94383694809655,
       20.66198190574101
      ],
      [
       86.94374084312503,
       20.662252954468517
      ]
     ],
     [
      [
       86.92386841464551,
       20.660889929633992
      ],
      [
       86.92406037866444,
       20.66098037423311
      ],
      [
       86.92406042356085,
       20.66089001425414
      ],
      [
       86.92386841464551,
       20.660889929633992
      ]
     ],
     [
      [
       86.94940560790853,
       20.660899308370762
      ],
      [
       86.94978962595334,
       20.660899420556653
      ],
      [
       86.94978968532287,
       20.660718700506262
      ],
      [
       86.9495977063252,
       20.66062828449435
      ],
      [
       86.94940560790853,
       20.660899308370762
      ]
     ],
     [
      [
       86.9499816941192,
       20.660718756278143
      ],
      [
       86.9500776690032,
       20.660809144110026
      ],
      [
       86.9500776985176,
       20.66071878408395
      ],
      [
       86.9499816941192,
       20.660718756278143
      ]
     ],
     [
      [
       86.92626861333704,
       20.660710252057203
      ],
      [
       86.92636470475375,
       20.660529573083977
      ],
      [
       86.92617273992762,
       20.66043913104156
      ],
      [
       86.92617265263432,
       20.660619851016758
      ],
      [
       86.92626861333704,
       20.660710252057203
      ]
     ],
     [
      [
       86.92242889812786,
       20.65980496839165
      ],
      [
       86.9228130501131,
       20.659534060644987
      ],
      [
       86.92262118013761,
       20.659262894666007
      ],
      [
       86.92233307801325,
       20.659443485246495
      ],
      [
       86.92242889812786,
       20.65980496839165
      ]
     ],
     [
      [
       86.92137318201486,
       20.65917197045534
      ],
      [
       86.92146904611445,
       20.659443094148546
      ],
      [
       86.92146918538766,
       20.659172014177134
      ],
      [
       86.92137318201486,
       20.65917197045534
      ]
     ],
     [
      [
       86.92905345260175,
       20.65917529940147
      ],
      [
       86.9291494141096,
       20.65926569885716
      ],
      [
       86.92914945599351,
       20.65917533884991
      ],
      [
       86.92905345260175,
       20.65917529940147
      ]
     ],
     [
      [
       86.95785452868435,
       20.65900401807975
      ],
      [
       86.95823854201323,
       20.65900411145182
      ],
      [
       86.9586226531846,
       20.658642763740573
      ],
      [
       86.958718827109,
       20.658010266298618
      ],
      [
       86.95823888762331,
       20.657739070591493
      ],
      [
       86.95785482764718,
       20.657919697359006
      ],
      [
       86.95727886225015,
       20.65773883557448
      ],
      [
       86.95747071648432,
       20.65828104339123
      ],
      [
       86.95737461281769,
       20.658642459939905
      ],
      [
       86.95785452868435,
       20.65900401807975
      ]
     ],
     [
      [
       86.94643029155088,
       20.65854904912382
      ],
      [
       86.94671836363534,
       20.65836841820977
      ],
      [
       86.94681452374908,
       20.657916647584017
      ],
      [
       86.94662258158672,
       20.65773586819134
      ],
      [
       86.94614250531829,
       20.657916439138017
      ],
      [
       86.94585462544603,
       20.657554908796115
      ],
      [
       86.94537461342384,
       20.6575547575054
      ],
      [
       86.94537445197457,
       20.65800655775781
      ],
      [
       86.9461424416457,
       20.658097159236558
      ],
      [
       86.94643029155088,
       20.65854904912382
      ]
     ],
     [
      [
       86.91839775291933,
       20.657905548701027
      ],
      [
       86.91858975806045,
       20.657905639396986
      ],
      [
       86.91849390002787,
       20.6576345140758
      ],
      [
       86.91830189522774,
       20.65763442327431
      ],
      [
       86.91839775291933,
       20.657905548701027
      ]
     ],
     [
      [
       86.95737491517907,
       20.657558139180516
      ],
      [
       86.9574708673237,
       20.657738883005187
      ],
      [
       86.95756692002591,
       20.657558186503945
      ],
      [
       86.95737491517907,
       20.657558139180516
      ]
     ],
     [
      [
       86.95775892487329,
       20.657558233613727
      ],
      [
       86.95785487747244,
       20.65773897722564
      ],
      [
       86.95785492729718,
       20.657558257088496
      ],
      [
       86.95775892487329,
       20.657558233613727
      ]
     ],
     [
      [
       86.95766292244953,
       20.657558210085543
      ],
      [
       86.95775899977963,
       20.65728715340125
      ],
      [
       86.95737499076638,
       20.65728705896939
      ],
      [
       86.95737494037498,
       20.657467779111094
      ],
      [
       86.95766292244953,
       20.657558210085543
      ]
     ],
     [
      [
       86.93126238396067,
       20.65727863274501
      ],
      [
       86.93164643318602,
       20.65718842525583
      ],
      [
       86.9317425563744,
       20.65691738315326
      ],
      [
       86.93164663520056,
       20.656736625077386
      ],
      [
       86.9318388403735,
       20.65628490082268
      ],
      [
       86.93155091654374,
       20.656104066734404
      ],
      [
       86.93116691067354,
       20.65610391398655
      ],
      [
       86.93126238396067,
       20.65727863274501
      ]
     ],
     [
      [
       86.94787104574159,
       20.656471208889172
      ],
      [
       86.9479669859583,
       20.65665195799789
      ],
      [
       86.94796704746915,
       20.656471237863762
      ],
      [
       86.94787104574159,
       20.656471208889172
      ]
     ],
     [
      [
       86.94806304919685,
       20.656471266784944
      ],
      [
       86.94815902028286,
       20.65656165572052
      ],
      [
       86.94815905092472,
       20.656471295652707
      ],
      [
       86.94806304919685,
       20.656471266784944
      ]
     ],
     [
      [
       86.94767910413765,
       20.656290430642677
      ],
      [
       86.94787110736526,
       20.65629048875153
      ],
      [
       86.94787116898829,
       20.656109768610115
      ],
      [
       86.94806314129164,
       20.656200186576243
      ],
      [
       86.94806323338496,
       20.65592910635904
      ],
      [
       86.94767922783696,
       20.65592899035717
      ],
      [
       86.94767910413765,
       20.656290430642677
      ]
     ],
     [
      [
       86.93107103142948,
       20.655832795531072
      ],
      [
       86.93116691067354,
       20.65610391398655
      ],
      [
       86.93116703272626,
       20.655832833851008
      ],
      [
       86.93107103142948,
       20.655832795531072
      ]
     ],
     [
      [
       86.94969522726015,
       20.656019949909314
      ],
      [
       86.95065530006735,
       20.655839506942534
      ],
      [
       86.95075135961922,
       20.65565881420841
      ],
      [
       86.95113539338809,
       20.655568563291112
      ],
      [
       86.95171140038376,
       20.65556872543429
      ],
      [
       86.95180751548489,
       20.655207311932557
      ],
      [
       86.951615513606,
       20.655207258206296
      ],
      [
       86.95151956997363,
       20.655026511088824
      ],
      [
       86.95132756832264,
       20.65502645704264
      ],
      [
       86.95123150985007,
       20.655207150112908
      ],
      [
       86.95075153426606,
       20.655116653708923
      ],
      [
       86.95055941561954,
       20.65547803914373
      ],
      [
       86.95017549953408,
       20.655206848450106
      ],
      [
       86.94979149578754,
       20.65520673715237
      ],
      [
       86.94959940454939,
       20.655477761429477
      ],
      [
       86.94940740233726,
       20.655477705245755
      ],
      [
       86.94950325421328,
       20.65592953375542
      ],
      [
       86.94969522726015,
       20.656019949909314
      ]
     ],
     [
      [
       86.94739128586679,
       20.655748182647397
      ],
      [
       86.94748722506395,
       20.655928932035795
      ],
      [
       86.94748728713955,
       20.65574821188792
      ],
      [
       86.94739128586679,
       20.655748182647397
      ]
     ],
     [
      [
       86.93107111291035,
       20.655652075436347
      ],
      [
       86.93116707341007,
       20.65574247380394
      ],
      [
       86.93116711409364,
       20.655652113755917
      ],
      [
       86.93107111291035,
       20.655652075436347
      ]
     ],
     [
      [
       86.91686348085837,
       20.654651855014702
      ],
      [
       86.91715148242966,
       20.6546519935186
      ],
      [
       86.91743963038583,
       20.654381051446997
      ],
      [
       86.91743972797285,
       20.654200331379027
      ],
      [
       86.91686362826215,
       20.654380774923787
      ],
      [
       86.91686348085837,
       20.654651855014702
      ]
     ],
     [
      [
       86.93500766096349,
       20.654478921942555
      ],
      [
       86.93510362306336,
       20.654569318137778
      ],
      [
       86.93510366141787,
       20.6544789580702
      ],
      [
       86.93500766096349,
       20.654478921942555
      ]
     ],
     [
      [
       86.93471973676388,
       20.654298093102586
      ],
      [
       86.93491173744466,
       20.65429816562421
      ],
      [
       86.93491185284616,
       20.654027085411172
      ],
      [
       86.93548781574569,
       20.654117661764257
      ],
      [
       86.9352958917692,
       20.653936869737922
      ],
      [
       86.9353919682493,
       20.653756185553974
      ],
      [
       86.93510400659925,
       20.653665717419486
      ],
      [
       86.93520008313445,
       20.653485033336832
      ],
      [
       86.93491219903949,
       20.653213844721005
      ],
      [
       86.93452808432528,
       20.65348477970894
      ],
      [
       86.93452800693977,
       20.653665499861873
      ],
      [
       86.93433608466738,
       20.65348470676322
      ],
      [
       86.93404804620577,
       20.653574957020197
      ],
      [
       86.93404789029839,
       20.653936397315015
      ],
      [
       86.9344318907472,
       20.65393654363715
      ],
      [
       86.93471973676388,
       20.654298093102586
      ]
     ],
     [
      [
       86.93366381144406,
       20.654116970278782
      ],
      [
       86.93385585098439,
       20.65402668390453
      ],
      [
       86.93385596825628,
       20.653755603688722
      ],
      [
       86.93366400746459,
       20.65366516992086
      ],
      [
       86.93376016399111,
       20.65330376649052
      ],
      [
       86.9334722041661,
       20.65321329563342
      ],
      [
       86.93347188963143,
       20.653936176229752
      ],
      [
       86.93366388985291,
       20.65393625013845
      ],
      [
       86.93366381144406,
       20.654116970278782
      ]
     ],
     [
      [
       86.93558400632114,
       20.653665897248953
      ],
      [
       86.93577604416664,
       20.65357560872871
      ],
      [
       86.93577619598587,
       20.653214168406347
      ],
      [
       86.9354881588772,
       20.65330442107333
      ],
      [
       86.93558400632114,
       20.653665897248953
      ]
     ],
     [
      [
       86.93548831137477,
       20.65294298074167
      ],
      [
       86.93558427279834,
       20.6530333766839
      ],
      [
       86.9355843108657,
       20.652943016599398
      ],
      [
       86.93548831137477,
       20.65294298074167
      ]
     ],
     [
      [
       86.93635298380886,
       20.651316819831653
      ],
      [
       86.9365449432559,
       20.651407250629667
      ],
      [
       86.9365449807523,
       20.651316890526456
      ],
      [
       86.93635298380886,
       20.651316819831653
      ]
     ],
     [
      [
       86.9365449807523,
       20.651316890526456
      ],
      [
       86.93692897464162,
       20.651317031275312
      ],
      [
       86.93702508475158,
       20.651045986011216
      ],
      [
       86.93750507626783,
       20.651046160476437
      ],
      [
       86.9376971096906,
       20.65095586977977
      ],
      [
       86.93769718331983,
       20.650775149558942
      ],
      [
       86.93683320012218,
       20.650774835526022
      ],
      [
       86.93664127873457,
       20.650594044932657
      ],
      [
       86.93644920759507,
       20.650774694567612
      ],
      [
       86.93644909493868,
       20.651045774890935
      ],
      [
       86.93664109154217,
       20.651045845477938
      ],
      [
       86.9365449807523,
       20.651316890526456
      ]
     ],
     [
      [
       86.943744899933,
       20.651229027287968
      ],
      [
       86.94422489208237,
       20.65122918306678
      ],
      [
       86.94412902570969,
       20.65086771154174
      ],
      [
       86.94374503289814,
       20.650867586814286
      ],
      [
       86.943744899933,
       20.651229027287968
      ]
     ],
     [
      [
       86.94556896661484,
       20.650958531783754
      ],
      [
       86.94585692941016,
       20.651048982488554
      ],
      [
       86.9458569614034,
       20.65095862236644
      ],
      [
       86.94556896661484,
       20.650958531783754
      ]
     ],
     [
      [
       86.94537703464322,
       20.650777750882714
      ],
      [
       86.94566502909038,
       20.650777841784887
      ],
      [
       86.94566506119655,
       20.650687481660228
      ],
      [
       86.94518510312538,
       20.650596969765466
      ],
      [
       86.94537703464322,
       20.650777750882714
      ]
     ]
    ]
   },
   "properties": {
    "id": "P02",
    "area_ha": 3359.200000026903,
    "quality": 0.9906539852850478,
    "confidence": 0.9906539852850478,
    "habitat_class": "mangrove",
    "name": null,
    "protected": false,
    "perimeter_km": 120.84152950234333,
    "bbox": [
     20.649058888593235,
     86.9119405705714,
     20.71185935429855,
     87.02007033144987
    ],
    "extra": {
     "pixel_count": 335920,
     "label_value": 61,
     "centroid_pixel": [
      1914.4309567754228,
      1734.9549446296737
     ]
    },
    "centroid_lat": 20.683361420953943,
    "centroid_lon": 86.96369831614518,
    "criticality_rank": 2,
    "criticality_score": 0.4157152675587465,
    "delta_connectivity": 0.0036685132379426196,
    "delta_pct": 41.57152675587464,
    "degree": 3,
    "is_cut_vertex": false,
    "component_count_after": 3,
    "rank_by_area": 2,
    "criticality_level": "critical"
   }
  },
  {
   "type": "Feature",
   "id": "P03",
   "geometry": {
    "type": "Polygon",
    "coordinates": [
     [
      [
       86.99384885588218,
       20.830510777688634
      ],
      [
       86.99288774810407,
       20.83033002394086
      ],
      [
       86.99259942239851,
       20.83014929517216
      ],
      [
       86.99173442475858,
       20.830058897355777
      ],
      [
       86.99163832339475,
       20.829878176127778
      ],
      [
       86.99077332787833,
       20.8297877734585
      ],
      [
       86.99067722783322,
       20.82960705168634
      ],
      [
       86.98990835145474,
       20.829426291562807
      ],
      [
       86.98837063195323,
       20.828703327785153
      ],
      [
       86.988082328952,
       20.82834187479031
      ],
      [
       86.98740957973962,
       20.828070751789365
      ],
      [
       86.98596792022641,
       20.828160998127057
      ],
      [
       86.98404575563326,
       20.82779939677465
      ],
      [
       86.98346913565375,
       20.82743790890852
      ],
      [
       86.98289260004911,
       20.826353552576574
      ],
      [
       86.98289274287993,
       20.82508853603295
      ],
      [
       86.98298889164037,
       20.82472711226486
      ],
      [
       86.98327724541835,
       20.82445606562475
      ],
      [
       86.9833734226031,
       20.823823566583467
      ],
      [
       86.98308510046111,
       20.823823538376697
      ],
      [
       86.98270071220146,
       20.82346206662796
      ],
      [
       86.98270074314757,
       20.823190991578937
      ],
      [
       86.9828929571061,
       20.823191010867742
      ],
      [
       86.9831813181589,
       20.82282960598392
      ],
      [
       86.98346973697349,
       20.821926050427322
      ],
      [
       86.9840464215994,
       20.821474313220246
      ],
      [
       86.98423863338182,
       20.82147433099883
      ],
      [
       86.98471921750343,
       20.820932224264805
      ],
      [
       86.9854880964952,
       20.820570857555207
      ],
      [
       86.98568033274523,
       20.820299798572506
      ],
      [
       86.98606476164208,
       20.820209471865287
      ],
      [
       86.98616088323355,
       20.82002876287974
      ],
      [
       86.98654530313561,
       20.820028793478137
      ],
      [
       86.98673755262094,
       20.81957701651166
      ],
      [
       86.9870258821583,
       20.81939632178722
      ],
      [
       86.9871220097652,
       20.819125253849535
      ],
      [
       86.9873142185711,
       20.819125268178386
      ],
      [
       86.9873142412591,
       20.818854192986603
      ],
      [
       86.9875064497214,
       20.818854207099783
      ],
      [
       86.98760256873398,
       20.818673497276087
      ],
      [
       86.98731430175866,
       20.81813132576664
      ],
      [
       86.98750659867389,
       20.817047038934355
      ],
      [
       86.98721832751279,
       20.816595225585473
      ],
      [
       86.98731458909631,
       20.81469770564022
      ],
      [
       86.98702629204114,
       20.814607325628316
      ],
      [
       86.98693033850167,
       20.812890507737066
      ],
      [
       86.98721865508713,
       20.812709812540852
      ],
      [
       86.98721868555535,
       20.812348378679836
      ],
      [
       86.98750699332108,
       20.81225804145543
      ],
      [
       86.98750700821122,
       20.812077324517112
      ],
      [
       86.98769921541202,
       20.811986979939235
      ],
      [
       86.98789146567846,
       20.8113544842949
      ],
      [
       86.98808366463278,
       20.811354497756387
      ],
      [
       86.98817981341604,
       20.81072199503742
      ],
      [
       86.98875644807431,
       20.81017988287935
      ],
      [
       86.98875646817352,
       20.809908807403573
      ],
      [
       86.98894866529604,
       20.80990881989489
      ],
      [
       86.98923698663327,
       20.80954740424644
      ],
      [
       86.98971748442236,
       20.80945707522639
      ],
      [
       86.99058241379238,
       20.808734256874875
      ],
      [
       86.99115901123317,
       20.808553570548188
      ],
      [
       86.99144734510922,
       20.807830717067947
      ],
      [
       86.99221616480932,
       20.807017526992674
      ],
      [
       86.99269668761974,
       20.806204321360717
      ],
      [
       86.99288888004968,
       20.80620432943543
      ],
      [
       86.9931771930827,
       20.805662189925947
      ],
      [
       86.99346548459032,
       20.805571842609787
      ],
      [
       86.9936576913323,
       20.80521041565457
      ],
      [
       86.9942342820189,
       20.804758643269423
      ],
      [
       86.99452260054558,
       20.803855067179622
      ],
      [
       86.99509918934244,
       20.803222574686142
      ],
      [
       86.99519530370226,
       20.80259006742481
      ],
      [
       86.99538749704845,
       20.8024093555537
      ],
      [
       86.9955797057337,
       20.8016864919923
      ],
      [
       86.99586799071609,
       20.80150578201238
      ],
      [
       86.9958680005602,
       20.80114434767155
      ],
      [
       86.99654066605311,
       20.800511852418417
      ],
      [
       86.99634848953305,
       20.8001504140532
      ],
      [
       86.99663676467176,
       20.800240778543046
      ],
      [
       86.99692505297317,
       20.799698632353945
      ],
      [
       86.99721332925668,
       20.799698637277842
      ],
      [
       86.99769379659656,
       20.79924685138375
      ],
      [
       86.9980781638303,
       20.799246856119183
      ],
      [
       86.99865471708455,
       20.79897578578184
      ],
      [
       86.99942345292581,
       20.798252921175003
      ],
      [
       86.99990390887821,
       20.79816256349841
      ],
      [
       87.00038436357175,
       20.79780112861235
      ],
      [
       87.00115309002844,
       20.79771076654567
      ],
      [
       87.00134527009762,
       20.797530047897872
      ],
      [
       87.00192181442495,
       20.797530042409562
      ],
      [
       87.00221008922068,
       20.797710756187737
      ],
      [
       87.0031709938,
       20.79753002387307
      ],
      [
       87.00403581749926,
       20.79780108158441
      ],
      [
       87.0042280068378,
       20.798072152819515
      ],
      [
       87.00461237658824,
       20.79825286015561
      ],
      [
       87.0047084789827,
       20.798614292008143
      ],
      [
       87.00490066471623,
       20.7987046452403
      ],
      [
       87.00528503057514,
       20.79870463383253
      ],
      [
       87.00624593034303,
       20.79834316708885
      ],
      [
       87.00691860195302,
       20.79906601018618
      ],
      [
       87.00691861843414,
       20.799427444612796
      ],
      [
       87.00730300351974,
       20.79978886309546
      ],
      [
       87.00768737670174,
       20.79987920490602
      ],
      [
       87.00797567232597,
       20.80024062614012
      ],
      [
       87.00874440661293,
       20.800150230088892
      ],
      [
       87.00912875438394,
       20.799788775675722
      ],
      [
       87.00999357778545,
       20.799698368885192
      ],
      [
       87.01114656341335,
       20.798071842882706
      ],
      [
       87.01124256744401,
       20.79689717450059
      ],
      [
       87.01201116125729,
       20.795270666922402
      ],
      [
       87.01239550365005,
       20.795089922295762
      ],
      [
       87.01258765201895,
       20.794728473704694
      ],
      [
       87.0127798299088,
       20.794728459501748
      ],
      [
       87.01297198462827,
       20.794457369121744
      ],
      [
       87.0133563397206,
       20.794457339640292
      ],
      [
       87.01354849306692,
       20.79418624860699
      ],
      [
       87.01566238633472,
       20.79364391674799
      ],
      [
       87.01595062261661,
       20.79337281420715
      ],
      [
       87.01604666293525,
       20.79292101191059
      ],
      [
       87.01643095544043,
       20.792378823507953
      ],
      [
       87.01633481936285,
       20.79192703928826
      ],
      [
       87.01671915808853,
       20.79183664359902
      ],
      [
       87.01710346581088,
       20.79147517099771
      ],
      [
       87.01796824775877,
       20.79147508264786
      ],
      [
       87.01777603166556,
       20.791113667911244
      ],
      [
       87.01710341490372,
       20.791023377560666
      ],
      [
       87.01671901875201,
       20.790571621966116
      ],
      [
       87.01710328255147,
       20.78984871451312
      ],
      [
       87.01719927626742,
       20.789035476555085
      ],
      [
       87.01777570365878,
       20.788312548110675
      ],
      [
       87.01777565075956,
       20.787860754508905
      ],
      [
       87.01806390454493,
       20.787860724419186
      ],
      [
       87.0182560954663,
       20.78804142153355
      ],
      [
       87.01854426129725,
       20.78731852084289
      ],
      [
       87.01902462594153,
       20.786866674623894
      ],
      [
       87.0192167938722,
       20.786866653220702
      ],
      [
       87.01940891559829,
       20.786505196665424
      ],
      [
       87.02008150175178,
       20.786505119308877
      ],
      [
       87.02008329515773,
       20.80005891898246
      ],
      [
       87.0196989258897,
       20.800058963540526
      ],
      [
       87.01912233782046,
       20.799787952977773
      ],
      [
       87.01912231504386,
       20.799607235782744
      ],
      [
       87.01893013098102,
       20.799607257092617
      ],
      [
       87.01883401651651,
       20.7994265504677
      ],
      [
       87.01864185488631,
       20.799607288653828
      ],
      [
       87.01806528117791,
       20.799426633123378
      ],
      [
       87.0174886046924,
       20.798342389572277
      ],
      [
       87.01700812827887,
       20.798161720638504
      ],
      [
       87.01681596607268,
       20.798342456806918
      ],
      [
       87.01614326977041,
       20.797800369708437
      ],
      [
       87.0156628153267,
       20.79780041423431
      ],
      [
       87.01508624304165,
       20.79752939002728
      ],
      [
       87.01470191519047,
       20.79789085786956
      ],
      [
       87.01460586773281,
       20.798342659156546
      ],
      [
       87.01441368526726,
       20.79834267540694
      ],
      [
       87.01441372818512,
       20.798794468464823
      ],
      [
       87.01422157902446,
       20.799155918929856
      ],
      [
       87.01450992339831,
       20.799878763607836
      ],
      [
       87.01470211656539,
       20.79996910584571
      ],
      [
       87.0147982881488,
       20.80078232491695
      ],
      [
       87.01499046477618,
       20.80069194964543
      ],
      [
       87.01499048263234,
       20.80087266682153
      ],
      [
       87.01518266830207,
       20.800872649923186
      ],
      [
       87.01527882483683,
       20.801505151478835
      ],
      [
       87.01566325375352,
       20.80204726828377
      ],
      [
       87.01585552590751,
       20.802860477761705
      ],
      [
       87.01614382742036,
       20.803041168007095
      ],
      [
       87.01614384665275,
       20.803221885132757
      ],
      [
       87.01672040262679,
       20.80313147134826
      ],
      [
       87.01710482044068,
       20.803492867698992
      ],
      [
       87.01729710215965,
       20.804306075418015
      ],
      [
       87.01710491214213,
       20.804306094687746
      ],
      [
       87.01700878673739,
       20.804035028587375
      ],
      [
       87.01662440738843,
       20.804035066265087
      ],
      [
       87.01652839131818,
       20.804757943944683
      ],
      [
       87.01700889819145,
       20.80502897261201
      ],
      [
       87.01700885766195,
       20.804667538434547
      ],
      [
       87.01729713307124,
       20.80457715106354
      ],
      [
       87.01768156645781,
       20.805028904600206
      ],
      [
       87.01825817188565,
       20.80529991982637
      ],
      [
       87.01816209788713,
       20.80548064710313
      ],
      [
       87.01835430032601,
       20.805570985184545
      ],
      [
       87.01854648089618,
       20.805480605977497
      ],
      [
       87.01835426752345,
       20.805299909571968
      ],
      [
       87.01902692565156,
       20.80520947774489
      ],
      [
       87.01902689164754,
       20.804938402121937
      ],
      [
       87.0192190710151,
       20.80484802215567
      ],
      [
       87.01960349913108,
       20.80520941282759
      ],
      [
       87.02008397702896,
       20.805209357249552
      ],
      [
       87.02008446762613,
       20.80891405654862
      ],
      [
       87.01989227177246,
       20.808914078945666
      ],
      [
       87.01989230733048,
       20.80918515444168
      ],
      [
       87.01970012287128,
       20.80927553512056
      ],
      [
       87.01950798467875,
       20.809727349557928
      ],
      [
       87.01941186310268,
       20.809546643475304
      ],
      [
       87.01912356811832,
       20.80954667586057
      ],
      [
       87.01912354532857,
       20.809365958870966
      ],
      [
       87.01883522824127,
       20.80918527377765
      ],
      [
       87.01845086882525,
       20.809456391047096
      ],
      [
       87.01845092379622,
       20.80990818351097
      ],
      [
       87.01912360230338,
       20.809817751337853
      ],
      [
       87.01921972370823,
       20.809998457576445
      ],
      [
       87.01960411816559,
       20.809998414072016
      ],
      [
       87.01970019330227,
       20.809817686081818
      ],
      [
       87.02008458730029,
       20.80981764150097
      ],
      [
       87.02008480272985,
       20.811444094175506
      ],
      [
       87.01960429339586,
       20.81135379129761
      ],
      [
       87.01941205974578,
       20.811082737730757
      ],
      [
       87.01921986114263,
       20.811082759376514
      ],
      [
       87.01921989550262,
       20.811353834805125
      ],
      [
       87.01893160836367,
       20.811444225344843
      ],
      [
       87.01893163092716,
       20.811624942290894
      ],
      [
       87.01873944280348,
       20.811715321870505
      ],
      [
       87.0183550111773,
       20.81144428802181
      ],
      [
       87.01835498930127,
       20.811263571071358
      ],
      [
       87.01806669105089,
       20.811263601682633
      ],
      [
       87.01797063446999,
       20.81162504567657
      ],
      [
       87.01768235660646,
       20.81180579258578
      ],
      [
       87.01739411951878,
       20.812347972875667
      ],
      [
       87.0174902613166,
       20.812709396955267
      ],
      [
       87.01700977992255,
       20.812890162206763
      ],
      [
       87.0171060434893,
       20.81433588788122
      ],
      [
       87.01672166792906,
       20.81460700112428
      ],
      [
       87.01643344167674,
       20.81532989649907
      ],
      [
       87.01643360819885,
       20.816865989744525
      ],
      [
       87.01614537628548,
       20.817588884448615
      ],
      [
       87.01624152812201,
       20.818040667413662
      ],
      [
       87.01604939723504,
       20.818763552729145
      ],
      [
       87.0157611035101,
       20.818944296269
      ],
      [
       87.0154728644437,
       20.819667189672124
      ],
      [
       87.0151845592598,
       20.819757573837318
      ],
      [
       87.01518457736528,
       20.819938290611844
      ],
      [
       87.01460799140514,
       20.820390132631932
      ],
      [
       87.01460800882373,
       20.82057084939361
      ],
      [
       87.01412750749765,
       20.820841964798834
      ],
      [
       87.01393534636671,
       20.821384130776313
      ],
      [
       87.01345484928076,
       20.821745602641165
      ],
      [
       87.0134548733479,
       20.82201667774077
      ],
      [
       87.01307047957603,
       20.822378140933708
      ],
      [
       87.0130704951629,
       20.822558857654688
      ],
      [
       87.01230170120166,
       20.82328178139738
      ],
      [
       87.01172507295027,
       20.82346253850994
      ],
      [
       87.01143677194781,
       20.823733633035037
      ],
      [
       87.01105239536955,
       20.824456525003523
      ],
      [
       87.01076407843486,
       20.824546901690493
      ],
      [
       87.01057188796845,
       20.824908347002598
      ],
      [
       87.00980306432,
       20.82554090102384
      ],
      [
       87.00961088176422,
       20.82608306186695
      ],
      [
       87.0083615219996,
       20.827077068871557
      ],
      [
       87.00788098416237,
       20.82725780826521
      ],
      [
       87.00768877879491,
       20.827528891925994
      ],
      [
       87.00711212887246,
       20.827709633439706
      ],
      [
       87.00653550096175,
       20.828432522823714
      ],
      [
       87.00567051495521,
       20.828613270221478
      ],
      [
       87.00518997212873,
       20.82888436033569
      ],
      [
       87.0036521982552,
       20.828703683410637
      ],
      [
       87.00297942844738,
       20.828884413018454
      ],
      [
       87.00115332714145,
       20.828884435034727
      ],
      [
       87.00086499380832,
       20.828613361842375
      ],
      [
       87.00019222096097,
       20.828703722214968
      ],
      [
       86.99990388974886,
       20.8283422890995
      ],
      [
       86.99971166924652,
       20.828342288883924
      ],
      [
       86.99951944788431,
       20.828613363351426
      ],
      [
       86.99923111661488,
       20.82861336230048
      ],
      [
       86.99884667285862,
       20.828884435034727
      ],
      [
       86.99788556564665,
       20.828974784167237
      ],
      [
       86.9975011200562,
       20.829155495579815
      ],
      [
       86.99730889370667,
       20.82942656754208
      ],
      [
       86.99682833712009,
       20.829516917611738
      ],
      [
       86.99663610910807,
       20.829787988807794
      ],
      [
       86.99634777560347,
       20.82978798290597
      ],
      [
       86.99557887307243,
       20.830239756211753
      ],
      [
       86.99384885588218,
       20.830510777688634
      ]
     ],
     [
      [
       87.01787176726567,
       20.788131820696545
      ],
      [
       87.01796786272664,
       20.7882221693858
      ],
      [
       87.01796785203237,
       20.7881318106665
      ],
      [
       87.01787176726567,
       20.788131820696545
      ]
     ],
     [
      [
       87.01796784133813,
       20.78804145194624
      ],
      [
       87.018063936799,
       20.78813180058267
      ],
      [
       87.01806392604759,
       20.788041441862458
      ],
      [
       87.01796784133813,
       20.78804145194624
      ]
     ]
    ]
   },
   "properties": {
    "id": "P03",
    "area_ha": 1002.4599999992333,
    "quality": 0.9944752941281807,
    "confidence": 0.9944752941281807,
    "habitat_class": "mangrove",
    "name": null,
    "protected": false,
    "perimeter_km": 18.42529002717451,
    "bbox": [
     20.786505119308877,
     86.98270071220146,
     20.830510777688634,
     87.02008480272985
    ],
    "extra": {
     "pixel_count": 100246,
     "label_value": 1,
     "centroid_pixel": [
      2322.8987091754284,
      299.2195399317678
     ]
    },
    "centroid_lat": 20.813097039728987,
    "centroid_lon": 87.00292133369544,
    "criticality_rank": 8,
    "criticality_score": 0.04126680811916742,
    "delta_connectivity": 0.0003641623093657738,
    "delta_pct": 4.126680811916742,
    "degree": 3,
    "is_cut_vertex": false,
    "component_count_after": 3,
    "rank_by_area": 3,
    "criticality_level": "medium"
   }
  },
  {
   "type": "Feature",
   "id": "P04",
   "geometry": {
    "type": "Polygon",
    "coordinates": [
     [
      [
       86.98664567082065,
       20.771596569449144
      ],
      [
       86.98626140626578,
       20.77123510355369
      ],
      [
       86.98606925810591,
       20.771235088078654
      ],
      [
       86.98578106123257,
       20.770963987761483
      ],
      [
       86.9857810781431,
       20.770783269955658
      ],
      [
       86.985492856761,
       20.770783245857082
      ],
      [
       86.98510860586056,
       20.770331418443575
      ],
      [
       86.98482039436263,
       20.770241034308537
      ],
      [
       86.98424409418762,
       20.768885598664685
      ],
      [
       86.98405194900036,
       20.768885580935052
      ],
      [
       86.98405196796524,
       20.76870486308698
      ],
      [
       86.9835716446408,
       20.768343382116456
      ],
      [
       86.98405204382271,
       20.76798199165672
      ],
      [
       86.98376388567497,
       20.767439811048796
      ],
      [
       86.98376390498095,
       20.767259093170598
      ],
      [
       86.98405213863998,
       20.767078402283428
      ],
      [
       86.98405217656548,
       20.76671696650752
      ],
      [
       86.98347583764377,
       20.76590368148638
      ],
      [
       86.98347586711402,
       20.76563260461962
      ],
      [
       86.98318769548146,
       20.765271140824815
      ],
      [
       86.98318773545887,
       20.764909704974507
      ],
      [
       86.9837641848942,
       20.764638683509837
      ],
      [
       86.98376416559124,
       20.764819401443116
      ],
      [
       86.98395630563769,
       20.76481941949125
      ],
      [
       86.98405235670049,
       20.765000146364475
      ],
      [
       86.98405232825934,
       20.76527122325196
      ],
      [
       86.98424446887721,
       20.765271240978226
      ],
      [
       86.98434051125861,
       20.765542326640098
      ],
      [
       86.98472477501873,
       20.765723079148795
      ],
      [
       86.98491697897414,
       20.765090583403335
      ],
      [
       86.98510913706865,
       20.764909882233823
      ],
      [
       86.98491707760125,
       20.76409663474917
      ],
      [
       86.98520528630219,
       20.76409665980612
      ],
      [
       86.98520534786263,
       20.763464146965546
      ],
      [
       86.9850132095281,
       20.763464130315175
      ],
      [
       86.98510930524901,
       20.763193061721417
      ],
      [
       86.9838604083058,
       20.763192948957045
      ],
      [
       86.9838604274927,
       20.7630122309895
      ],
      [
       86.98357223061433,
       20.762921844693107
      ],
      [
       86.98357227943696,
       20.762470049753528
      ],
      [
       86.98299584799382,
       20.762650711660456
      ],
      [
       86.98299582777948,
       20.76283142963481
      ],
      [
       86.98251547355531,
       20.762921740416424
      ],
      [
       86.98270759064462,
       20.763102477827584
      ],
      [
       86.98289973868432,
       20.7630121380719
      ],
      [
       86.98289949472222,
       20.76518075342119
      ],
      [
       86.98270736449997,
       20.76509037522909
      ],
      [
       86.98270738505968,
       20.764909657302493
      ],
      [
       86.98232311524951,
       20.764819259233473
      ],
      [
       86.98203489450312,
       20.764909588305642
      ],
      [
       86.98203486246416,
       20.765180665193135
      ],
      [
       86.98117023021072,
       20.765180572614113
      ],
      [
       86.98059387792841,
       20.764638354698484
      ],
      [
       86.98040173811437,
       20.764638332890527
      ],
      [
       86.97982540262245,
       20.764005753394994
      ],
      [
       86.97876858756818,
       20.76436706194877
      ],
      [
       86.97876856232625,
       20.764547779882573
      ],
      [
       86.97905677187282,
       20.764547815253195
      ],
      [
       86.97905673452338,
       20.76481889214729
      ],
      [
       86.97886458191878,
       20.76490922758294
      ],
      [
       86.97876854970518,
       20.764638138848056
      ],
      [
       86.97857635895176,
       20.764999550850927
      ],
      [
       86.97905669717335,
       20.765089969032832
      ],
      [
       86.97905665982273,
       20.765361045909835
      ],
      [
       86.9792488128848,
       20.76527071026451
      ],
      [
       86.97905664737239,
       20.765451404866926
      ],
      [
       86.97924875120388,
       20.76572250504582
      ],
      [
       86.97886444370857,
       20.76590317610982
      ],
      [
       86.97876833513666,
       20.766174241115916
      ],
      [
       86.97905651041422,
       20.766445353332376
      ],
      [
       86.97896035180675,
       20.767077854194326
      ],
      [
       86.97915244512464,
       20.76743931336747
      ],
      [
       86.9791523831502,
       20.767891108034547
      ],
      [
       86.979344514794,
       20.767981490173714
      ],
      [
       86.97934446566994,
       20.76834292588693
      ],
      [
       86.97915228398764,
       20.768613979452493
      ],
      [
       86.97915218482085,
       20.769336850809673
      ],
      [
       86.97876785544237,
       20.76960788048704
      ],
      [
       86.97876781756763,
       20.769878957221096
      ],
      [
       86.97828743856427,
       20.769969256088153
      ],
      [
       86.97809526596335,
       20.770149949510348
      ],
      [
       86.97771098565909,
       20.77005954117209
      ],
      [
       86.9776148857054,
       20.770240246492754
      ],
      [
       86.97655803598158,
       20.77051118224218
      ],
      [
       86.97559732883704,
       20.770330330648182
      ],
      [
       86.9754052257075,
       20.77005922653234
      ],
      [
       86.97502094723959,
       20.76996881217742
      ],
      [
       86.97444461397188,
       20.769336215026176
      ],
      [
       86.97540548893785,
       20.768432766072287
      ],
      [
       86.97559763354234,
       20.76843279347198
      ],
      [
       86.97598203699357,
       20.76770997620921
      ],
      [
       86.97627026663936,
       20.76761965732795
      ],
      [
       86.97636654918936,
       20.766264286481018
      ],
      [
       86.97703910031677,
       20.765902941873595
      ],
      [
       86.97713521179956,
       20.765631877828852
      ],
      [
       86.9774234099771,
       20.765722274894326
      ],
      [
       86.97742370523255,
       20.76373437770301
      ],
      [
       86.97723167483575,
       20.763011480532214
      ],
      [
       86.97694352302442,
       20.76265000617148
      ],
      [
       86.97694363265857,
       20.761927134262883
      ],
      [
       86.97742405412602,
       20.761385044066255
      ],
      [
       86.97761618982449,
       20.761385069200198
      ],
      [
       86.97771233715305,
       20.760842927678222
      ],
      [
       86.97800057889854,
       20.760571887796633
      ],
      [
       86.98078653166249,
       20.760572221854368
      ],
      [
       86.98222747835659,
       20.761114530961418
      ],
      [
       86.98299606023133,
       20.76075317270051
      ],
      [
       86.9830920975376,
       20.76102425919917
      ],
      [
       86.98338029053347,
       20.76111464631813
      ],
      [
       86.98347632875286,
       20.7613857325913
      ],
      [
       86.98366846445911,
       20.761385750958414
      ],
      [
       86.98376462880549,
       20.760482169996255
      ],
      [
       86.98395678243976,
       20.76030147001569
      ],
      [
       86.98434105111289,
       20.760301505458976
      ],
      [
       86.98462921607745,
       20.760662967524137
      ],
      [
       86.98453308433258,
       20.761295471949442
      ],
      [
       86.9850134144086,
       20.761385873513245
      ],
      [
       86.98510943801091,
       20.76183767686424
      ],
      [
       86.98539764242938,
       20.761837701595983
      ],
      [
       86.98549368470263,
       20.762108786721473
      ],
      [
       86.98568582132454,
       20.762108802833588
      ],
      [
       86.98587798312775,
       20.761837741741424
      ],
      [
       86.98635830761087,
       20.762018498538502
      ],
      [
       86.98597401792104,
       20.762199185593573
      ],
      [
       86.98626219036392,
       20.762560644845127
      ],
      [
       86.98645433560893,
       20.76247030110729
      ],
      [
       86.98664645681414,
       20.762651034126748
      ],
      [
       86.98664648856271,
       20.76228959816054
      ],
      [
       86.98760718018721,
       20.7621993111344
      ],
      [
       86.98770321932025,
       20.762560754007293
      ],
      [
       86.9879914251126,
       20.7625607743896
      ],
      [
       86.98779927341366,
       20.76274147883522
      ],
      [
       86.98808747954874,
       20.7627414990566
      ],
      [
       86.98808746538721,
       20.762922217033115
      ],
      [
       86.98875993380759,
       20.763102980310087
      ],
      [
       86.98875994716983,
       20.76292226233694
      ],
      [
       86.98895207825542,
       20.763012633784616
      ],
      [
       86.9890482187446,
       20.76201869102365
      ],
      [
       86.989432510609,
       20.761747638088355
      ],
      [
       86.98943252317079,
       20.761566920086327
      ],
      [
       86.99000893099104,
       20.761566954565275
      ],
      [
       86.99000891317611,
       20.76183803156739
      ],
      [
       86.99029710029924,
       20.762109125075877
      ],
      [
       86.99010494014799,
       20.762470550097884
      ],
      [
       86.99020097956688,
       20.762922350554536
      ],
      [
       86.99068131816183,
       20.763012736262525
      ],
      [
       86.99077741445515,
       20.762560946497917
      ],
      [
       86.9909695516522,
       20.762560956702504
      ],
      [
       86.99096958922463,
       20.76192844373567
      ],
      [
       86.99135385174218,
       20.762109181495138
      ],
      [
       86.99144989464527,
       20.762560981274056
      ],
      [
       86.99164202687481,
       20.76265134971835
      ],
      [
       86.99173811026294,
       20.762380277386352
      ],
      [
       86.9915459783188,
       20.762289909046743
      ],
      [
       86.99173811517366,
       20.762289918391854
      ],
      [
       86.99183417389389,
       20.76247064097194
      ],
      [
       86.99202631571676,
       20.762380291001286
      ],
      [
       86.99202632519554,
       20.762199573011216
      ],
      [
       86.99183418845472,
       20.76219956398839
      ],
      [
       86.9919302999923,
       20.761386337524538
      ],
      [
       86.99144998103675,
       20.76102487827193
      ],
      [
       86.99106571583498,
       20.760934499715106
      ],
      [
       86.99096966436531,
       20.76066341766245
      ],
      [
       86.99135394424057,
       20.7604827193993
      ],
      [
       86.99154609388437,
       20.76021165191233
      ],
      [
       86.99260282774546,
       20.760302059663132
      ],
      [
       86.99269890793443,
       20.76003098671887
      ],
      [
       86.99241071595443,
       20.759850256193744
      ],
      [
       86.99231466277061,
       20.759579174858075
      ],
      [
       86.99260286291486,
       20.759579187504404
      ],
      [
       86.99298710476752,
       20.76012135773958
      ],
      [
       86.99298709226387,
       20.760392434789374
      ],
      [
       86.99337135723938,
       20.760482809055564
      ],
      [
       86.99385171193931,
       20.760031031827868
      ],
      [
       86.99385172655509,
       20.759669595743777
      ],
      [
       86.99404386363916,
       20.75957924348657
      ],
      [
       86.99404387071853,
       20.759398525436858
      ],
      [
       86.99433207388975,
       20.759308176156978
      ],
      [
       86.99394783648764,
       20.75858529081012
      ],
      [
       86.9937557006027,
       20.75867564297071
      ],
      [
       86.99346751769839,
       20.7583141961173
      ],
      [
       86.99327538187083,
       20.75840454774379
      ],
      [
       86.9932753978553,
       20.75804311159175
      ],
      [
       86.99346753710795,
       20.757862400919958
      ],
      [
       86.99327545379825,
       20.75677808494002
      ],
      [
       86.99346758368877,
       20.756778092349517
      ],
      [
       86.99346759145195,
       20.756597374241153
      ],
      [
       86.99327546178975,
       20.75659736683172
      ],
      [
       86.99317940506427,
       20.756416644934422
      ],
      [
       86.99337155812937,
       20.755874498092
      ],
      [
       86.99308336089636,
       20.75596484579886
      ],
      [
       86.9929873047985,
       20.755784123781087
      ],
      [
       86.99308338966402,
       20.755332332343674
      ],
      [
       86.99298734646517,
       20.754880533097783
      ],
      [
       86.99269916823899,
       20.754609443875488
      ],
      [
       86.99279524465604,
       20.75433837069685
      ],
      [
       86.99241101809292,
       20.753796199672813
      ],
      [
       86.99221888734712,
       20.753886550167266
      ],
      [
       86.99212280550857,
       20.754247982117796
      ],
      [
       86.9918346591289,
       20.75343473691599
      ],
      [
       86.99145041287626,
       20.75334435914604
      ],
      [
       86.99145042811408,
       20.753073281875132
      ],
      [
       86.99164255828852,
       20.752982932230843
      ],
      [
       86.99145045858896,
       20.752531127307677
      ],
      [
       86.99164259304328,
       20.75235041855853
      ],
      [
       86.99193077948787,
       20.752350432327333
      ],
      [
       86.9920268511093,
       20.752169718608776
      ],
      [
       86.9916426526199,
       20.751266109297823
      ],
      [
       86.99173873371304,
       20.75090467749014
      ],
      [
       86.99135450417947,
       20.75063358124866
      ],
      [
       86.99125847427085,
       20.750091421670184
      ],
      [
       86.99106636344108,
       20.749910693546518
      ],
      [
       86.99116244504597,
       20.749549262004148
      ],
      [
       86.99097032965133,
       20.74945889289213
      ],
      [
       86.99097035110482,
       20.749097456366247
      ],
      [
       86.9922191369472,
       20.749007158282154
      ],
      [
       86.99231521067762,
       20.748736085194444
      ],
      [
       86.99308371836075,
       20.748103603838764
      ],
      [
       86.99327585326888,
       20.74774217487473
      ],
      [
       86.99346797174597,
       20.747742182280717
      ],
      [
       86.99385222330552,
       20.747380759848273
      ],
      [
       86.99481282265295,
       20.74710971405021
      ],
      [
       86.9949089026575,
       20.746477202812947
      ],
      [
       86.99462072733716,
       20.74647719403905
      ],
      [
       86.99452468515545,
       20.74602539518725
      ],
      [
       86.99490891777495,
       20.746025406992825
      ],
      [
       86.99500498779533,
       20.745663973136832
      ],
      [
       86.9953892249787,
       20.74548326552656
      ],
      [
       86.99577348885786,
       20.744308606081237
      ],
      [
       86.99663800249932,
       20.744308625156247
      ],
      [
       86.99663800649213,
       20.7441279067851
      ],
      [
       86.99683012040663,
       20.744127910433733
      ],
      [
       86.99673408672085,
       20.743043598329546
      ],
      [
       86.99692620656701,
       20.742682165071336
      ],
      [
       86.99740649449012,
       20.74223037696436
      ],
      [
       86.99788677203324,
       20.742320742742674
      ],
      [
       86.99779072146366,
       20.741959304705585
      ],
      [
       86.99788677956157,
       20.741778587492046
      ],
      [
       86.99807889051043,
       20.741778589745334
      ],
      [
       86.99807889393232,
       20.741507512107177
      ],
      [
       86.99923156031025,
       20.740965365818028
      ],
      [
       86.99923156167893,
       20.74069428815413
      ],
      [
       86.99951972604934,
       20.740694289200242
      ],
      [
       86.99951972661961,
       20.740513570752896
      ],
      [
       86.999903945438,
       20.740332852945492
      ],
      [
       86.99990394555206,
       20.740152134490547
      ],
      [
       87.00019210855383,
       20.73988105672055
      ],
      [
       87.00048027166966,
       20.739971415388077
      ],
      [
       87.00086448541278,
       20.739338899250622
      ],
      [
       87.00076842828477,
       20.73870638502469
      ],
      [
       87.00048026710779,
       20.73852566758161
      ],
      [
       87.00000000000003,
       20.737441357237877
      ],
      [
       86.99971184195911,
       20.737350997739153
      ],
      [
       86.99971184366957,
       20.736447405113477
      ],
      [
       86.99961579269969,
       20.73599560857735
      ],
      [
       86.99942368939158,
       20.735905248768493
      ],
      [
       86.999711845722,
       20.735363093837464
      ],
      [
       87.00048025655998,
       20.73518237484914
      ],
      [
       87.00048025570484,
       20.73491129700311
      ],
      [
       87.00000000000003,
       20.734911297673488
      ],
      [
       86.99971184726124,
       20.73454986029083
      ],
      [
       86.99961579794449,
       20.733917345069308
      ],
      [
       86.99980789931429,
       20.7336462675052
      ],
      [
       86.99971184982647,
       20.733194470875727
      ],
      [
       87.00000000000003,
       20.732923393208413
      ],
      [
       87.00000000000003,
       20.73274267459792
      ],
      [
       87.0003841986354,
       20.732561955554644
      ],
      [
       87.00038419817939,
       20.732381236936565
      ],
      [
       87.00057629692708,
       20.732290877089874
      ],
      [
       87.00086443974776,
       20.731296923405797
      ],
      [
       87.00048024259448,
       20.730754768961894
      ],
      [
       87.00067233604166,
       20.729941534336604
      ],
      [
       87.00057628564211,
       20.729309019312772
      ],
      [
       87.00028814196625,
       20.728857223313568
      ],
      [
       87.00038418723679,
       20.728043988964806
      ],
      [
       86.9998079072934,
       20.727321114412096
      ],
      [
       86.99961581732187,
       20.726236801665138
      ],
      [
       86.99923163692287,
       20.725785003494455
      ],
      [
       86.99923163965776,
       20.725242847202203
      ],
      [
       86.99894350640963,
       20.724971767515605
      ],
      [
       86.99884746427257,
       20.724610329340713
      ],
      [
       86.9988474758947,
       20.723074219548003
      ],
      [
       86.99865539253162,
       20.722622421104525
      ],
      [
       86.99875144406825,
       20.72162846823469
      ],
      [
       86.99855936024923,
       20.721447747886625
      ],
      [
       86.9985593739198,
       20.72000199697039
      ],
      [
       86.9983672904425,
       20.720001995255565
      ],
      [
       86.99807917547884,
       20.719188757284595
      ],
      [
       86.9980791925648,
       20.717833365452634
      ],
      [
       86.99788711182137,
       20.717833363202182
      ],
      [
       86.99788710931551,
       20.718014082125404
      ],
      [
       86.99759898785871,
       20.71801407834782
      ],
      [
       86.99759899213005,
       20.717742999961615
      ],
      [
       86.9974069145759,
       20.717562278246497
      ],
      [
       86.99750296514145,
       20.71692976338552
      ],
      [
       86.99721485068936,
       20.71665868054495
      ],
      [
       86.9972148556437,
       20.71638760211617
      ],
      [
       86.99615843752368,
       20.71575506541695
      ],
      [
       86.99577430132062,
       20.71503218051239
      ],
      [
       86.99577431134222,
       20.71467074253778
      ],
      [
       86.99519809815395,
       20.7141285704402
      ],
      [
       86.99519810384777,
       20.71394785143598
      ],
      [
       86.99490999309717,
       20.713857483655726
      ],
      [
       86.9943337894174,
       20.713224949105484
      ],
      [
       86.993469459957,
       20.713044199468023
      ],
      [
       86.9931813438554,
       20.71313454781067
      ],
      [
       86.99298927734797,
       20.712953821072396
      ],
      [
       86.99212492767836,
       20.713224862242928
      ],
      [
       86.99135662794595,
       20.713224825387282
      ],
      [
       86.9910685049567,
       20.713405529700335
      ],
      [
       86.9902041667358,
       20.713405482692863
      ],
      [
       86.98943584730806,
       20.71367651578399
      ],
      [
       86.98895565855592,
       20.713676485650566
      ],
      [
       86.98809129056326,
       20.71403786604492
      ],
      [
       86.9873229942582,
       20.71394745168697
      ],
      [
       86.98693881934562,
       20.714218501471553
      ],
      [
       86.98617051461764,
       20.714218441470848
      ],
      [
       86.98569030719624,
       20.71439912122283
      ],
      [
       86.98357748618237,
       20.71421821365567
      ],
      [
       86.9835774667092,
       20.714398932647395
      ],
      [
       86.9833853903025,
       20.71439891421843
      ],
      [
       86.98328933228422,
       20.714579623911263
      ],
      [
       86.98280916108364,
       20.714398857645804
      ],
      [
       86.98261712590146,
       20.714037400374238
      ],
      [
       86.98213694661705,
       20.713946991723844
      ],
      [
       86.9817527624911,
       20.714218029930297
      ],
      [
       86.98108048465619,
       20.71430831686207
      ],
      [
       86.98069628629713,
       20.714669712188687
      ],
      [
       86.97954385008778,
       20.71448886013061
      ],
      [
       86.97944778745962,
       20.71466956767464
      ],
      [
       86.97906363397333,
       20.71466952138728
      ],
      [
       86.9789675457217,
       20.715030947632677
      ],
      [
       86.97829528839816,
       20.714940504704657
      ],
      [
       86.97791108184538,
       20.71530189378237
      ],
      [
       86.97752691344454,
       20.715392203546386
      ],
      [
       86.97675861662002,
       20.71530174205766
      ],
      [
       86.97647047241338,
       20.715482421882182
      ],
      [
       86.97502987438664,
       20.71557257844271
      ],
      [
       86.97445365590819,
       20.715482134422206
      ],
      [
       86.97445370134837,
       20.71521105598317
      ],
      [
       86.9741656158548,
       20.71503029402567
      ],
      [
       86.9733972282291,
       20.715481974418626
      ],
      [
       86.97291701777489,
       20.715572259023368
      ],
      [
       86.97272497224675,
       20.715391509745434
      ],
      [
       86.97262888473847,
       20.71566257293259
      ],
      [
       86.97205266735463,
       20.71557212087799
      ],
      [
       86.97195657853672,
       20.715843183682743
      ],
      [
       86.97157240525817,
       20.715933480148465
      ],
      [
       86.97080412658305,
       20.71575263262052
      ],
      [
       86.97051595699398,
       20.716023661930773
      ],
      [
       86.97032387855727,
       20.716023628927253
      ],
      [
       86.97032398413133,
       20.71548147209366
      ],
      [
       86.96917149934025,
       20.715571629051517
      ],
      [
       86.96878738062445,
       20.715390840883856
      ],
      [
       86.96869139749592,
       20.71511974501677
      ],
      [
       86.96782701152411,
       20.715300304610775
      ],
      [
       86.96773101102909,
       20.715119567684866
      ],
      [
       86.9672508177995,
       20.715119477009868
      ],
      [
       86.96677068367764,
       20.714848306563795
      ],
      [
       86.96629039137483,
       20.71530001059062
      ],
      [
       86.96581017731218,
       20.715390275369177
      ],
      [
       86.96561814045337,
       20.71520951817068
      ],
      [
       86.9651379469508,
       20.715209421602026
      ],
      [
       86.96465773249625,
       20.71529968316639
      ],
      [
       86.96456165171597,
       20.71548038236572
      ],
      [
       86.96417749623528,
       20.71548030285952
      ],
      [
       86.96379338369123,
       20.71529950355587
      ],
      [
       86.96350535397647,
       20.714938004830653
      ],
      [
       86.9638895509069,
       20.714757366882864
      ],
      [
       86.9659063576271,
       20.714757778086824
      ],
      [
       86.96744304951389,
       20.71439663759887
      ],
      [
       86.96849946961383,
       20.71439683412979
      ],
      [
       86.96926782981004,
       20.7141258945288
      ],
      [
       86.96984405794038,
       20.71412599642235
      ],
      [
       86.970036169514,
       20.713945310978218
      ],
      [
       86.97032426564559,
       20.71403572037062
      ],
      [
       86.9715727929128,
       20.713855212056266
      ],
      [
       86.97186093983704,
       20.713674540397587
      ],
      [
       86.97272527949404,
       20.713674679493455
      ],
      [
       86.97589468215962,
       20.712681197849765
      ],
      [
       86.97627887281354,
       20.712410172672328
      ],
      [
       86.97666302059801,
       20.712410225167947
      ],
      [
       86.97781551656371,
       20.71204893945405
      ],
      [
       86.97800761607714,
       20.71186824505929
      ],
      [
       86.97848779910643,
       20.71186830572214
      ],
      [
       86.97877594666967,
       20.71159726291596
      ],
      [
       86.9790640559763,
       20.711597298188295
      ],
      [
       86.97925616573801,
       20.711326242864878
      ],
      [
       86.97964032286741,
       20.711235929189975
      ],
      [
       86.97973638309955,
       20.711055221464523
      ],
      [
       86.98050470652674,
       20.710784231575477
      ],
      [
       86.98060076544948,
       20.71060352335727
      ],
      [
       86.98223341636113,
       20.710242261405156
      ],
      [
       86.98242550836332,
       20.710061562037733
      ],
      [
       86.98309776667355,
       20.709971269795666
      ],
      [
       86.98405816805762,
       20.70951956366378
      ],
      [
       86.98521058961376,
       20.70951966649671
      ],
      [
       86.9855947557491,
       20.709248620415387
      ],
      [
       86.98674719883046,
       20.708977634308777
      ],
      [
       86.98770759043867,
       20.708435548202498
      ],
      [
       86.98837983846306,
       20.708345235316564
      ],
      [
       86.98934022028605,
       20.707803140060587
      ],
      [
       86.99010850441377,
       20.707622466767994
      ],
      [
       86.99212521708994,
       20.70762257079561
      ],
      [
       86.993757779228,
       20.70798407597975
      ],
      [
       86.99394984038696,
       20.70816480196364
      ],
      [
       86.99500620857958,
       20.708435914523932
      ],
      [
       86.99587049660296,
       20.70924917342909
      ],
      [
       86.99606256652807,
       20.709249177927965
      ],
      [
       86.99663876434983,
       20.70979134743709
      ],
      [
       86.99683082556562,
       20.710243148801414
      ],
      [
       86.99731100032196,
       20.710423876051802
      ],
      [
       86.99759910316065,
       20.710694958926414
      ],
      [
       86.99769513356912,
       20.711056398380762
      ],
      [
       86.99807927455839,
       20.711327481690994
      ],
      [
       86.99836737466418,
       20.712140720402775
      ],
      [
       86.99855944737908,
       20.712231081638716
      ],
      [
       86.99865548103223,
       20.712592520493263
      ],
      [
       86.99884755448726,
       20.712682881403115
      ],
      [
       86.99884755243764,
       20.71295395994872
      ],
      [
       86.999039626462,
       20.713044320640535
      ],
      [
       86.9990396236152,
       20.713496118192882
      ],
      [
       86.99980792381207,
       20.714218996798813
      ],
      [
       87.00000000000003,
       20.715484029820537
      ],
      [
       87.00028811804017,
       20.71620690544723
      ],
      [
       87.00067227742014,
       20.716658701762203
      ],
      [
       87.00086436027073,
       20.717291217206263
      ],
      [
       87.00105645348685,
       20.71918876475985
      ],
      [
       87.00134457875978,
       20.719369481645245
      ],
      [
       87.00163271439908,
       20.72045379244291
      ],
      [
       87.00220896784973,
       20.72054414544675
      ],
      [
       87.00230501676539,
       20.720995941346118
      ],
      [
       87.00259315001277,
       20.72135737495624
      ],
      [
       87.00259316077897,
       20.72198989091197
      ],
      [
       87.00307340125882,
       20.723254914778458
      ],
      [
       87.00297736983215,
       20.723887432282954
      ],
      [
       87.00326551208147,
       20.724339224040015
      ],
      [
       87.00326552370413,
       20.724881380388318
      ],
      [
       87.00355366868868,
       20.725333171610405
      ],
      [
       87.00374579222024,
       20.72668855818619
      ],
      [
       87.0040339396557,
       20.727049989143335
      ],
      [
       87.00403397316242,
       20.72831502017034
      ],
      [
       87.00422608968928,
       20.729128249693044
      ],
      [
       87.00413007405454,
       20.730302923415714
      ],
      [
       87.00432221155857,
       20.731748667880666
      ],
      [
       87.00451431252854,
       20.731839022263365
      ],
      [
       87.00489853840834,
       20.732742604859567
      ],
      [
       87.00557100584527,
       20.735995518794986
      ],
      [
       87.00720403653152,
       20.73915803207825
      ],
      [
       87.00720406219227,
       20.739700187490012
      ],
      [
       87.00739617929807,
       20.73988089779906
      ],
      [
       87.00739622760003,
       20.740874849277308
      ],
      [
       87.00758835092248,
       20.741145918564186
      ],
      [
       87.00768444705918,
       20.7419591472153
      ],
      [
       87.00758842751684,
       20.742682025119365
      ],
      [
       87.00720423756277,
       20.743404915223053
      ],
      [
       87.00566739076686,
       20.744941078898435
      ],
      [
       87.00537926307898,
       20.746206116549946
      ],
      [
       87.00432263752246,
       20.746748301329827
      ],
      [
       87.00393842412818,
       20.747561542952113
      ],
      [
       87.00345813877288,
       20.748013349023264
      ],
      [
       87.00288180285105,
       20.749097669330258
      ],
      [
       87.00288180798618,
       20.749368746729125
      ],
      [
       87.00211334343136,
       20.750633785641902
      ],
      [
       87.00182517216255,
       20.751627739186944
      ],
      [
       87.00144092967155,
       20.752079538364615
      ],
      [
       87.0015369971281,
       20.752621692134372
      ],
      [
       87.00144093823177,
       20.752983129348642
      ],
      [
       87.00124881387615,
       20.75307348994491
      ],
      [
       87.00124881610189,
       20.753344567218782
      ],
      [
       87.00105669117558,
       20.753434927596558
      ],
      [
       87.00105669557013,
       20.75406744119578
      ],
      [
       87.00086457013019,
       20.75424816043214
      ],
      [
       87.0008645716712,
       20.754519237669037
      ],
      [
       87.00067244503269,
       20.75460959760507
      ],
      [
       87.00067244663082,
       20.754971033903864
      ],
      [
       87.00038425567425,
       20.755151752933404
      ],
      [
       87.00028819244062,
       20.75551318939734
      ],
      [
       87.00000000000003,
       20.75551318963894
      ],
      [
       86.99951967812414,
       20.755874625228667
      ],
      [
       86.99942360929661,
       20.757049292676182
      ],
      [
       86.99961573816105,
       20.75759144750186
      ],
      [
       86.99942360689907,
       20.757681806009717
      ],
      [
       86.99942360518648,
       20.75813360121947
      ],
      [
       86.99923147312528,
       20.758223959506825
      ],
      [
       86.99923146627451,
       20.75957934497941
      ],
      [
       86.9990393282757,
       20.760302216177486
      ],
      [
       86.99884719256058,
       20.760482933027703
      ],
      [
       86.99884718981998,
       20.76084436907964
      ],
      [
       86.99865505399067,
       20.760934726693947
      ],
      [
       86.99846291062441,
       20.76174795613547
      ],
      [
       86.99807863371268,
       20.762109388267277
      ],
      [
       86.9980786245764,
       20.76283226021898
      ],
      [
       86.99779041563625,
       20.76301297473314
      ],
      [
       86.99759826787229,
       20.763645485049484
      ],
      [
       86.99682970040054,
       20.7642779854359
      ],
      [
       86.99663754504057,
       20.765000853551967
      ],
      [
       86.99625325111033,
       20.765542999388437
      ],
      [
       86.99625324220074,
       20.765904435226982
      ],
      [
       86.99606109843383,
       20.76599478988681
      ],
      [
       86.99586893233484,
       20.766898374894495
      ],
      [
       86.99567678965315,
       20.766898370167084
      ],
      [
       86.99567678451261,
       20.767079088059642
      ],
      [
       86.9951003441304,
       20.767440508361403
      ],
      [
       86.99481209515069,
       20.768434448198327
      ],
      [
       86.99452387170366,
       20.768615157113093
      ],
      [
       86.99452386519165,
       20.768795874969253
      ],
      [
       86.99433172011135,
       20.768795868737048
      ],
      [
       86.9943317133708,
       20.76897658658935
      ],
      [
       86.99413956806208,
       20.768976580142184
      ],
      [
       86.99413955760835,
       20.769247656913425
      ],
      [
       86.99346701286768,
       20.77006086291701
      ],
      [
       86.99279448663648,
       20.77033191276173
      ],
      [
       86.992698404442,
       20.770512626524525
      ],
      [
       86.99231410994147,
       20.770512609760534
      ],
      [
       86.99202587484113,
       20.770783673344962
      ],
      [
       86.99125727927199,
       20.770873994852952
      ],
      [
       86.99077689355218,
       20.771145046442665
      ],
      [
       86.99000828947334,
       20.771325721257686
      ],
      [
       86.9893357705041,
       20.771325680823576
      ],
      [
       86.9888553799308,
       20.771596727023518
      ],
      [
       86.9884710826928,
       20.77159670166116
      ],
      [
       86.98818287381921,
       20.77141596428094
      ],
      [
       86.98789465123423,
       20.77141594421156
      ],
      [
       86.98770248821857,
       20.77159664835723
      ],
      [
       86.98664567082065,
       20.771596569449144
      ]
     ],
     [
      [
       86.97732732590828,
       20.76581262119618
      ],
      [
       86.97742338313398,
       20.76590299279801
      ],
      [
       86.97742339655558,
       20.765812633846643
      ],
      [
       86.97732732590828,
       20.76581262119618
      ]
     ],
     [
      [
       86.9835720157792,
       20.764909742145246
      ],
      [
       86.98376414628805,
       20.76500011937259
      ],
      [
       86.98376415593968,
       20.764909760408326
      ],
      [
       86.9835720157792,
       20.764909742145246
      ]
     ],
     [
      [
       86.98606997037028,
       20.763464219233516
      ],
      [
       86.98616603131487,
       20.76355458597519
      ],
      [
       86.98616603953802,
       20.76346422699474
      ],
      [
       86.98606997037028,
       20.763464219233516
      ]
     ],
     [
      [
       86.98655032420412,
       20.763373898520957
      ],
      [
       86.98664638537738,
       20.76346426499518
      ],
      [
       86.98664639331498,
       20.763373906013594
      ],
      [
       86.98655032420412,
       20.763373898520957
      ]
     ],
     [
      [
       86.98645427119678,
       20.76319317300875
      ],
      [
       86.98655033219876,
       20.763283539538463
      ],
      [
       86.98655034019338,
       20.76319318055502
      ],
      [
       86.98645427119678,
       20.76319317300875
      ]
     ],
     [
      [
       86.98635820220021,
       20.76319316540877
      ],
      [
       86.98645428730008,
       20.76301245503908
      ],
      [
       86.9866464250649,
       20.76301247007777
      ],
      [
       86.9866464488769,
       20.76274139311593
      ],
      [
       86.9862621821983,
       20.762651003835114
      ],
      [
       86.98616610532169,
       20.762741355116926
      ],
      [
       86.98616608887603,
       20.762922073092078
      ],
      [
       86.98635820220021,
       20.76319316540877
      ]
     ],
     [
      [
       86.98607004489064,
       20.762650988367042
      ],
      [
       86.98616610532169,
       20.762741355116926
      ],
      [
       86.98616611354446,
       20.762650996127928
      ],
      [
       86.98607004489064,
       20.762650988367042
      ]
     ],
     [
      [
       86.99279495352437,
       20.7604827858561
      ],
      [
       86.9928910165851,
       20.760573148870662
      ],
      [
       86.99289102081015,
       20.76048278985693
      ],
      [
       86.99279495352437,
       20.7604827858561
      ]
     ]
    ]
   },
   "properties": {
    "id": "P04",
    "area_ha": 657.0399999995475,
    "quality": 0.990847228748324,
    "confidence": 0.990847228748324,
    "habitat_class": "mangrove",
    "name": null,
    "protected": false,
    "perimeter_km": 32.27365031106514,
    "bbox": [
     20.707622466767994,
     86.96350535397647,
     20.771596727023518,
     87.00768444705918
    ],
    "extra": {
     "pixel_count": 65704,
     "label_value": 49,
     "centroid_pixel": [
      2224.6602185559477,
      1089.4602611713137
     ]
    },
    "centroid_lat": 20.741691708578916,
    "centroid_lon": 86.99348362133456,
    "criticality_rank": 9,
    "criticality_score": 0.0287522445088769,
    "delta_connectivity": 0.0002537265234947676,
    "delta_pct": 2.87522445088769,
    "degree": 2,
    "is_cut_vertex": true,
    "component_count_after": 4,
    "rank_by_area": 4,
    "criticality_level": "low"
   }
  },
  {
   "type": "Feature",
   "id": "P05",
   "geometry": {
    "type": "Polygon",
    "coordinates": [
     [
      [
       86.89831596073492,
       20.683828159233286
      ],
      [
       86.89822012266379,
       20.683557023532924
      ],
      [
       86.89716385679374,
       20.68364675632978
      ],
      [
       86.89687604488417,
       20.683285145536004
      ],
      [
       86.896876228003,
       20.683014066498842
      ],
      [
       86.8970682645887,
       20.683014181275713
      ],
      [
       86.89697242924107,
       20.682743044867514
      ],
      [
       86.89716458722106,
       20.68256244016563
      ],
      [
       86.89716476982055,
       20.682291361103285
      ],
      [
       86.89697285610218,
       20.68211052705921
      ],
      [
       86.89678075956091,
       20.682200771870033
      ],
      [
       86.89668486407938,
       20.68201999497156
      ],
      [
       86.8963007934151,
       20.682019764360216
      ],
      [
       86.89630091616742,
       20.681839044979842
      ],
      [
       86.8961089425539,
       20.68174856966332
      ],
      [
       86.89610906553158,
       20.68156785027837
      ],
      [
       86.89639730162747,
       20.681296944546848
      ],
      [
       86.89697340490007,
       20.681297289808953
      ],
      [
       86.89735729150725,
       20.68156859800932
      ],
      [
       86.8980293528572,
       20.681659356588508
      ],
      [
       86.89812573206814,
       20.681117255151566
      ],
      [
       86.8975498113559,
       20.68084583463215
      ],
      [
       86.89745391580513,
       20.680665058132842
      ],
      [
       86.89716580449551,
       20.680755246255778
      ],
      [
       86.89668584242425,
       20.68057423980497
      ],
      [
       86.89639797609499,
       20.680302987821594
      ],
      [
       86.89639809872116,
       20.680122268404702
      ],
      [
       86.89611004930549,
       20.68012209506241
      ],
      [
       86.89601390975348,
       20.68030275658938
      ],
      [
       86.89591801636337,
       20.680121979233498
      ],
      [
       86.89553388865872,
       20.68021210664041
      ],
      [
       86.89553401230705,
       20.680031387226585
      ],
      [
       86.89524602506494,
       20.679940852733775
      ],
      [
       86.89524645901463,
       20.67930833475477
      ],
      [
       86.89505455131118,
       20.67912749853832
      ],
      [
       86.89515081534262,
       20.678766118085303
      ],
      [
       86.89486301736187,
       20.678404503785746
      ],
      [
       86.89457490881468,
       20.67849468761417
      ],
      [
       86.89476706424679,
       20.678314085484995
      ],
      [
       86.89467148521071,
       20.677681508767623
      ],
      [
       86.89505579333711,
       20.677320304030285
      ],
      [
       86.89582384935511,
       20.677411129580626
      ],
      [
       86.8959199872944,
       20.67723046809229
      ],
      [
       86.89620803125352,
       20.67723064172899
      ],
      [
       86.89640018316508,
       20.677050037738194
      ],
      [
       86.89659215105875,
       20.677140512755347
      ],
      [
       86.89707240676422,
       20.676869720777887
      ],
      [
       86.89745634313114,
       20.6770506691068
      ],
      [
       86.8976484933455,
       20.676870063713892
      ],
      [
       86.89764867503114,
       20.676598984468576
      ],
      [
       86.8985126232393,
       20.6768705745089
      ],
      [
       86.89889680062522,
       20.676690080635836
      ],
      [
       86.89908870984968,
       20.676870912632918
      ],
      [
       86.89908918752087,
       20.676148034594174
      ],
      [
       86.8997614040187,
       20.67596770710165
      ],
      [
       86.8998575956451,
       20.675696683599384
      ],
      [
       86.90014569582762,
       20.67560649087929
      ],
      [
       86.90024206361026,
       20.67506438783231
      ],
      [
       86.8999544380406,
       20.67443170252173
      ],
      [
       86.89909032190786,
       20.674431199009415
      ],
      [
       86.89889841573374,
       20.6742503669757
      ],
      [
       86.89899460779351,
       20.673979343902772
      ],
      [
       86.89937865826754,
       20.67397956842911
      ],
      [
       86.89937883685467,
       20.673708489078432
      ],
      [
       86.89918681195783,
       20.673708376923784
      ],
      [
       86.89909097860539,
       20.673437241409474
      ],
      [
       86.89803496421872,
       20.673255900587495
      ],
      [
       86.89793907281597,
       20.67307512421658
      ],
      [
       86.89697907426113,
       20.672893833733795
      ],
      [
       86.89688318433612,
       20.672713056774374
      ],
      [
       86.89621110163543,
       20.672712653589414
      ],
      [
       86.89582730088888,
       20.672350982873034
      ],
      [
       86.8957318444296,
       20.67153768671063
      ],
      [
       86.89611607307944,
       20.671266839077834
      ],
      [
       86.89650011669876,
       20.6712670699862
      ],
      [
       86.89659594410205,
       20.671538206983467
      ],
      [
       86.89678796625509,
       20.671538322011685
      ],
      [
       86.89688416032332,
       20.671267300039354
      ],
      [
       86.89717231469693,
       20.671086752407437
      ],
      [
       86.89717255799653,
       20.670725313174984
      ],
      [
       86.89736470055189,
       20.67054470793389
      ],
      [
       86.89736482197127,
       20.670363988307123
      ],
      [
       86.89717280129089,
       20.6703638739274
      ],
      [
       86.89688507523528,
       20.669911902880276
      ],
      [
       86.8969816336911,
       20.66909872185575
      ],
      [
       86.89650189204964,
       20.668646635318346
      ],
      [
       86.89650207569088,
       20.66837555582453
      ],
      [
       86.89631005751504,
       20.668375440494827
      ],
      [
       86.89621417119415,
       20.668194663084183
      ],
      [
       86.89631042547003,
       20.66783328148495
      ],
      [
       86.89621478500713,
       20.667291064699302
      ],
      [
       86.89602282968907,
       20.667200589212406
      ],
      [
       86.89611896090922,
       20.667019927371054
      ],
      [
       86.89592694443947,
       20.667019811622076
      ],
      [
       86.89583105941597,
       20.666839033975627
      ],
      [
       86.89429492952787,
       20.666838099442472
      ],
      [
       86.89400728128079,
       20.666295763628163
      ],
      [
       86.89362331309766,
       20.666205167376262
      ],
      [
       86.89352717945074,
       20.666385827833263
      ],
      [
       86.8930470138105,
       20.666566250540722
      ],
      [
       86.89256703764606,
       20.666475592383758
      ],
      [
       86.89237514917734,
       20.666294753000784
      ],
      [
       86.89227895029643,
       20.66656577259333
      ],
      [
       86.89103078268961,
       20.666655348469686
      ],
      [
       86.89083863759538,
       20.666835946724692
      ],
      [
       86.89093445219459,
       20.667107086950622
      ],
      [
       86.89122241268569,
       20.667197628661242
      ],
      [
       86.89112627557631,
       20.667378287744082
      ],
      [
       86.89141417247352,
       20.667559188961174
      ],
      [
       86.89141391559201,
       20.667920628258837
      ],
      [
       86.89170194195307,
       20.667920809345638
      ],
      [
       86.89189376771583,
       20.66819200927058
      ],
      [
       86.89218179459309,
       20.66819218955834
      ],
      [
       86.89227767613008,
       20.668372969190017
      ],
      [
       86.8922775487059,
       20.668553688828872
      ],
      [
       86.89150953938679,
       20.668462847594387
      ],
      [
       86.89122112597927,
       20.669004825062355
      ],
      [
       86.89160503562698,
       20.66918578646748
      ],
      [
       86.89170085304119,
       20.669456926206493
      ],
      [
       86.89189300043292,
       20.66927632705593
      ],
      [
       86.89208489205545,
       20.66945716692687
      ],
      [
       86.89208463673506,
       20.669818606153086
      ],
      [
       86.89218083803708,
       20.669547586781604
      ],
      [
       86.89237285766052,
       20.66954770671479
      ],
      [
       86.8922767204156,
       20.669728366389183
      ],
      [
       86.89246874026686,
       20.669728486216627
      ],
      [
       86.89237247569804,
       20.670089865547922
      ],
      [
       86.89218045539313,
       20.670089745611307
      ],
      [
       86.89208425374422,
       20.670360764964045
      ],
      [
       86.89237222104954,
       20.670451304751086
      ],
      [
       86.89227582834603,
       20.670993403582997
      ],
      [
       86.89256360630087,
       20.671355022423562
      ],
      [
       86.89256322497894,
       20.671897181146562
      ],
      [
       86.89179500665647,
       20.67207742048897
      ],
      [
       86.89179519868411,
       20.67180634114426
      ],
      [
       86.89141115376766,
       20.67180609975267
      ],
      [
       86.89131501395339,
       20.671986758832347
      ],
      [
       86.89112299127073,
       20.671986637707775
      ],
      [
       86.89121868085677,
       20.672438497181812
      ],
      [
       86.89093064598241,
       20.672438315250083
      ],
      [
       86.89083476351577,
       20.672257534950408
      ],
      [
       86.89054659948809,
       20.6724380719261
      ],
      [
       86.89045110630438,
       20.671715132752595
      ],
      [
       86.88987523473286,
       20.671443686517538
      ],
      [
       86.88987543016088,
       20.671172607170316
      ],
      [
       86.88949171370471,
       20.67072056258562
      ],
      [
       86.88949197517222,
       20.67035912342851
      ],
      [
       86.88891624183204,
       20.669906954392594
      ],
      [
       86.88872455086853,
       20.669455031629365
      ],
      [
       86.88853253138508,
       20.669454907634876
      ],
      [
       86.88786086116606,
       20.668912313179902
      ],
      [
       86.88747735598928,
       20.668189184629153
      ],
      [
       86.88718932916348,
       20.66818899648542
      ],
      [
       86.8870934537762,
       20.668008214049113
      ],
      [
       86.88670948547274,
       20.667917602423596
      ],
      [
       86.88651780351522,
       20.667465677145213
      ],
      [
       86.8861339042634,
       20.667284704428006
      ],
      [
       86.8854627939955,
       20.666019222017535
      ],
      [
       86.88546306492832,
       20.66565778271373
      ],
      [
       86.88479108165122,
       20.66556697534102
      ],
      [
       86.8846954152926,
       20.665115112048777
      ],
      [
       86.88440759935234,
       20.664843839792056
      ],
      [
       86.88373665152083,
       20.663397630735684
      ],
      [
       86.88239312499519,
       20.662673840903754
      ],
      [
       86.88191358643645,
       20.66204099404004
      ],
      [
       86.8815296362416,
       20.66195037090808
      ],
      [
       86.88143566402728,
       20.659329868801528
      ],
      [
       86.88181967745471,
       20.65933013225605
      ],
      [
       86.88239611473932,
       20.658788366513008
      ],
      [
       86.8827801961134,
       20.658698267931765
      ],
      [
       86.8835480821581,
       20.6588795077733
      ],
      [
       86.88402823467773,
       20.658699111284022
      ],
      [
       86.88537234403913,
       20.65860964951321
      ],
      [
       86.8857564907781,
       20.658429184390673
      ],
      [
       86.88614043469548,
       20.658519798123187
      ],
      [
       86.88642804046317,
       20.65906214735028
      ],
      [
       86.88786808857841,
       20.65906308921905
      ],
      [
       86.88805989647732,
       20.659334293604218
      ],
      [
       86.88844391000548,
       20.65933454231563
      ],
      [
       86.8885397816058,
       20.65951532416532
      ],
      [
       86.88873178859973,
       20.659515448094876
      ],
      [
       86.8890195366589,
       20.65987707319389
      ],
      [
       86.88930748239746,
       20.659967618110194
      ],
      [
       86.88921115112939,
       20.660419355974746
      ],
      [
       86.8894030284939,
       20.660600198950306
      ],
      [
       86.88940283233708,
       20.660871278625194
      ],
      [
       86.88959477576724,
       20.660961761492327
      ],
      [
       86.88997879340435,
       20.660962006806074
      ],
      [
       86.89026693638647,
       20.660781470444785
      ],
      [
       86.89103484193515,
       20.660962677011597
      ],
      [
       86.89151499228335,
       20.660782259720413
      ],
      [
       86.8918988177624,
       20.66105358044994
      ],
      [
       86.8921868311849,
       20.66105376066989
      ],
      [
       86.89276330183266,
       20.660421600355253
      ],
      [
       86.89314725498203,
       20.66051219851623
      ],
      [
       86.89353139742255,
       20.660331716103304
      ],
      [
       86.89439543366458,
       20.660332247126945
      ],
      [
       86.89420361324551,
       20.6600610497607
      ],
      [
       86.89420373833522,
       20.659880329932694
      ],
      [
       86.89439580825464,
       20.659790087645213
      ],
      [
       86.8943003669402,
       20.65897678957405
      ],
      [
       86.89468437964989,
       20.658977024392538
      ],
      [
       86.89478050722877,
       20.658796363109555
      ],
      [
       86.89506833033435,
       20.65906761828282
      ],
      [
       86.8956443497574,
       20.659067967627745
      ],
      [
       86.89583654096305,
       20.65879700385989
      ],
      [
       86.89622055323997,
       20.65879723525754
      ],
      [
       86.89631674018443,
       20.658526213171935
      ],
      [
       86.8962208599794,
       20.65834543558506
      ],
      [
       86.89593279010498,
       20.658435622056633
      ],
      [
       86.89593309768907,
       20.657983822369363
      ],
      [
       86.89612516420837,
       20.657893578122387
      ],
      [
       86.89631772079787,
       20.65708045408697
      ],
      [
       86.89650972478252,
       20.65708056934804
      ],
      [
       86.89660560454374,
       20.65726134679896
      ],
      [
       86.89679760875735,
       20.65726146174066
      ],
      [
       86.89670117922668,
       20.657893923920426
      ],
      [
       86.89698918674026,
       20.65789409609836
      ],
      [
       86.89698906495674,
       20.658074815984037
      ],
      [
       86.89679687670215,
       20.658345781070835
      ],
      [
       86.89650880716232,
       20.658435968505525
      ],
      [
       86.89641237567332,
       20.659068430429667
      ],
      [
       86.89602848563847,
       20.658887479596654
      ],
      [
       86.89612424313883,
       20.659248977135718
      ],
      [
       86.89631618855236,
       20.65933945255084
      ],
      [
       86.89631600466909,
       20.65961053232678
      ],
      [
       86.89612387469025,
       20.659791136681466
      ],
      [
       86.89602750219561,
       20.660333238365787
      ],
      [
       86.89573949009493,
       20.660333064563105
      ],
      [
       86.89554729677317,
       20.660604028165658
      ],
      [
       86.89554717326732,
       20.660784747986337
      ],
      [
       86.89593112900833,
       20.660875339959325
      ],
      [
       86.89573881205595,
       20.661327023567317
      ],
      [
       86.89573807233145,
       20.662411342350488
      ],
      [
       86.89592977534426,
       20.662863257740607
      ],
      [
       86.89583333857922,
       20.663495718994763
      ],
      [
       86.89621711719619,
       20.663857389973973
      ],
      [
       86.89660138675028,
       20.663496181049844
      ],
      [
       86.89660120333254,
       20.66376726069773
      ],
      [
       86.89688922191301,
       20.663767433089276
      ],
      [
       86.89708080830235,
       20.66440006690469
      ],
      [
       86.89746483467304,
       20.664400295592255
      ],
      [
       86.89756144699359,
       20.6634967538101
      ],
      [
       86.89717748369034,
       20.66340616546098
      ],
      [
       86.89727379335962,
       20.662954423210238
      ],
      [
       86.89736992040885,
       20.662773760565354
      ],
      [
       86.89813802521643,
       20.662683855867755
      ],
      [
       86.89823445192133,
       20.66205139322346
      ],
      [
       86.8986186522269,
       20.66178053959942
      ],
      [
       86.89861877210733,
       20.66159981978209
      ],
      [
       86.89833093792542,
       20.661328570564457
      ],
      [
       86.89813892859362,
       20.661328457307643
      ],
      [
       86.89813941036509,
       20.66060557798857
      ],
      [
       86.89861943142664,
       20.66060586071916
      ],
      [
       86.89861979103897,
       20.660063701182047
      ],
      [
       86.89833189963143,
       20.659882811857138
      ],
      [
       86.89833201983886,
       20.6597020920017
      ],
      [
       86.89871615417192,
       20.659521597993514
      ],
      [
       86.89871603441979,
       20.65970231785489
      ],
      [
       86.89890798194916,
       20.659792790390778
      ],
      [
       86.89881143985352,
       20.660605973437445
      ],
      [
       86.8990035676997,
       20.660425366097982
      ],
      [
       86.89948358820813,
       20.660425646421963
      ],
      [
       86.89948394475175,
       20.65988348685906
      ],
      [
       86.8996760708946,
       20.65970287874858
      ],
      [
       86.90025215176291,
       20.659612852786246
      ],
      [
       86.90063651858252,
       20.65907091473187
      ],
      [
       86.90054098568432,
       20.65834797985733
      ],
      [
       86.90102111670997,
       20.65816753597497
      ],
      [
       86.90111729475397,
       20.657896511156615
      ],
      [
       86.90111752855645,
       20.65753507132791
      ],
      [
       86.9008295216825,
       20.65753490604341
      ],
      [
       86.90082963892233,
       20.65735418612495
      ],
      [
       86.90111770390502,
       20.65726399144644
      ],
      [
       86.90111787925076,
       20.65699291155647
      ],
      [
       86.9014059433838,
       20.656902716389553
      ],
      [
       86.90140605993832,
       20.65672199645471
      ],
      [
       86.90073410614585,
       20.65663125121428
      ],
      [
       86.90073398879757,
       20.656811971147334
      ],
      [
       86.90015797778383,
       20.656811638828394
      ],
      [
       86.90015774172159,
       20.657173078676838
      ],
      [
       86.89967761281679,
       20.657353520186206
      ],
      [
       86.89986991309593,
       20.65690183191063
      ],
      [
       86.89958190742597,
       20.656901664548638
      ],
      [
       86.89929413986012,
       20.656540056855732
      ],
      [
       86.89900607518175,
       20.656630248498736
      ],
      [
       86.89900619457157,
       20.656449528571443
      ],
      [
       86.89881425117238,
       20.65635905612696
      ],
      [
       86.89881449040082,
       20.655997616259395
      ],
      [
       86.89852666637236,
       20.65572636723474
      ],
      [
       86.8985268462981,
       20.655455287318045
      ],
      [
       86.89823890351005,
       20.65536475775243
      ],
      [
       86.8982390839426,
       20.65509367782681
      ],
      [
       86.89785502057364,
       20.655183810935455
      ],
      [
       86.89785459796887,
       20.655816330734474
      ],
      [
       86.89747035075679,
       20.656177542864903
      ],
      [
       86.89747016895079,
       20.656448622749984
      ],
      [
       86.89766217214887,
       20.656448736725395
      ],
      [
       86.89756568617334,
       20.6571715594185
      ],
      [
       86.89794963406639,
       20.657262146904305
      ],
      [
       86.89785333005933,
       20.657713889853525
      ],
      [
       86.89823703887042,
       20.65816591648548
      ],
      [
       86.89852504691032,
       20.65816608610202
      ],
      [
       86.89852516687853,
       20.65798536620956
      ],
      [
       86.89881317458082,
       20.657985535343762
      ],
      [
       86.89929360412509,
       20.657353296497455
      ],
      [
       86.89967749421503,
       20.657534240098315
      ],
      [
       86.90015756467157,
       20.657444158553236
      ],
      [
       86.9001573876187,
       20.657715238421133
      ],
      [
       86.90034927461377,
       20.65789606932129
      ],
      [
       86.90025274142702,
       20.658709253389468
      ],
      [
       86.89967660466124,
       20.658889639318566
      ],
      [
       86.899580482797,
       20.6590703033514
      ],
      [
       86.899292473044,
       20.659070135489525
      ],
      [
       86.89929265164342,
       20.658799055671363
      ],
      [
       86.89900458270097,
       20.65888924727068
      ],
      [
       86.89900476180924,
       20.65861816744926
      ],
      [
       86.89842892414705,
       20.658346749504716
      ],
      [
       86.89823679824916,
       20.658527356255803
      ],
      [
       86.89823649746533,
       20.658979155947435
      ],
      [
       86.89852438706224,
       20.65916004544289
      ],
      [
       86.89852426708568,
       20.659340765310752
      ],
      [
       86.89833226024989,
       20.65934065227948
      ],
      [
       86.89804394863272,
       20.659792281978305
      ],
      [
       86.89775599797713,
       20.659701751619377
      ],
      [
       86.89785188084495,
       20.65988252833605
      ],
      [
       86.89737186206659,
       20.659882243479494
      ],
      [
       86.89727597976794,
       20.659701466498444
      ],
      [
       86.89708397248653,
       20.659701352076137
      ],
      [
       86.89708458088231,
       20.65879775277745
      ],
      [
       86.89727658702864,
       20.6587978671943
      ],
      [
       86.89737283277046,
       20.65843648457337
      ],
      [
       86.89708500673993,
       20.65816523321209
      ],
      [
       86.89727713353544,
       20.657984627739705
      ],
      [
       86.8972773156985,
       20.657713547904496
      ],
      [
       86.89718143486007,
       20.65753277083171
      ],
      [
       86.89698943030336,
       20.65753265631567
      ],
      [
       86.89698955208296,
       20.657351936418646
      ],
      [
       86.89727774073424,
       20.65708102825588
      ],
      [
       86.89718192106265,
       20.656809891216568
      ],
      [
       86.89737392471274,
       20.6568100055146
      ],
      [
       86.89737410669285,
       20.65653892564169
      ],
      [
       86.89699028273306,
       20.65626761695708
      ],
      [
       86.89699040450351,
       20.65608689703358
      ],
      [
       86.89737489523955,
       20.65536424609404
      ],
      [
       86.89737531981885,
       20.654731726271418
      ],
      [
       86.89718337954523,
       20.654641252008002
      ],
      [
       86.89718350107695,
       20.654460532049374
      ],
      [
       86.89689543909418,
       20.654550720201986
      ],
      [
       86.89670368248001,
       20.654189165464157
      ],
      [
       86.89622380425926,
       20.654008157526302
      ],
      [
       86.89632029450765,
       20.653285335337127
      ],
      [
       86.89670435399087,
       20.65319520560789
      ],
      [
       86.89718465556341,
       20.652743692253726
      ],
      [
       86.89795264974585,
       20.65274414806632
      ],
      [
       86.89795277035618,
       20.652563428063626
      ],
      [
       86.8984330662654,
       20.652111911178334
      ],
      [
       86.89862506402324,
       20.652112024059747
      ],
      [
       86.89862518383487,
       20.651931304040048
      ],
      [
       86.89891318013368,
       20.65193147296008
      ],
      [
       86.89939347122576,
       20.651479953349046
      ],
      [
       86.90025763441822,
       20.651209374746546
      ],
      [
       86.90035392714108,
       20.65075763006918
      ],
      [
       86.9007378606264,
       20.65084821135932
      ],
      [
       86.90093014950843,
       20.650396521515933
      ],
      [
       86.90150613636855,
       20.650396851159655
      ],
      [
       86.90160225046225,
       20.650216185841366
      ],
      [
       86.90198624125604,
       20.650216404320368
      ],
      [
       86.90198612542724,
       20.650397124394484
      ],
      [
       86.90217812105288,
       20.65039723331467
      ],
      [
       86.9024662873856,
       20.650126316178028
      ],
      [
       86.90304227325454,
       20.65012664069148
      ],
      [
       86.90313844259839,
       20.64985561445978
      ],
      [
       86.90342643502744,
       20.649855775833245
      ],
      [
       86.90342654915088,
       20.649675055740044
      ],
      [
       86.90429052543355,
       20.64967553697277
      ],
      [
       86.90448229441402,
       20.650037083519905
      ],
      [
       86.90438612733297,
       20.650308110503605
      ],
      [
       86.90505805558523,
       20.650398841489295
      ],
      [
       86.90553787725132,
       20.650670184979003
      ],
      [
       86.90601786722495,
       20.650670447005247
      ],
      [
       86.90611397617297,
       20.65048977916
      ],
      [
       86.90649802295351,
       20.6503996275568
      ],
      [
       86.906498243946,
       20.650038187357065
      ],
      [
       86.90707422955072,
       20.65003849841445
      ],
      [
       86.90736233183053,
       20.649857933112376
      ],
      [
       86.90736266024392,
       20.649315772759753
      ],
      [
       86.90784291824328,
       20.64886422936934
      ],
      [
       86.90861078519352,
       20.649045357817414
      ],
      [
       86.90918703537038,
       20.648593861454117
      ],
      [
       86.90995500898408,
       20.64859426377988
      ],
      [
       86.91043488666661,
       20.64877523365032
      ],
      [
       86.9108190847018,
       20.648413992154694
      ],
      [
       86.91101155106354,
       20.647600850480234
      ],
      [
       86.91091566024238,
       20.64742008078737
      ],
      [
       86.91139569243433,
       20.647329967729235
      ],
      [
       86.9113958494719,
       20.647058887447507
      ],
      [
       86.91177983244597,
       20.647059084109955
      ],
      [
       86.91206802747105,
       20.646697790650858
      ],
      [
       86.91206849498576,
       20.64588454970588
      ],
      [
       86.91226079598515,
       20.645342486715144
      ],
      [
       86.9133167373499,
       20.645343020148456
      ],
      [
       86.91341283431906,
       20.645162348083918
      ],
      [
       86.91398880167142,
       20.645162636002258
      ],
      [
       86.91456461762763,
       20.645434002363118
      ],
      [
       86.9147567581565,
       20.645163016904252
      ],
      [
       86.91494874728046,
       20.645163111595977
      ],
      [
       86.91514053589131,
       20.645524646563192
      ],
      [
       86.91504418979464,
       20.64615712016765
      ],
      [
       86.91581210155955,
       20.646247856507003
      ],
      [
       86.91600394318664,
       20.646519030369948
      ],
      [
       86.91629187998366,
       20.646609530367925
      ],
      [
       86.91705984377879,
       20.646609901049736
      ],
      [
       86.91744314285931,
       20.64787512661762
      ],
      [
       86.91763523272326,
       20.647694498128345
      ],
      [
       86.91792317270617,
       20.647784995403825
      ],
      [
       86.91792331817828,
       20.647513915090144
      ],
      [
       86.91811531026865,
       20.647514006270256
      ],
      [
       86.91821116135253,
       20.64778513209588
      ],
      [
       86.91869128654595,
       20.647514278529393
      ],
      [
       86.91869109439747,
       20.64787571895268
      ],
      [
       86.91840305736918,
       20.647965943163555
      ],
      [
       86.91830672317987,
       20.648598418450945
      ],
      [
       86.91811468134718,
       20.64868868757376
      ],
      [
       86.91821077477661,
       20.648508012895988
      ],
      [
       86.91782683665018,
       20.64841747043035
      ],
      [
       86.9176349894151,
       20.6481462986337
      ],
      [
       86.91696301433352,
       20.64814597668989
      ],
      [
       86.91677082476242,
       20.648507324604847
      ],
      [
       86.91648283476667,
       20.648507185505185
      ],
      [
       86.91638703570243,
       20.64814569865601
      ],
      [
       86.91600324845734,
       20.647784071844974
      ],
      [
       86.91581125603828,
       20.647783978314624
      ],
      [
       86.9155230677737,
       20.648145278001653
      ],
      [
       86.9153306747073,
       20.648868064652582
      ],
      [
       86.91494648614328,
       20.649229316204956
      ],
      [
       86.91465849480153,
       20.649229174056824
      ],
      [
       86.91456275008696,
       20.648777326154274
      ],
      [
       86.91408322279514,
       20.647963847118817
      ],
      [
       86.91331514983273,
       20.648144183350116
      ],
      [
       86.91302736608306,
       20.64778259812813
      ],
      [
       86.9129310097933,
       20.648415070351973
      ],
      [
       86.91264276193503,
       20.64886672525567
      ],
      [
       86.91273860414381,
       20.649137854046796
      ],
      [
       86.91235451237078,
       20.649318379648285
      ],
      [
       86.91225835968007,
       20.649589411094368
      ],
      [
       86.91168242786691,
       20.649498757272653
      ],
      [
       86.9115863261122,
       20.649679428266065
      ],
      [
       86.91139433133615,
       20.649679329814468
      ],
      [
       86.91120244149474,
       20.649498511012542
      ],
      [
       86.91062645785743,
       20.64949821373855
      ],
      [
       86.9106263522433,
       20.649678933872494
      ],
      [
       86.91043435747291,
       20.6496788343531
      ],
      [
       86.91043425163075,
       20.649859554482312
      ],
      [
       86.91014609986112,
       20.650130484985954
      ],
      [
       86.91004967699168,
       20.650853315433544
      ],
      [
       86.90995383849368,
       20.65058218521663
      ],
      [
       86.90976184259284,
       20.650582084945004
      ],
      [
       86.90956963295424,
       20.65094342466804
      ],
      [
       86.90928163842615,
       20.65094327353691
      ],
      [
       86.90928137039522,
       20.65139507377234
      ],
      [
       86.9094732068326,
       20.651666254713568
      ],
      [
       86.90956872451284,
       20.652479545384306
      ],
      [
       86.9099526146514,
       20.65266046622945
      ],
      [
       86.91024034719733,
       20.653112416410455
      ],
      [
       86.91052829294348,
       20.653202925986275
      ],
      [
       86.91062402844561,
       20.65365477586247
      ],
      [
       86.9113915562017,
       20.654468412085997
      ],
      [
       86.9113914514642,
       20.65464913211971
      ],
      [
       86.91187124566329,
       20.655010817973448
      ],
      [
       86.91196703827849,
       20.655372307019338
      ],
      [
       86.91225493744825,
       20.65555317371866
      ],
      [
       86.91254263053202,
       20.65609547995823
      ],
      [
       86.91263837376833,
       20.656547328593742
      ],
      [
       86.91302222635055,
       20.6568186025731
      ],
      [
       86.91321392230913,
       20.657360859214606
      ],
      [
       86.91350182669792,
       20.65754172381064
      ],
      [
       86.91359762473424,
       20.657903211864866
      ],
      [
       86.91426918653852,
       20.658716786921545
      ],
      [
       86.91455679166889,
       20.65943980959931
      ],
      [
       86.91474879871838,
       20.65943990457601
      ],
      [
       86.91484455053619,
       20.659891751842846
      ],
      [
       86.91532416910931,
       20.66061486782193
      ],
      [
       86.91532401892655,
       20.660885947706426
      ],
      [
       86.91570783732833,
       20.661247575587463
      ],
      [
       86.91580344375399,
       20.661970502095034
      ],
      [
       86.91628312285835,
       20.66260325532873
      ],
      [
       86.91637838671429,
       20.663958700952058
      ],
      [
       86.91685817274173,
       20.664410732619345
      ],
      [
       86.91685802525015,
       20.664681812395337
      ],
      [
       86.91714589873767,
       20.66495303074195
      ],
      [
       86.91762505687409,
       20.66657973909618
      ],
      [
       86.91820062122169,
       20.667483612256024
      ],
      [
       86.91762466714114,
       20.667302618312327
      ],
      [
       86.91733693505046,
       20.666760321115138
      ],
      [
       86.91714491879046,
       20.666760228987442
      ],
      [
       86.91714501678992,
       20.666579509179922
      ],
      [
       86.91685709108162,
       20.66639865077893
      ],
      [
       86.91666546953262,
       20.66567567884436
      ],
      [
       86.91599366579676,
       20.66522355329304
      ],
      [
       86.91580254765753,
       20.663596981039078
      ],
      [
       86.91532256703529,
       20.663506386150985
      ],
      [
       86.91532246689654,
       20.663687106014397
      ],
      [
       86.91503444831456,
       20.663686964399034
      ],
      [
       86.91484253663435,
       20.663506149860478
      ],
      [
       86.91465118051727,
       20.6623313757864
      ],
      [
       86.91474728667028,
       20.662150703366198
      ],
      [
       86.91503525211928,
       20.662241205396622
      ],
      [
       86.91503560376216,
       20.661608685756928
      ],
      [
       86.91474763950328,
       20.66151818372462
      ],
      [
       86.91474779071335,
       20.661247103864046
      ],
      [
       86.91397980429771,
       20.66115636268528
      ],
      [
       86.91397995686677,
       20.6608852828188
      ],
      [
       86.91359619455665,
       20.660433291135924
      ],
      [
       86.91359634780024,
       20.660162211249496
      ],
      [
       86.91330843837567,
       20.659981346848124
      ],
      [
       86.91330864337547,
       20.659619906981494
      ],
      [
       86.91292483474344,
       20.65925827372943
      ],
      [
       86.91244543880431,
       20.65817371110354
      ],
      [
       86.91206168782112,
       20.657721715906213
      ],
      [
       86.91167778248325,
       20.657540799803296
      ],
      [
       86.91158198921484,
       20.657179310685148
      ],
      [
       86.9111021363726,
       20.65690798408778
      ],
      [
       86.91110229401023,
       20.656636904108826
      ],
      [
       86.910910343159,
       20.656546445092598
      ],
      [
       86.91091055379137,
       20.656185005105524
      ],
      [
       86.91071860362077,
       20.65609454587377
      ],
      [
       86.91062281351482,
       20.6557330561742
      ],
      [
       86.91033486295314,
       20.65564254676489
      ],
      [
       86.91004712539674,
       20.655190596855263
      ],
      [
       86.90966317541367,
       20.655100036256815
      ],
      [
       86.90947170887927,
       20.654196335529207
      ],
      [
       86.90908792292254,
       20.653834693598764
      ],
      [
       86.90803219480328,
       20.65338233398797
      ],
      [
       86.90803235785428,
       20.653111253921384
      ],
      [
       86.90764835972331,
       20.65311104886579
      ],
      [
       86.90774425021483,
       20.653291820253656
      ],
      [
       86.90755225092359,
       20.653291717511284
      ],
      [
       86.90755208701984,
       20.653562797568526
      ],
      [
       86.90640014457034,
       20.653471816604608
      ],
      [
       86.90640025520082,
       20.653291096571408
      ],
      [
       86.90544020291539,
       20.653380933262078
      ],
      [
       86.90544009114963,
       20.65356165328839
      ],
      [
       86.90524809153221,
       20.6535615479813
      ],
      [
       86.90476781108863,
       20.654013083819496
      ],
      [
       86.90476747339231,
       20.654555243836807
      ],
      [
       86.90524719554759,
       20.65500730804761
      ],
      [
       86.90591925617238,
       20.65491731571713
      ],
      [
       86.90572675338072,
       20.655730450887276
      ],
      [
       86.90534274869668,
       20.65573024067627
      ],
      [
       86.90515069029573,
       20.65582049523861
      ],
      [
       86.90515052211171,
       20.65609157519781
      ],
      [
       86.90495851931875,
       20.656091469556223
      ],
      [
       86.90495801372906,
       20.656904709378242
      ],
      [
       86.90476595362429,
       20.65699496349347
      ],
      [
       86.90476584104013,
       20.657175683440617
      ],
      [
       86.90495778901469,
       20.65726614927454
      ],
      [
       86.9052458514264,
       20.657175947693208
      ],
      [
       86.90534162969452,
       20.657537440272478
      ],
      [
       86.9057256389181,
       20.65753765050351
      ],
      [
       86.90572541601122,
       20.657899090381363
      ],
      [
       86.9054372966164,
       20.658079652716957
      ],
      [
       86.90543712892057,
       20.6583507326075
      ],
      [
       86.9052451232885,
       20.658350627273812
      ],
      [
       86.90505283702355,
       20.6588023215201
      ],
      [
       86.90505233186325,
       20.65961556108904
      ],
      [
       86.90524433908318,
       20.659615666643422
      ],
      [
       86.9053400069281,
       20.660157879015077
      ],
      [
       86.90447614079694,
       20.65988632297863
      ],
      [
       86.90447602785291,
       20.660067042863727
      ],
      [
       86.90399600839858,
       20.660066776434086
      ],
      [
       86.9038998340687,
       20.66033780280389
      ],
      [
       86.90361182188985,
       20.660337642142522
      ],
      [
       86.90284401917633,
       20.65997577161644
      ],
      [
       86.90274778536987,
       20.66033715727373
      ],
      [
       86.9029397361018,
       20.660427625330506
      ],
      [
       86.90293944918973,
       20.66087942498738
      ],
      [
       86.90313134344551,
       20.6610602527565
      ],
      [
       86.9034194140818,
       20.66097005429645
      ],
      [
       86.90351519036359,
       20.66133154772314
      ],
      [
       86.90370737052113,
       20.661060575213348
      ],
      [
       86.90389909546396,
       20.66151248190816
      ],
      [
       86.90389875455209,
       20.662054641440832
      ],
      [
       86.90361085311704,
       20.661873760926014
      ],
      [
       86.90361051117613,
       20.662415920431393
      ],
      [
       86.90351461990669,
       20.66223514693405
      ],
      [
       86.90332260940568,
       20.662235039441782
      ],
      [
       86.9032267758068,
       20.66196390586447
      ],
      [
       86.90293876056938,
       20.66196374406741
      ],
      [
       86.90274663541122,
       20.662144355767982
      ],
      [
       86.90274640540467,
       20.662505795421428
      ],
      [
       86.90245856216639,
       20.66223455308201
      ],
      [
       86.90255422171929,
       20.662776766801414
      ],
      [
       86.90236203735118,
       20.663047737956077
      ],
      [
       86.90236140228961,
       20.66404169685124
      ],
      [
       86.9030333896369,
       20.664132435810814
      ],
      [
       86.90322545974405,
       20.664042183738218
      ],
      [
       86.90322557419073,
       20.663861463942975
      ],
      [
       86.90341758673469,
       20.66386157155132
      ],
      [
       86.90380144117765,
       20.664132865822904
      ],
      [
       86.90399294312536,
       20.664946211833275
      ],
      [
       86.90418495703669,
       20.66494631859284
      ],
      [
       86.90418478705834,
       20.665217398257894
      ],
      [
       86.904376744765,
       20.665307864692224
      ],
      [
       86.90456898486302,
       20.664946531470783
      ],
      [
       86.90437708403955,
       20.66476570535624
      ],
      [
       86.90428181299202,
       20.663590973435717
      ],
      [
       86.90447388168607,
       20.663500719961892
      ],
      [
       86.9046661756315,
       20.66304902663636
      ],
      [
       86.90495413673025,
       20.66313954546876
      ],
      [
       86.90505025483685,
       20.66295887851208
      ],
      [
       86.90533827196754,
       20.662959036791406
      ],
      [
       86.9055303951041,
       20.662778422213712
      ],
      [
       86.90610642869598,
       20.662778736685713
      ],
      [
       86.90620232337581,
       20.66295950874432
      ],
      [
       86.90639433480314,
       20.662959613035042
      ],
      [
       86.90649045109653,
       20.66277894526517
      ],
      [
       86.90687447350183,
       20.662779152989803
      ],
      [
       86.90725833140486,
       20.663050439616747
      ],
      [
       86.90725816689523,
       20.663321519365375
      ],
      [
       86.90754613006078,
       20.66341203387622
      ],
      [
       86.90744974098617,
       20.66404450177466
      ],
      [
       86.90773748740162,
       20.66449645558618
      ],
      [
       86.90773726917145,
       20.664857895193503
      ],
      [
       86.90802523551551,
       20.664948408900504
      ],
      [
       86.90792906521182,
       20.665219437378944
      ],
      [
       86.90831309376581,
       20.66521964192426
      ],
      [
       86.90869755424772,
       20.66449696639567
      ],
      [
       86.90898568194451,
       20.664316398780958
      ],
      [
       86.90898600484948,
       20.663774239311305
      ],
      [
       86.90917801731561,
       20.66377434050757
      ],
      [
       86.90917769509187,
       20.664316499980117
      ],
      [
       86.90946523299284,
       20.66512989052957
      ],
      [
       86.90927295056507,
       20.665581589139748
      ],
      [
       86.90936804677256,
       20.66711775771276
      ],
      [
       86.9095597425173,
       20.667660017767655
      ],
      [
       86.91003967949052,
       20.667840988557042
      ],
      [
       86.90994319133209,
       20.668654177285934
      ],
      [
       86.9093672963417,
       20.66838279594577
      ],
      [
       86.90936702831702,
       20.668834595269765
      ],
      [
       86.90917479461152,
       20.669195933700532
      ],
      [
       86.90802267895235,
       20.6691953231427
      ],
      [
       86.90792677823259,
       20.669014552203556
      ],
      [
       86.90773475918786,
       20.669014449589774
      ],
      [
       86.90744711380943,
       20.66838177625528
      ],
      [
       86.90715914134975,
       20.6682912615959
      ],
      [
       86.90706302234982,
       20.668471929612792
      ],
      [
       86.90706318725046,
       20.668200850027397
      ],
      [
       86.90687127939256,
       20.668020026728716
      ],
      [
       86.90619927261298,
       20.6679293026857
      ],
      [
       86.90619943904143,
       20.667658223089955
      ],
      [
       86.905911413046,
       20.667658066214322
      ],
      [
       86.9058155157865,
       20.667477294082328
      ],
      [
       86.90533547303605,
       20.667477031289426
      ],
      [
       86.904855824176,
       20.666844248081972
      ],
      [
       86.9044717350817,
       20.666934395694195
      ],
      [
       86.90437595308197,
       20.66657290301042
      ],
      [
       86.90418382379598,
       20.66675351619904
      ],
      [
       86.90379979143249,
       20.66675330244582
      ],
      [
       86.90370366944384,
       20.666933968611175
      ],
      [
       86.90303161202677,
       20.666933592108016
      ],
      [
       86.90303126793904,
       20.66747575128634
      ],
      [
       86.90255122523264,
       20.66747548074462
      ],
      [
       86.90235932364433,
       20.667294652435142
      ],
      [
       86.90120710569602,
       20.66747471612028
      ],
      [
       86.90101479591405,
       20.667926405295173
      ],
      [
       86.90111039532353,
       20.66855897929564
      ],
      [
       86.90130229700861,
       20.66873980896863
      ],
      [
       86.90159032500428,
       20.66873997354912
      ],
      [
       86.90149414088545,
       20.66901099826662
      ],
      [
       86.90187783067874,
       20.669553376205105
      ],
      [
       86.90197355061629,
       20.670005229966634
      ],
      [
       86.90245365896138,
       20.669915142315187
      ],
      [
       86.90254978431656,
       20.66973447692217
      ],
      [
       86.9028376992574,
       20.669915359097065
      ],
      [
       86.90293307775988,
       20.67090937128024
      ],
      [
       86.90283660725733,
       20.671632195775274
      ],
      [
       86.90264441217862,
       20.671903166924167
      ],
      [
       86.90331631986817,
       20.672174624462233
      ],
      [
       86.90360435435748,
       20.672174785704932
      ],
      [
       86.90379666190057,
       20.671723093855654
      ],
      [
       86.9042766613469,
       20.671813720802128
      ],
      [
       86.904853348095,
       20.670820081519906
      ],
      [
       86.90485368577681,
       20.670277922522594
      ],
      [
       86.90504581872483,
       20.67009730867574
      ],
      [
       86.9053339053065,
       20.67000710717528
      ],
      [
       86.90562176825195,
       20.670278344549846
      ],
      [
       86.90571755548716,
       20.6706398364071
      ],
      [
       86.90658159508322,
       20.670730666462877
      ],
      [
       86.90658170559995,
       20.670549946790004
      ],
      [
       86.90706175802335,
       20.67055020615128
      ],
      [
       86.90735000869351,
       20.670188921761667
      ],
      [
       86.90773394058107,
       20.670369847329656
      ],
      [
       86.90811830816665,
       20.66982789328182
      ],
      [
       86.9080219172983,
       20.67046036102364
      ],
      [
       86.9082138295768,
       20.670641183007657
      ],
      [
       86.90821361240285,
       20.671002622362536
      ],
      [
       86.90859754736239,
       20.671183546002492
      ],
      [
       86.90859738515866,
       20.671454625505955
      ],
      [
       86.90888547223186,
       20.671364418088782
      ],
      [
       86.90888487933995,
       20.672358376213662
      ],
      [
       86.9091729142218,
       20.672358528156927
      ],
      [
       86.90936477662592,
       20.672629708657517
      ],
      [
       86.90926849645113,
       20.673081457269856
      ],
      [
       86.90888444812386,
       20.673081254778022
      ],
      [
       86.90888423250888,
       20.6734426940375
      ],
      [
       86.90850023740882,
       20.673352130874022
      ],
      [
       86.908499966749,
       20.673803929926965
      ],
      [
       86.90878784246563,
       20.67407516194589
      ],
      [
       86.90869155965662,
       20.674526910150686
      ],
      [
       86.90888353172825,
       20.674617371526224
      ],
      [
       86.9088833700027,
       20.67488845092399
      ],
      [
       86.90917130217827,
       20.675069322482734
      ],
      [
       86.90936306071131,
       20.675521222499317
      ],
      [
       86.90984334216611,
       20.675160034994388
      ],
      [
       86.91032335606478,
       20.675250645128255
      ],
      [
       86.91041905150148,
       20.675792853805515
      ],
      [
       86.91070682870672,
       20.676244802162774
      ],
      [
       86.9108021566558,
       20.677419529028022
      ],
      [
       86.91012999978825,
       20.67750953978734
      ],
      [
       86.91003430432808,
       20.67696733105733
      ],
      [
       86.90945853861224,
       20.6764248708209
      ],
      [
       86.90897835997731,
       20.676605337624604
      ],
      [
       86.90849850506059,
       20.67624364440405
      ],
      [
       86.90734628144008,
       20.67633338890768
      ],
      [
       86.90705840405431,
       20.67606215454664
      ],
      [
       86.90609809788471,
       20.67633271366782
      ],
      [
       86.90609748669476,
       20.67732667114198
      ],
      [
       86.90590540153191,
       20.677416926215667
      ],
      [
       86.90590529017474,
       20.67759764574123
      ],
      [
       86.90523318579459,
       20.67759727763495
      ],
      [
       86.90513728315054,
       20.677416505312898
      ],
      [
       86.90484923876248,
       20.67741634659214
      ],
      [
       86.90484901354708,
       20.677777785628447
      ],
      [
       86.9046569270838,
       20.677868039301455
      ],
      [
       86.9047527167143,
       20.6782295313864
      ],
      [
       86.90369643438383,
       20.678409664176872
      ],
      [
       86.90388829459263,
       20.678680850572835
      ],
      [
       86.90350423224322,
       20.67868063604358
      ],
      [
       86.90360041896707,
       20.678409610518596
      ],
      [
       86.90292831105845,
       20.678409233413426
      ],
      [
       86.9018718511748,
       20.67886043422723
      ],
      [
       86.90187173503524,
       20.679041153701103
      ],
      [
       86.90167964523445,
       20.679131404030528
      ],
      [
       86.90110355005028,
       20.67913107452889
      ],
      [
       86.9011033159479,
       20.67949251345314
      ],
      [
       86.9009112837678,
       20.679492403189382
      ],
      [
       86.90091116648745,
       20.679673122644783
      ],
      [
       86.90119903968753,
       20.67994436714015
      ],
      [
       86.90119892274497,
       20.680125086587662
      ],
      [
       86.9017748472879,
       20.680396494954557
      ],
      [
       86.90148650579272,
       20.68084812918576
      ],
      [
       86.90148627257572,
       20.68120956804227
      ],
      [
       86.90177380086882,
       20.682022969788843
      ],
      [
       86.90215763996402,
       20.682384627021083
      ],
      [
       86.90225319503217,
       20.683107559078614
      ],
      [
       86.90206110032778,
       20.683197809770927
      ],
      [
       86.9020608684423,
       20.683559248535243
      ],
      [
       86.90138873789462,
       20.683558865337396
      ],
      [
       86.9011968760472,
       20.683287676306158
      ],
      [
       86.90129306980059,
       20.683016652241268
      ],
      [
       86.90100501488021,
       20.683016487055603
      ],
      [
       86.90100483909293,
       20.68328756612732
      ],
      [
       86.90071678366388,
       20.68328740045793
      ],
      [
       86.90062088283467,
       20.683106625749737
      ],
      [
       86.90014079102917,
       20.683106348299614
      ],
      [
       86.90004453601071,
       20.683467731395204
      ],
      [
       86.89966046166393,
       20.683467508254207
      ],
      [
       86.89966063984014,
       20.683196429199267
      ],
      [
       86.89908446961978,
       20.683286452572354
      ],
      [
       86.89889219329058,
       20.683647778765895
      ],
      [
       86.8985081785795,
       20.683557193376533
      ],
      [
       86.89831596073492,
       20.683828159233286
      ]
     ],
     [
      [
       86.89946884102815,
       20.68283487855841
      ],
      [
       86.89975695492568,
       20.682744686618776
      ],
      [
       86.89975707359137,
       20.682563967234085
      ],
      [
       86.89956509700195,
       20.68247349576173
      ],
      [
       86.8995653347829,
       20.682112056979324
      ],
      [
       86.89927722196933,
       20.68220224860975
      ],
      [
       86.89927692388828,
       20.68265404707666
      ],
      [
       86.89946884102815,
       20.68283487855841
      ]
     ],
     [
      [
       86.89716476982055,
       20.682291361103285
      ],
      [
       86.89764485901888,
       20.682291646831203
      ],
      [
       86.89764491960058,
       20.682201287140504
      ],
      [
       86.89735692700295,
       20.68211075617418
      ],
      [
       86.89716476982055,
       20.682291361103285
      ]
     ],
     [
      [
       86.895726230262,
       20.679760424353244
      ],
      [
       86.89620637290498,
       20.679670354340587
      ],
      [
       86.89630263456189,
       20.679308973256994
      ],
      [
       86.89572666221831,
       20.679127906351287
      ],
      [
       86.895726230262,
       20.679760424353244
      ]
     ],
     [
      [
       86.90437046621645,
       20.67533780626464
      ],
      [
       86.90446642318032,
       20.675428219267793
      ],
      [
       86.90446647970401,
       20.675337859486543
      ],
      [
       86.90437046621645,
       20.67533780626464
      ]
     ],
     [
      [
       86.90792291097695,
       20.67543009965936
      ],
      [
       86.908114938088,
       20.675430202093978
      ],
      [
       86.9081150468177,
       20.67524948251165
      ],
      [
       86.90782706102725,
       20.675158968989138
      ],
      [
       86.90792291097695,
       20.67543009965936
      ]
     ],
     [
      [
       86.90110647590627,
       20.674613086698013
      ],
      [
       86.90139468999025,
       20.674342172302747
      ],
      [
       86.90149105252448,
       20.673800068457094
      ],
      [
       86.90168319388073,
       20.673619458463698
      ],
      [
       86.90129955302308,
       20.672986720511883
      ],
      [
       86.90101151702252,
       20.672986555413463
      ],
      [
       86.90081914097391,
       20.673528603842673
      ],
      [
       86.90081867155652,
       20.67425148213915
      ],
      [
       86.90110647590627,
       20.674613086698013
      ]
     ],
     [
      [
       86.90216314011953,
       20.673800451083807
      ],
      [
       86.90264320269674,
       20.673800722784865
      ],
      [
       86.90273933029412,
       20.67362005737639
      ],
      [
       86.90273961799126,
       20.673168258389037
      ],
      [
       86.90226001997186,
       20.672445108545677
      ],
      [
       86.90206799664652,
       20.672444999605744
      ],
      [
       86.90168371735324,
       20.672806220295076
      ],
      [
       86.90177926438845,
       20.673529153384596
      ],
      [
       86.90216314011953,
       20.673800451083807
      ]
     ],
     [
      [
       86.90360384112827,
       20.672988023979613
      ],
      [
       86.90379592205814,
       20.67289777140705
      ],
      [
       86.90379603588342,
       20.67271705179417
      ],
      [
       86.9036040692332,
       20.672626584755886
      ],
      [
       86.90360418328383,
       20.672445865138346
      ],
      [
       86.90322013661711,
       20.67244565003809
      ],
      [
       86.90331591949926,
       20.672807143121567
      ],
      [
       86.90360384112827,
       20.672988023979613
      ]
     ],
     [
      [
       86.89083502182653,
       20.671896095841333
      ],
      [
       86.8911232488958,
       20.671625198583875
      ],
      [
       86.89141121800338,
       20.67171573997036
      ],
      [
       86.89150742170985,
       20.671444721044665
      ],
      [
       86.89169944371372,
       20.671444841738168
      ],
      [
       86.89179558273013,
       20.671264182429304
      ],
      [
       86.89160368919251,
       20.671083342265778
      ],
      [
       86.89131565686978,
       20.671083160988445
      ],
      [
       86.89121938870663,
       20.671444539603527
      ],
      [
       86.89093135570653,
       20.671444357681334
      ],
      [
       86.89083502182653,
       20.671896095841333
      ]
     ],
     [
      [
       86.90782951479221,
       20.67109277737645
      ],
      [
       86.907925471156,
       20.671183188496915
      ],
      [
       86.90792552562088,
       20.671092828662232
      ],
      [
       86.90782951479221,
       20.67109277737645
      ]
     ],
     [
      [
       86.88795872596087,
       20.666382300760787
      ],
      [
       86.88834275719833,
       20.666382549778355
      ],
      [
       86.88853490465553,
       20.666201954304906
      ],
      [
       86.88853562973009,
       20.665207996098413
      ],
      [
       86.88872784127577,
       20.664937040532653
      ],
      [
       86.8888236509498,
       20.665208181968374
      ],
      [
       86.88911180331856,
       20.665027647667692
      ],
      [
       86.88930381724181,
       20.66502777099205
      ],
      [
       86.88959164226159,
       20.66529903511544
      ],
      [
       86.8898797287825,
       20.665208859377174
      ],
      [
       86.88978352617585,
       20.665479877595388
      ],
      [
       86.88997554067174,
       20.665480000174608
      ],
      [
       86.8899756707978,
       20.66529928048527
      ],
      [
       86.89035982901007,
       20.665118805304715
      ],
      [
       86.89026447088686,
       20.664215145725624
      ],
      [
       86.8904565485711,
       20.66412490790347
      ],
      [
       86.89045687243822,
       20.663673108594814
      ],
      [
       86.89026486020968,
       20.663672986561565
      ],
      [
       86.89016904892294,
       20.66340184587087
      ],
      [
       86.88988109620664,
       20.663311302396952
      ],
      [
       86.88978548132627,
       20.662769081875556
      ],
      [
       86.88930545360806,
       20.66276877453633
      ],
      [
       86.88901710887417,
       20.663220388825703
      ],
      [
       86.88853727746775,
       20.662948999748874
      ],
      [
       86.88824919443336,
       20.66303917328464
      ],
      [
       86.8882495908814,
       20.662497014083776
      ],
      [
       86.88748154794405,
       20.662496514868398
      ],
      [
       86.8874817475256,
       20.662225435262332
      ],
      [
       86.88776982946975,
       20.662135262994635
      ],
      [
       86.88777009489094,
       20.66177382349928
      ],
      [
       86.8873863415666,
       20.661412133754286
      ],
      [
       86.88719433219882,
       20.6614120083165
      ],
      [
       86.88719419881066,
       20.661592728070058
      ],
      [
       86.88690631814985,
       20.66141181975915
      ],
      [
       86.88690585009304,
       20.662044338873763
      ],
      [
       86.88738560916279,
       20.662406092358612
      ],
      [
       86.88738514306513,
       20.66303861141086
      ],
      [
       86.88709692567642,
       20.663309502734855
      ],
      [
       86.88719259804117,
       20.663761364817645
      ],
      [
       86.88690431206841,
       20.664122615638313
      ],
      [
       86.8869039776901,
       20.66457441486874
      ],
      [
       86.88661582358952,
       20.66475494548281
      ],
      [
       86.88757582494453,
       20.664845933694373
      ],
      [
       86.88776757315978,
       20.665207498094112
      ],
      [
       86.88795958730023,
       20.665207622915787
      ],
      [
       86.88795872596087,
       20.666382300760787
      ]
     ],
     [
      [
       86.89467927342004,
       20.666386535128883
      ],
      [
       86.8949672969199,
       20.666386710750455
      ],
      [
       86.89525550625365,
       20.666115806337082
      ],
      [
       86.89525593984744,
       20.66548328734463
      ],
      [
       86.8948718486139,
       20.665573413585825
      ],
      [
       86.89496754537508,
       20.66602527134656
      ],
      [
       86.89458339026989,
       20.66620575678366
      ],
      [
       86.89467927342004,
       20.666386535128883
      ]
     ],
     [
      [
       86.88987907757401,
       20.666112457792543
      ],
      [
       86.88997528041544,
       20.66584143954193
      ],
      [
       86.88987946830329,
       20.665570298754673
      ],
      [
       86.88968745369455,
       20.665570176068005
      ],
      [
       86.88959111993222,
       20.666021913840726
      ],
      [
       86.88978320028686,
       20.665931676799254
      ],
      [
       86.88987907757401,
       20.666112457792543
      ]
     ],
     [
      [
       86.8902633028432,
       20.665841623013485
      ],
      [
       86.89045512345251,
       20.666112824580605
      ],
      [
       86.89045531779676,
       20.665841745060685
      ],
      [
       86.8902633028432,
       20.665841623013485
      ]
     ],
     [
      [
       86.90428022813825,
       20.66612105038285
      ],
      [
       86.9043764620279,
       20.665759664112862
      ],
      [
       86.90399243216015,
       20.665759450798316
      ],
      [
       86.90399237538472,
       20.66584981067859
      ],
      [
       86.90428022813825,
       20.66612105038285
      ]
     ],
     [
      [
       86.89448769453536,
       20.665753898823667
      ],
      [
       86.89458357729109,
       20.665934677229828
      ],
      [
       86.8945837019702,
       20.66575395752254
      ],
      [
       86.89448769453536,
       20.665753898823667
      ]
     ],
     [
      [
       86.88546306492832,
       20.66565778271373
      ],
      [
       86.88565507961926,
       20.66565791010326
      ],
      [
       86.88565535009208,
       20.665296470781893
      ],
      [
       86.88546333585533,
       20.665296343394793
      ],
      [
       86.88546306492832,
       20.66565778271373
      ]
     ],
     [
      [
       86.90399254571011,
       20.66557873103493
      ],
      [
       86.904088496345,
       20.66566914432563
      ],
      [
       86.90408855306303,
       20.66557878444321
      ],
      [
       86.90399254571011,
       20.66557873103493
      ]
     ],
     [
      [
       86.88930355540285,
       20.665389210370098
      ],
      [
       86.88939949718825,
       20.665479631795744
      ],
      [
       86.8893995625921,
       20.665389271953302
      ],
      [
       86.88930355540285,
       20.665389210370098
      ]
     ],
     [
      [
       86.90581679685884,
       20.66539901687818
      ],
      [
       86.90600881134935,
       20.665399121609784
      ],
      [
       86.90610492964454,
       20.66521845411341
      ],
      [
       86.90581696394358,
       20.665127937205956
      ],
      [
       86.90581679685884,
       20.66539901687818
      ]
     ],
     [
      [
       86.89506404942209,
       20.665302450923665
      ],
      [
       86.89525606372838,
       20.66530256762399
      ],
      [
       86.89525618760801,
       20.66512184789956
      ],
      [
       86.89506417352881,
       20.66512173120035
      ],
      [
       86.89506404942209,
       20.665302450923665
      ]
     ],
     [
      [
       86.90572117987165,
       20.664766445185556
      ],
      [
       86.90648928995493,
       20.664676503344946
      ],
      [
       86.90687370260092,
       20.664044191769854
      ],
      [
       86.90677786157265,
       20.66377306019314
      ],
      [
       86.90658584912113,
       20.66377295632539
      ],
      [
       86.90639361527093,
       20.6641342918677
      ],
      [
       86.90620160236763,
       20.66413418757052
      ],
      [
       86.90620171329525,
       20.66395346776151
      ],
      [
       86.90581757656462,
       20.66413397833499
      ],
      [
       86.9054337185198,
       20.663862688535627
      ],
      [
       86.90543388627053,
       20.663591608818173
      ],
      [
       86.90533788016232,
       20.663591556163496
      ],
      [
       86.9053377122413,
       20.6638626358802
      ],
      [
       86.90504946882746,
       20.664223917199344
      ],
      [
       86.9051453631538,
       20.664404689813903
      ],
      [
       86.90581746518166,
       20.66431469813823
      ],
      [
       86.90572117987165,
       20.664766445185556
      ]
     ],
     [
      [
       86.90677791669481,
       20.663682700283836
      ],
      [
       86.90687386779885,
       20.66377311204688
      ],
      [
       86.90687392286422,
       20.663682752137326
      ],
      [
       86.90677791669481,
       20.663682700283836
      ]
     ],
     [
      [
       86.90524193008426,
       20.663501143548174
      ],
      [
       86.90533788016232,
       20.663591556163496
      ],
      [
       86.9053379361354,
       20.663501196256032
      ],
      [
       86.90524193008426,
       20.663501143548174
      ]
     ],
     [
      [
       86.90543399810284,
       20.663410889001803
      ],
      [
       86.90552994823855,
       20.66350130151146
      ],
      [
       86.9055300040978,
       20.663410941602546
      ],
      [
       86.90543399810284,
       20.663410889001803
      ]
     ],
     [
      [
       86.90572201608863,
       20.663411046643755
      ],
      [
       86.90591402808064,
       20.66341115147125
      ],
      [
       86.90591413934409,
       20.6632304316486
      ],
      [
       86.90581813346147,
       20.663230379262068
      ],
      [
       86.90572201608863,
       20.663411046643755
      ]
     ],
     [
      [
       86.9063942794563,
       20.66304997295092
      ],
      [
       86.9064902299368,
       20.663140384931577
      ],
      [
       86.90649028522718,
       20.66305002501639
      ],
      [
       86.9063942794563,
       20.66304997295092
      ]
     ],
     [
      [
       86.8979458935002,
       20.66286446218
      ],
      [
       86.89804177855964,
       20.66304523873417
      ],
      [
       86.89804189913025,
       20.662864518946556
      ],
      [
       86.8979458935002,
       20.66286446218
      ]
     ],
     [
      [
       86.90668240712263,
       20.662869409152858
      ],
      [
       86.90677835766137,
       20.66295982097536
      ],
      [
       86.90677841278087,
       20.662869461057547
      ],
      [
       86.90668240712263,
       20.662869409152858
      ]
     ],
     [
      [
       86.89852192728539,
       20.662864801977943
      ],
      [
       86.89871393854969,
       20.66286491481651
      ],
      [
       86.89861817269235,
       20.6625034188309
      ],
      [
       86.89833009636497,
       20.662593609234733
      ],
      [
       86.89852192728539,
       20.662864801977943
      ]
     ],
     [
      [
       86.89871405832429,
       20.662684195021342
      ],
      [
       86.89900207488257,
       20.66268436387688
      ],
      [
       86.89900225403119,
       20.662413284174626
      ],
      [
       86.89881024333262,
       20.662413171659303
      ],
      [
       86.89871405832429,
       20.662684195021342
      ]
     ],
     [
      [
       86.90130632415996,
       20.662504977597703
      ],
      [
       86.901402271277,
       20.66259539240063
      ],
      [
       86.90140232957408,
       20.662505032493264
      ],
      [
       86.90130632415996,
       20.662504977597703
      ]
     ],
     [
      [
       86.90082635573135,
       20.662414342411747
      ],
      [
       86.90092230250654,
       20.662504757481184
      ],
      [
       86.90092236108715,
       20.662414397574178
      ],
      [
       86.90082635573135,
       20.662414342411747
      ]
     ],
     [
      [
       86.90140232957408,
       20.662505032493264
      ],
      [
       86.90159434040329,
       20.662505142124118
      ],
      [
       86.90169063644775,
       20.662053397304483
      ],
      [
       86.90197865184338,
       20.66205356118588
      ],
      [
       86.90197882570642,
       20.661782481439232
      ],
      [
       86.90149880090001,
       20.66178220804035
      ],
      [
       86.90140262105491,
       20.662053232942256
      ],
      [
       86.90101848349003,
       20.662233732865822
      ],
      [
       86.90111437179971,
       20.662414507738767
      ],
      [
       86.9014985097077,
       20.662234007606852
      ],
      [
       86.90140232957408,
       20.662505032493264
      ]
     ],
     [
      [
       86.90034638787795,
       20.662323705891833
      ],
      [
       86.9004423343113,
       20.66241412122776
      ],
      [
       86.90044239317541,
       20.662323761321126
      ],
      [
       86.90034638787795,
       20.662323705891833
      ]
     ],
     [
      [
       86.90073040906968,
       20.662323927288465
      ],
      [
       86.90082635573135,
       20.662414342411747
      ],
      [
       86.90082641436841,
       20.662323982504066
      ],
      [
       86.90073040906968,
       20.662323927288465
      ]
     ],
     [
      [
       86.8893060426462,
       20.661955535667545
      ],
      [
       86.88940198228775,
       20.66204595711799
      ],
      [
       86.88940204767826,
       20.661955597239604
      ],
      [
       86.8893060426462,
       20.661955535667545
      ]
     ],
     [
      [
       86.89410629467336,
       20.66195854882557
      ],
      [
       86.89477833002505,
       20.66195896000951
      ],
      [
       86.89497052642145,
       20.66168799731926
      ],
      [
       86.89477851665853,
       20.661687880320624
      ],
      [
       86.89468263631173,
       20.66150710194442
      ],
      [
       86.89410660771415,
       20.661506749349165
      ],
      [
       86.89410629467336,
       20.66195854882557
      ]
     ],
     [
      [
       86.90341890017213,
       20.661783293622275
      ],
      [
       86.90351484809312,
       20.661873707261037
      ],
      [
       86.90351490513898,
       20.661783347340418
      ],
      [
       86.90341890017213,
       20.661783293622275
      ]
     ],
     [
      [
       86.90188293676518,
       20.661601707030997
      ],
      [
       86.90197888366014,
       20.66169212152179
      ],
      [
       86.90197894161354,
       20.661601761603404
      ],
      [
       86.90188293676518,
       20.661601707030997
      ]
     ],
     [
      [
       86.90351507627467,
       20.661512267572885
      ],
      [
       86.90361096709489,
       20.661693041083318
      ],
      [
       86.90361108107153,
       20.661512321236838
      ],
      [
       86.90351507627467,
       20.661512267572885
      ]
     ],
     [
      [
       86.90197899956665,
       20.661511401684077
      ],
      [
       86.90207494646225,
       20.661601816122392
      ],
      [
       86.90207500435858,
       20.6615114562028
      ],
      [
       86.90197899956665,
       20.661511401684077
      ]
     ],
     [
      [
       86.89199456681612,
       20.661415080153667
      ],
      [
       86.89218657621889,
       20.661415200249166
      ],
      [
       86.89209076291264,
       20.661144060545947
      ],
      [
       86.8919947583817,
       20.661144000472348
      ],
      [
       86.89199456681612,
       20.661415080153667
      ]
     ],
     [
      [
       86.88700279047438,
       20.660779363501963
      ],
      [
       86.88709859451453,
       20.6610505060002
      ],
      [
       86.88709879476006,
       20.660779426352317
      ],
      [
       86.88700279047438,
       20.660779363501963
      ]
     ],
     [
      [
       86.8944910634316,
       20.660874465311817
      ],
      [
       86.89477913874843,
       20.660784281296205
      ],
      [
       86.8947793253689,
       20.66051320157043
      ],
      [
       86.89458731708305,
       20.66051308436536
      ],
      [
       86.89458744172207,
       20.660332364544576
      ],
      [
       86.89439530879855,
       20.66051296694661
      ],
      [
       86.8944910634316,
       20.660874465311817
      ]
     ],
     [
      [
       86.89833135868196,
       20.660696051159796
      ],
      [
       86.89842724285,
       20.660876827541358
      ],
      [
       86.89842736295103,
       20.660696107706183
      ],
      [
       86.89833135868196,
       20.660696051159796
      ]
     ],
     [
      [
       86.89506733780017,
       20.660513376977388
      ],
      [
       86.89516327996513,
       20.660603795250182
      ],
      [
       86.89516334194458,
       20.660513435339524
      ],
      [
       86.89506733780017,
       20.660513376977388
      ]
     ],
     [
      [
       86.90399629217525,
       20.659614976720583
      ],
      [
       86.9040921256869,
       20.659886109943788
      ],
      [
       86.90409229578174,
       20.65961503011208
      ],
      [
       86.90399629217525,
       20.659614976720583
      ]
     ],
     [
      [
       86.90274853277684,
       20.659162478049605
      ],
      [
       86.90294053941462,
       20.65916258616547
      ],
      [
       86.90303665737451,
       20.658981920246905
      ],
      [
       86.90284465096313,
       20.6589818122389
      ],
      [
       86.90274853277684,
       20.659162478049605
      ]
     ],
     [
      [
       86.90409257926704,
       20.659163230373654
      ],
      [
       86.90428458591339,
       20.659163336993853
      ],
      [
       86.90438070228849,
       20.658982670320317
      ],
      [
       86.90438087186342,
       20.658711590457955
      ],
      [
       86.90418897905944,
       20.65853076403517
      ],
      [
       86.90380473989812,
       20.658891990190625
      ],
      [
       86.90409257926704,
       20.659163230373654
      ]
     ],
     [
      [
       86.90303665737451,
       20.658981920246905
      ],
      [
       86.90332472414345,
       20.65889172190792
      ],
      [
       86.90332489559027,
       20.658620642051133
      ],
      [
       86.90284493812662,
       20.65853001248401
      ],
      [
       86.90274882022717,
       20.658710678305454
      ],
      [
       86.90303665737451,
       20.658981920246905
      ]
     ],
     [
      [
       86.90217297551185,
       20.658439272830428
      ],
      [
       86.90274899269369,
       20.65843959844762
      ],
      [
       86.90294122792046,
       20.658078266733614
      ],
      [
       86.9030371159244,
       20.658259040623616
      ],
      [
       86.90332512418175,
       20.658259202228837
      ],
      [
       86.90332523847566,
       20.65807848231202
      ],
      [
       86.90370936287444,
       20.657897977113162
      ],
      [
       86.90370959054815,
       20.65753653725651
      ],
      [
       86.9039016519532,
       20.657446284327836
      ],
      [
       86.90409405326803,
       20.656813871352742
      ],
      [
       86.90371004588087,
       20.656813657497835
      ],
      [
       86.90370970438316,
       20.65735581732252
      ],
      [
       86.90351770001045,
       20.657355710071542
      ],
      [
       86.90342186908552,
       20.65708457646015
      ],
      [
       86.90332563849464,
       20.657445962573366
      ],
      [
       86.9031336340109,
       20.65744585489458
      ],
      [
       86.90313380578348,
       20.657174774993933
      ],
      [
       86.9025577933611,
       20.657174450680333
      ],
      [
       86.90246196425325,
       20.65690331653738
      ],
      [
       86.90188595286527,
       20.656902989985177
      ],
      [
       86.90178966071156,
       20.65735473519863
      ],
      [
       86.90217355378508,
       20.657535673258348
      ],
      [
       86.9021733224795,
       20.657897113098528
      ],
      [
       86.90188537291137,
       20.65780658961566
      ],
      [
       86.90188519891912,
       20.658077669486367
      ],
      [
       86.90217314899708,
       20.65816819296873
      ],
      [
       86.90217297551185,
       20.658439272830428
      ]
     ],
     [
      [
       86.89929330648336,
       20.657805096265307
      ],
      [
       86.8993891305209,
       20.65807623211911
      ],
      [
       86.89967737561199,
       20.657714960006643
      ],
      [
       86.89929330648336,
       20.657805096265307
      ]
     ],
     [
      [
       86.89977331876744,
       20.65780537574938
      ],
      [
       86.9000612670664,
       20.657895902751722
      ],
      [
       86.90006132614172,
       20.65780554279886
      ],
      [
       86.89977331876744,
       20.65780537574938
      ]
     ],
     [
      [
       86.90006138521673,
       20.657715182845052
      ],
      [
       86.90015732860046,
       20.657805598375198
      ],
      [
       86.9001573876187,
       20.657715238421133
      ],
      [
       86.90006138521673,
       20.657715182845052
      ]
     ],
     [
      [
       86.90150177061564,
       20.657173851111445
      ],
      [
       86.90159771451668,
       20.657264265848443
      ],
      [
       86.90159777268185,
       20.65717390588476
      ],
      [
       86.90150177061564,
       20.657173851111445
      ]
     ],
     [
      [
       86.89737380339102,
       20.65699072542516
      ],
      [
       86.89746974472544,
       20.657081142448735
      ],
      [
       86.89746980533003,
       20.656990782494603
      ],
      [
       86.89737380339102,
       20.65699072542516
      ]
     ],
     [
      [
       86.90179000901877,
       20.656812575404874
      ],
      [
       86.90207801454021,
       20.656812739080777
      ],
      [
       86.9020781881789,
       20.65654165916879
      ],
      [
       86.90198218650835,
       20.656541604664348
      ],
      [
       86.90179000901877,
       20.656812575404874
      ]
     ],
     [
      [
       86.90102228682589,
       20.656360336742086
      ],
      [
       86.90131052481587,
       20.655999061800784
      ],
      [
       86.9015983543163,
       20.65627030619589
      ],
      [
       86.9016945301294,
       20.655999280987306
      ],
      [
       86.90179087973776,
       20.655457175771556
      ],
      [
       86.90169511115589,
       20.655095681172895
      ],
      [
       86.90140722541447,
       20.654914796898282
      ],
      [
       86.90111922347432,
       20.65491463211726
      ],
      [
       86.90111898970822,
       20.65527607205566
      ],
      [
       86.9008309284775,
       20.65536626677229
      ],
      [
       86.9010226963368,
       20.65572781692122
      ],
      [
       86.90083034233491,
       20.656269866534785
      ],
      [
       86.90102228682589,
       20.656360336742086
      ]
     ],
     [
      [
       86.89737489523955,
       20.65536424609404
      ],
      [
       86.89747083555845,
       20.65545466312975
      ],
      [
       86.8974708961572,
       20.6553643031586
      ],
      [
       86.89737489523955,
       20.65536424609404
      ]
     ],
     [
      [
       86.89843150564722,
       20.654461271076276
      ],
      [
       86.89891150741956,
       20.65446155291425
      ],
      [
       86.89891168665095,
       20.654190472954618
      ],
      [
       86.89862374601057,
       20.654099944026832
      ],
      [
       86.89852762594286,
       20.654280607580684
      ],
      [
       86.89871956656725,
       20.654371080354206
      ],
      [
       86.89843150564722,
       20.654461271076276
      ]
     ],
     [
      [
       86.89987157016496,
       20.65437175259665
      ],
      [
       86.90025563032387,
       20.65428161497829
      ],
      [
       86.90015974808927,
       20.654100839482837
      ],
      [
       86.90054374862166,
       20.654101061210742
      ],
      [
       86.90054386617801,
       20.653920341222005
      ],
      [
       86.90035198392015,
       20.65373951047444
      ],
      [
       86.9000639842031,
       20.65373934394137
      ],
      [
       86.89977568832941,
       20.65419097689133
      ],
      [
       86.89987157016496,
       20.65437175259665
      ]
     ],
     [
      [
       86.90765016059902,
       20.65012916760405
      ],
      [
       86.9078420470119,
       20.650309990329266
      ],
      [
       86.90784215591992,
       20.65012927022251
      ],
      [
       86.90765016059902,
       20.65012916760405
      ]
     ],
     [
      [
       86.91331545711473,
       20.647602022801337
      ],
      [
       86.91341140204739,
       20.647692431074805
      ],
      [
       86.91341145320366,
       20.647602070980746
      ],
      [
       86.91331545711473,
       20.647602022801337
      ]
     ],
     [
      [
       86.91417937122242,
       20.64769281459008
      ],
      [
       86.91427546866193,
       20.64751214209609
      ],
      [
       86.91408352735156,
       20.64742168654771
      ],
      [
       86.91408342583384,
       20.64760240674186
      ],
      [
       86.91417937122242,
       20.64769281459008
      ]
     ],
     [
      [
       86.91129953931114,
       20.647600998701975
      ],
      [
       86.91158752756127,
       20.647601146443257
      ],
      [
       86.91158757979481,
       20.647510786352658
      ],
      [
       86.91129964411824,
       20.647420278521242
      ],
      [
       86.91129953931114,
       20.647600998701975
      ]
     ],
     [
      [
       86.91312351626382,
       20.64751156618805
      ],
      [
       86.91331545711473,
       20.647602022801337
      ],
      [
       86.91331550832744,
       20.647511662706563
      ],
      [
       86.91312351626382,
       20.64751156618805
      ]
     ],
     [
      [
       86.91369964541387,
       20.647240774810246
      ],
      [
       86.91379553942014,
       20.64742154297176
      ],
      [
       86.91379564127703,
       20.6472408227752
      ],
      [
       86.91369964541387,
       20.647240774810246
      ]
     ],
     [
      [
       86.91302793128527,
       20.64678863706203
      ],
      [
       86.91321992244094,
       20.64678873368363
      ],
      [
       86.91341206705744,
       20.646517749778333
      ],
      [
       86.91389199323406,
       20.646608349967437
      ],
      [
       86.91408418719017,
       20.646247005193583
      ],
      [
       86.91360421099205,
       20.646246765648254
      ],
      [
       86.91341242512055,
       20.645885229014073
      ],
      [
       86.91312444008712,
       20.645885084328793
      ],
      [
       86.91312423480076,
       20.646246524768422
      ],
      [
       86.91293224432617,
       20.646246428042833
      ],
      [
       86.91302793128527,
       20.64678863706203
      ]
     ]
    ]
   },
   "properties": {
    "id": "P05",
    "area_ha": 469.2799999997182,
    "quality": 0.9812955318004187,
    "confidence": 0.9812955318004187,
    "habitat_class": "mangrove",
    "name": null,
    "protected": false,
    "perimeter_km": 48.92857567797776,
    "bbox": [
     20.645162348083918,
     86.88143566402728,
     20.683828159233286,
     86.91869128654595
    ],
    "extra": {
     "pixel_count": 46928,
     "label_value": 179,
     "centroid_pixel": [
      1251.8079824411866,
      1943.327182066144
     ]
    },
    "centroid_lat": 20.66450780969267,
    "centroid_lon": 86.90008651186677,
    "criticality_rank": 7,
    "criticality_score": 0.043238877904246506,
    "delta_connectivity": 0.00038156499980626125,
    "delta_pct": 4.323887790424651,
    "degree": 6,
    "is_cut_vertex": true,
    "component_count_after": 4,
    "rank_by_area": 5,
    "criticality_level": "medium"
   }
  },
  {
   "type": "Feature",
   "id": "P06",
   "geometry": {
    "type": "Polygon",
    "coordinates": [
     [
      [
       87.01431040561738,
       20.721989315527242
      ],
      [
       87.01133299229487,
       20.720905224250586
      ],
      [
       87.01133297885205,
       20.720724505391438
      ],
      [
       87.01114089446749,
       20.720724517931586
      ],
      [
       87.01114088125267,
       20.720543799068533
      ],
      [
       87.0109487970958,
       20.72054381139421
      ],
      [
       87.01075668742095,
       20.720182385767572
      ],
      [
       87.01056460371949,
       20.720182397664303
      ],
      [
       87.01046854945174,
       20.72000168465745
      ],
      [
       87.00950810952607,
       20.719640302627244
      ],
      [
       87.00883578751998,
       20.71909818177778
      ],
      [
       87.00797141228111,
       20.719007864527654
      ],
      [
       87.00777931621889,
       20.718736794963018
      ],
      [
       87.00739514368658,
       20.71855609298914
      ],
      [
       87.0072030406763,
       20.718104303850478
      ],
      [
       87.00720301504836,
       20.71756214707903
      ],
      [
       87.00701093049085,
       20.717471795543826
      ],
      [
       87.00681882998757,
       20.717020005918812
      ],
      [
       87.00691483704456,
       20.716297126293572
      ],
      [
       87.00672274229412,
       20.715935695981607
      ],
      [
       87.00653066394382,
       20.715935703375223
      ],
      [
       87.00633857431849,
       20.715664632104343
      ],
      [
       87.00633852546255,
       20.714489958721675
      ],
      [
       87.00605039990852,
       20.7142188905922
      ],
      [
       87.00547417134788,
       20.714218909878145
      ],
      [
       87.00547414538437,
       20.713496033846877
      ],
      [
       87.00470582475113,
       20.712863539982706
      ],
      [
       87.0043216476111,
       20.71186959533684
      ],
      [
       87.00364938482711,
       20.71159853231838
      ],
      [
       87.00355335891662,
       20.712050331954394
      ],
      [
       87.00316921388593,
       20.712140698976288
      ],
      [
       87.0027850601446,
       20.71177926752204
      ],
      [
       87.00268901721182,
       20.711417830937002
      ],
      [
       87.00249694455397,
       20.711417833829472
      ],
      [
       87.00192070608671,
       20.70979136953042
      ],
      [
       87.00172863445349,
       20.709701012018293
      ],
      [
       87.00153655758339,
       20.709068496980958
      ],
      [
       87.00124845081665,
       20.708797420642888
      ],
      [
       87.00134447752617,
       20.707893824298917
      ],
      [
       87.00163257404765,
       20.707351664390664
      ],
      [
       87.00182464266399,
       20.70744202203479
      ],
      [
       87.00230480905388,
       20.70726129713291
      ],
      [
       87.00316911244822,
       20.7072612833967
      ],
      [
       87.0037453213698,
       20.707532350544994
      ],
      [
       87.0047056573915,
       20.707441967410762
      ],
      [
       87.00489773084504,
       20.707622681196103
      ],
      [
       87.00576203970024,
       20.70771301401491
      ],
      [
       87.0065303077864,
       20.707622627026762
      ],
      [
       87.00710651983509,
       20.707803323349093
      ],
      [
       87.00825892355374,
       20.70771291236993
      ],
      [
       87.00979547906621,
       20.707893550958087
      ],
      [
       87.01094791430772,
       20.70825491980503
      ],
      [
       87.0114281130744,
       20.70861632684658
      ],
      [
       87.01219640402863,
       20.708796993259764
      ],
      [
       87.01306077803957,
       20.709519806285225
      ],
      [
       87.01430928562579,
       20.710061864332324
      ],
      [
       87.01430930258945,
       20.710242583413017
      ],
      [
       87.01478952434994,
       20.710694340524853
      ],
      [
       87.01517367682399,
       20.710784666635913
      ],
      [
       87.0154618121,
       20.711055719601777
      ],
      [
       87.0156539492508,
       20.711688218936303
      ],
      [
       87.01623025481747,
       20.712501401258113
      ],
      [
       87.01632634021897,
       20.712953189740904
      ],
      [
       87.01671052901524,
       20.713314590917975
      ],
      [
       87.0169026942435,
       20.71412780768485
      ],
      [
       87.01719085930083,
       20.71457957663302
      ],
      [
       87.0173830183853,
       20.71530243325695
      ],
      [
       87.01728706161184,
       20.71602531877721
      ],
      [
       87.017479191888,
       20.71647709675724
      ],
      [
       87.01747933699285,
       20.71774212928108
      ],
      [
       87.01738336884088,
       20.71837465519879
      ],
      [
       87.01680724419361,
       20.71945902579447
      ],
      [
       87.01661526980028,
       20.72045299824462
      ],
      [
       87.01642320524267,
       20.72063373554038
      ],
      [
       87.01623119798882,
       20.721356629167534
      ],
      [
       87.01584706522932,
       20.72171810264829
      ],
      [
       87.01536686025895,
       20.721808505610888
      ],
      [
       87.01536687848765,
       20.72198922444431
      ],
      [
       87.01431040561738,
       20.721989315527242
      ]
     ],
     [
      [
       87.00643459806213,
       20.71530319059476
      ],
      [
       87.0065306407108,
       20.71539354646654
      ],
      [
       87.00653063683872,
       20.715303186978442
      ],
      [
       87.00643459806213,
       20.71530319059476
      ]
     ]
    ]
   },
   "properties": {
    "id": "P06",
    "area_ha": 163.39999999999637,
    "quality": 0.9956224391480846,
    "confidence": 0.9956224391480846,
    "habitat_class": "mangrove",
    "name": null,
    "protected": false,
    "perimeter_km": 5.643249743642134,
    "bbox": [
     20.7072612833967,
     87.00124845081665,
     20.721989315527242,
     87.01747933699285
    ],
    "extra": {
     "pixel_count": 16340,
     "label_value": 56,
     "centroid_pixel": [
      2401.4256425948593,
      1395.9033659730721
     ]
    },
    "centroid_lat": 20.71400151214716,
    "centroid_lon": 87.0104609961297,
    "criticality_rank": 14,
    "criticality_score": 0.005760582468066479,
    "delta_connectivity": 5.0834729180052746e-05,
    "delta_pct": 0.5760582468066479,
    "degree": 1,
    "is_cut_vertex": false,
    "component_count_after": 3,
    "rank_by_area": 6,
    "criticality_level": "low"
   }
  },
  {
   "type": "Feature",
   "id": "P07",
   "geometry": {
    "type": "Polygon",
    "coordinates": [
     [
      [
       86.91343074879074,
       20.78268940254534
      ],
      [
       86.91189350177575,
       20.782598261911897
      ],
      [
       86.91131733144827,
       20.782055813071235
      ],
      [
       86.91102940663674,
       20.781513511869836
      ],
      [
       86.91074116523689,
       20.781513362277824
      ],
      [
       86.9107412714509,
       20.781332644908645
      ],
      [
       86.91093348514745,
       20.78124238600298
      ],
      [
       86.91083782923747,
       20.780519466615452
      ],
      [
       86.91006919054519,
       20.780519065788894
      ],
      [
       86.90987713811168,
       20.780338247658868
      ],
      [
       86.90987724534722,
       20.780157530269264
      ],
      [
       86.9095891678956,
       20.77988630266323
      ],
      [
       86.90968540852113,
       20.779615277123167
      ],
      [
       86.9093975480384,
       20.778982614363212
      ],
      [
       86.90901323259405,
       20.778982411170855
      ],
      [
       86.90862924328991,
       20.778440054871464
      ],
      [
       86.90805271749855,
       20.778530105897687
      ],
      [
       86.90795652941542,
       20.778710771843038
      ],
      [
       86.90776442691453,
       20.77862031003709
      ],
      [
       86.90766823843158,
       20.778800975817568
      ],
      [
       86.90747608094793,
       20.77880087239473
      ],
      [
       86.90728419924386,
       20.778348975227694
      ],
      [
       86.90718812078886,
       20.778348923329357
      ],
      [
       86.90709198706473,
       20.778439230084516
      ],
      [
       86.90718795515124,
       20.778619999448974
      ],
      [
       86.90661148339859,
       20.77861968692574
      ],
      [
       86.90680369608974,
       20.778529432610565
      ],
      [
       86.90670772851823,
       20.778348663031412
      ],
      [
       86.90699596387972,
       20.77834881937144
      ],
      [
       86.90690016233971,
       20.777896973763852
      ],
      [
       86.90613153700357,
       20.777896555361963
      ],
      [
       86.90593982829189,
       20.777173580517623
      ],
      [
       86.90545938351846,
       20.777263675457384
      ],
      [
       86.90536291168654,
       20.777896133519988
      ],
      [
       86.90507462072947,
       20.777986333149112
      ],
      [
       86.90478638607179,
       20.777986173586957
      ],
      [
       86.90478661262843,
       20.777624738757236
      ],
      [
       86.90459457015383,
       20.777443914696175
      ],
      [
       86.90382606157992,
       20.777262768564917
      ],
      [
       86.90315340205944,
       20.77744310803935
      ],
      [
       86.90238483717063,
       20.77735231417206
      ],
      [
       86.9016159805952,
       20.77771331037939
      ],
      [
       86.90142423498831,
       20.77708068927085
      ],
      [
       86.90142452816946,
       20.77662889572879
      ],
      [
       86.90171281868683,
       20.77653870221106
      ],
      [
       86.90152130843734,
       20.775544646246303
      ],
      [
       86.9020979431281,
       20.775273899633664
      ],
      [
       86.9031547269972,
       20.775364857529297
      ],
      [
       86.90373130085874,
       20.775184464145457
      ],
      [
       86.90430764569422,
       20.7753655037518
      ],
      [
       86.90526841130857,
       20.77536603635868
      ],
      [
       86.90555647247595,
       20.775637271293746
      ],
      [
       86.90555630395042,
       20.775908347486208
      ],
      [
       86.90584453467194,
       20.775908505741068
      ],
      [
       86.9059407234732,
       20.77572784092251
      ],
      [
       86.90680530376311,
       20.7759090297638
      ],
      [
       86.90738209576575,
       20.775367189175885
      ],
      [
       86.90882329857196,
       20.775277601529673
      ],
      [
       86.90911147406416,
       20.775368113042067
      ],
      [
       86.90939932656651,
       20.776000776517925
      ],
      [
       86.9096876112132,
       20.775910569584564
      ],
      [
       86.90987992586322,
       20.775639594293917
      ],
      [
       86.91112892361772,
       20.775640245121007
      ],
      [
       86.9113209188835,
       20.775911420678256
      ],
      [
       86.9114171011866,
       20.775730752768574
      ],
      [
       86.91218561121264,
       20.775911864969014
      ],
      [
       86.91228179248962,
       20.775731196571414
      ],
      [
       86.91305045871766,
       20.77564122865762
      ],
      [
       86.91362676514468,
       20.77591259577938
      ],
      [
       86.914011277455,
       20.7755513536104
      ],
      [
       86.91458773768022,
       20.775551641253216
      ],
      [
       86.91468391587601,
       20.77537097149199
      ],
      [
       86.91545262918791,
       20.775190634051487
      ],
      [
       86.91593296158388,
       20.775281228614954
      ],
      [
       86.91660559655513,
       20.77510083895297
      ],
      [
       86.91670152434641,
       20.775371961867172
      ],
      [
       86.9174701371279,
       20.77537233291863
      ],
      [
       86.91785424808587,
       20.77573395220717
      ],
      [
       86.91823855540146,
       20.775734135586607
      ],
      [
       86.91833472937961,
       20.775553463770493
      ],
      [
       86.9189112861384,
       20.77537301936922
      ],
      [
       86.91919946788813,
       20.77546351397586
      ],
      [
       86.91919932370855,
       20.77573459027303
      ],
      [
       86.91958363103859,
       20.77573477064272
      ],
      [
       86.91987167089589,
       20.776096340411232
      ],
      [
       86.91996784316608,
       20.775915667682604
      ],
      [
       86.92006382502115,
       20.776096429952837
      ],
      [
       86.92092851859739,
       20.776096830229612
      ],
      [
       86.92112053197212,
       20.77636799487872
      ],
      [
       86.92160101142696,
       20.776187497311508
      ],
      [
       86.92188947510414,
       20.775735834802507
      ],
      [
       86.92227368999879,
       20.775916726692877
      ],
      [
       86.92265804382154,
       20.775826541414407
      ],
      [
       86.92275402882723,
       20.776007302193126
      ],
      [
       86.92294618285318,
       20.776007388509544
      ],
      [
       86.92304212254007,
       20.7762785078923
      ],
      [
       86.92304203098784,
       20.77645922542433
      ],
      [
       86.92284983049913,
       20.77654949797754
      ],
      [
       86.92294526615866,
       20.77781456371173
      ],
      [
       86.92265689366405,
       20.778085510389907
      ],
      [
       86.92294512864603,
       20.778085639959276
      ],
      [
       86.92304102384887,
       20.77844711802581
      ],
      [
       86.92332916829864,
       20.778627964440254
      ],
      [
       86.92438607868291,
       20.778538074291728
      ],
      [
       86.9246741352921,
       20.77889963594048
      ],
      [
       86.92467395604503,
       20.779261070904255
      ],
      [
       86.92496210398934,
       20.779441914572416
      ],
      [
       86.92476967707185,
       20.779983982905144
      ],
      [
       86.92428927941182,
       20.779983771772844
      ],
      [
       86.92419329007998,
       20.779803011922333
      ],
      [
       86.92361690446768,
       20.779622039005304
      ],
      [
       86.92313614213546,
       20.78034469447734
      ],
      [
       86.92227147057518,
       20.780253946516282
      ],
      [
       86.92179093249914,
       20.78052480455561
      ],
      [
       86.92121450016887,
       20.780434182310376
      ],
      [
       86.9203495449534,
       20.780885576969318
      ],
      [
       86.91900437548841,
       20.780975306471902
      ],
      [
       86.91852378085592,
       20.781336514023707
      ],
      [
       86.91775513787341,
       20.78133614758711
      ],
      [
       86.91727468679821,
       20.78142627551758
      ],
      [
       86.9170824272748,
       20.781606900230184
      ],
      [
       86.91631373315975,
       20.781696886032478
      ],
      [
       86.91602554133509,
       20.781606386614936
      ],
      [
       86.91592936075497,
       20.78178705698837
      ],
      [
       86.91487232164174,
       20.782057612339543
      ],
      [
       86.91477613940431,
       20.78223828205182
      ],
      [
       86.91400749193154,
       20.782237898823613
      ],
      [
       86.91343074879074,
       20.78268940254534
      ]
     ],
     [
      [
       86.92275283413336,
       20.778356629871222
      ],
      [
       86.92284886673625,
       20.778447031805847
      ],
      [
       86.92284891263216,
       20.778356673061626
      ],
      [
       86.92275283413336,
       20.778356629871222
      ]
     ],
     [
      [
       86.90709209760325,
       20.778258512669087
      ],
      [
       86.90718812078886,
       20.778348923329357
      ],
      [
       86.9071881760008,
       20.77825856462092
      ],
      [
       86.90709209760325,
       20.778258512669087
      ]
     ],
     [
      [
       86.91929405635321,
       20.77826468047993
      ],
      [
       86.91977454396729,
       20.778084188088982
      ],
      [
       86.92035101388853,
       20.778084456419307
      ],
      [
       86.92035110865018,
       20.77790373893312
      ],
      [
       86.92054326506401,
       20.777903827945696
      ],
      [
       86.92054317053099,
       20.778084545432733
      ],
      [
       86.92131179711085,
       20.778084899336356
      ],
      [
       86.92140796893872,
       20.777904225841613
      ],
      [
       86.92160012535808,
       20.777904313671666
      ],
      [
       86.92188822058954,
       20.778175521251516
      ],
      [
       86.9220804700589,
       20.777994891053474
      ],
      [
       86.92188891756444,
       20.776820139976465
      ],
      [
       86.92160073162546,
       20.776729649883347
      ],
      [
       86.92150479423195,
       20.776458529716884
      ],
      [
       86.92131263964194,
       20.776458441785994
      ],
      [
       86.92131254603137,
       20.776639159306793
      ],
      [
       86.92083215898921,
       20.776638938536916
      ],
      [
       86.92063986255624,
       20.776909926122393
      ],
      [
       86.92063962652144,
       20.777361719886176
      ],
      [
       86.9202553625015,
       20.777271183116063
      ],
      [
       86.920159379681,
       20.777090420974428
      ],
      [
       86.91939085405397,
       20.7769093444265
      ],
      [
       86.91823782589651,
       20.77708951691183
      ],
      [
       86.91814150474293,
       20.77754126487081
      ],
      [
       86.91842959309155,
       20.77781247824175
      ],
      [
       86.91871782752584,
       20.777812614904427
      ],
      [
       86.91890983910267,
       20.778083781965247
      ],
      [
       86.91919807405523,
       20.778083917823594
      ],
      [
       86.91929405635321,
       20.77826468047993
      ]
     ],
     [
      [
       86.922368704865,
       20.77799502158976
      ],
      [
       86.92246473701063,
       20.778085423741565
      ],
      [
       86.92246478313419,
       20.777995064994354
      ],
      [
       86.922368704865,
       20.77799502158976
      ]
     ],
     [
      [
       86.90613170452016,
       20.777625479227712
      ],
      [
       86.90632380478523,
       20.77771594286206
      ],
      [
       86.90632386050949,
       20.7776255841492
      ],
      [
       86.90613170452016,
       20.777625479227712
      ]
     ],
     [
      [
       86.90776503046727,
       20.77762636420717
      ],
      [
       86.90824536588671,
       20.77771698025674
      ],
      [
       86.90824547504884,
       20.777536262820227
      ],
      [
       86.90795724121904,
       20.77753610858313
      ],
      [
       86.90795735072288,
       20.777355391144283
      ],
      [
       86.90805353793995,
       20.777174725166766
      ],
      [
       86.90814956101771,
       20.777265135300446
      ],
      [
       86.9083417710848,
       20.77717487923969
      ],
      [
       86.90824591168561,
       20.77681339303616
      ],
      [
       86.90795756972709,
       20.776993956255176
      ],
      [
       86.90786165654885,
       20.776722828560697
      ],
      [
       86.90766939185042,
       20.77690344281481
      ],
      [
       86.90757303941113,
       20.77735518474428
      ],
      [
       86.90776514020033,
       20.77744564677119
      ],
      [
       86.90776503046727,
       20.77762636420717
      ]
     ],
     [
      [
       86.90488297352195,
       20.777172998437564
      ],
      [
       86.90507507246622,
       20.777263463468408
      ],
      [
       86.90507512893195,
       20.77717310475405
      ],
      [
       86.90488297352195,
       20.777172998437564
      ]
     ],
     [
      [
       86.90488308668112,
       20.776992281006994
      ],
      [
       86.90507535479189,
       20.77681166988709
      ],
      [
       86.90497939035778,
       20.776630899318064
      ],
      [
       86.90478712236313,
       20.77681151033477
      ],
      [
       86.90488308668112,
       20.776992281006994
      ]
     ],
     [
      [
       86.90517148867582,
       20.776721364244338
      ],
      [
       86.9052675097459,
       20.776811775986566
      ],
      [
       86.90526756609582,
       20.77672141726695
      ],
      [
       86.90517148867582,
       20.776721364244338
      ]
     ],
     [
      [
       86.90267347586243,
       20.776719966790917
      ],
      [
       86.90296176582075,
       20.776629771175386
      ],
      [
       86.90296199670253,
       20.776268336308032
      ],
      [
       86.90276995811658,
       20.77608751019338
      ],
      [
       86.90248172708142,
       20.776087346777395
      ],
      [
       86.90248161107091,
       20.77626806421419
      ],
      [
       86.90267376532263,
       20.776268173212962
      ],
      [
       86.90267347586243,
       20.776719966790917
      ]
     ],
     [
      [
       86.90526762244544,
       20.776631058546382
      ],
      [
       86.90545977717206,
       20.776631164429855
      ],
      [
       86.90545994587623,
       20.77636008826095
      ],
      [
       86.9052677914925,
       20.776359982378978
      ],
      [
       86.90526762244544,
       20.776631058546382
      ]
     ],
     [
      [
       86.90545994587623,
       20.77636008826095
      ],
      [
       86.90565221250051,
       20.77617947647624
      ],
      [
       86.90555624777465,
       20.77599870621513
      ],
      [
       86.90526801688439,
       20.775998547475805
      ],
      [
       86.90545994587623,
       20.77636008826095
      ]
     ]
    ]
   },
   "properties": {
    "id": "P07",
    "area_ha": 108.02000000001836,
    "quality": 0.9835626674270083,
    "confidence": 0.9835626674270083,
    "habitat_class": "mangrove",
    "name": null,
    "protected": false,
    "perimeter_km": 9.38458263439863,
    "bbox": [
     20.77510083895297,
     86.90142423498831,
     20.78268940254534,
     86.92496210398934
    ],
    "extra": {
     "pixel_count": 10802,
     "label_value": 18,
     "centroid_pixel": [
      1396.6073875208294,
      684.1034993519719
     ]
    },
    "centroid_lat": 20.77829790013989,
    "centroid_lon": 86.91392396186636,
    "criticality_rank": 26,
    "criticality_score": 0.0007844960780646606,
    "delta_connectivity": 6.922849536883033e-06,
    "delta_pct": 0.07844960780646607,
    "degree": 5,
    "is_cut_vertex": false,
    "component_count_after": 3,
    "rank_by_area": 7,
    "criticality_level": "low"
   }
  },
  {
   "type": "Feature",
   "id": "P08",
   "geometry": {
    "type": "Polygon",
    "coordinates": [
     [
      [
       86.98395393881427,
       20.78722841379487
      ],
      [
       86.98347357684996,
       20.78668621582118
      ],
      [
       86.98356969003747,
       20.78641514883239
      ],
      [
       86.98337752267554,
       20.786415130333584
      ],
      [
       86.98337749299748,
       20.786686206544754
      ],
      [
       86.98251273832754,
       20.786686120637025
      ],
      [
       86.98241670679792,
       20.78623431713508
      ],
      [
       86.98308929176126,
       20.78623438470347
      ],
      [
       86.98337752267554,
       20.786415130333584
      ],
      [
       86.98337755235313,
       20.786144054113866
      ],
      [
       86.98299325880039,
       20.785782581499273
      ],
      [
       86.98308939239907,
       20.78533079725347
      ],
      [
       86.98289722641002,
       20.785330778217993
      ],
      [
       86.98270510158964,
       20.784969323961537
      ],
      [
       86.98251293605847,
       20.784969304496247
      ],
      [
       86.98222473007324,
       20.78460783987488
      ],
      [
       86.98203256500004,
       20.784607819872253
      ],
      [
       86.98107184100914,
       20.78379448778722
      ],
      [
       86.980975804269,
       20.783433042100967
      ],
      [
       86.98068758187466,
       20.783252292382393
      ],
      [
       86.98059154639107,
       20.782890846459388
      ],
      [
       86.98030333720304,
       20.78261973730918
      ],
      [
       86.9802074796769,
       20.780902909329818
      ],
      [
       86.98078412087992,
       20.779637951584174
      ],
      [
       86.98155282186107,
       20.779095883004054
      ],
      [
       86.98395481719557,
       20.778915406596074
      ],
      [
       86.98674109058742,
       20.779096361960654
      ],
      [
       86.9892390947323,
       20.779819407175147
      ],
      [
       86.98943122860162,
       20.780180854342074
      ],
      [
       86.99029589429054,
       20.78099413460586
      ],
      [
       86.9904880265009,
       20.78144593933634
      ],
      [
       86.99058392214948,
       20.78442778429451
      ],
      [
       86.99019956328533,
       20.78487955658402
      ],
      [
       86.99000735028902,
       20.7856024155333
      ],
      [
       86.9898151839507,
       20.785602404240915
      ],
      [
       86.98943081982503,
       20.786054174745498
      ],
      [
       86.9886621319445,
       20.786325201931778
      ],
      [
       86.98760522681185,
       20.786144411393824
      ],
      [
       86.98722084713481,
       20.786686535656063
      ],
      [
       86.98645218436438,
       20.786596117979784
      ],
      [
       86.98635611680757,
       20.786415392892916
      ],
      [
       86.98606786576056,
       20.786415369742517
      ],
      [
       86.98597180712414,
       20.786144285695162
      ],
      [
       86.9856835565923,
       20.7861442618998
      ],
      [
       86.98529919630386,
       20.786415305642016
      ],
      [
       86.98453054526288,
       20.786234520619992
      ],
      [
       86.98453045319725,
       20.7871381079814
      ],
      [
       86.98395393881427,
       20.78722841379487
      ]
     ]
    ]
   },
   "properties": {
    "id": "P08",
    "area_ha": 74.79000000000136,
    "quality": 0.9933754830281354,
    "confidence": 0.9933754830281354,
    "habitat_class": "mangrove",
    "name": null,
    "protected": false,
    "perimeter_km": 3.7944052997849016,
    "bbox": [
     20.778915406596074,
     86.9802074796769,
     20.78722841379487,
     86.99058392214948
    ],
    "extra": {
     "pixel_count": 7479,
     "label_value": 12,
     "centroid_pixel": [
      2141.95828319294,
      636.1167268351384
     ]
    },
    "centroid_lat": 20.782654889907466,
    "centroid_lon": 86.98553575541719,
    "criticality_rank": 10,
    "criticality_score": 0.01703408827541605,
    "delta_connectivity": 0.00015031869938675335,
    "delta_pct": 1.703408827541605,
    "degree": 4,
    "is_cut_vertex": true,
    "component_count_after": 4,
    "rank_by_area": 8,
    "criticality_level": "low"
   }
  },
  {
   "type": "Feature",
   "id": "P09",
   "geometry": {
    "type": "Polygon",
    "coordinates": [
     [
      [
       86.89622956033386,
       20.786565290357164
      ],
      [
       86.89565318281136,
       20.786384223738825
      ],
      [
       86.89392367977094,
       20.786383163824663
      ],
      [
       86.89344338910922,
       20.78620214913894
      ],
      [
       86.89334743266942,
       20.786021372299356
      ],
      [
       86.89305905557924,
       20.786201910163122
      ],
      [
       86.89238647191492,
       20.786201489885098
      ],
      [
       86.89229051673685,
       20.78602071246025
      ],
      [
       86.89190618368072,
       20.78602047090553
      ],
      [
       86.89200239548714,
       20.78583981420275
      ],
      [
       86.89181029357445,
       20.78574933462453
      ],
      [
       86.89161812739222,
       20.785749213418704
      ],
      [
       86.89152185063008,
       20.786020228490425
      ],
      [
       86.89113751758498,
       20.78601998521493
      ],
      [
       86.89113738801144,
       20.78620070237808
      ],
      [
       86.89084920284664,
       20.786110160774864
      ],
      [
       86.8905607575069,
       20.786381053004
      ],
      [
       86.89027283355465,
       20.785929076118904
      ],
      [
       86.8899844530102,
       20.786109608804704
      ],
      [
       86.88998432206361,
       20.786290325958984
      ],
      [
       86.88969607178133,
       20.786290140999235
      ],
      [
       86.88969594049026,
       20.786470858147958
      ],
      [
       86.88931160632801,
       20.78647061077977
      ],
      [
       86.88911963721435,
       20.7861994110538
      ],
      [
       86.88883138711311,
       20.786199224643017
      ],
      [
       86.88883125479347,
       20.786379941788354
      ],
      [
       86.88854293802042,
       20.786470113462183
      ],
      [
       86.88844712003777,
       20.786108616769553
      ],
      [
       86.88863928665438,
       20.786108741526792
      ],
      [
       86.88873550239511,
       20.785928086674303
      ],
      [
       86.8891197691895,
       20.786018693902903
      ],
      [
       86.8895042337216,
       20.785838224538363
      ],
      [
       86.8895044309934,
       20.785567148795664
      ],
      [
       86.88969666257383,
       20.78547691378296
      ],
      [
       86.89036911248408,
       20.78565806175438
      ],
      [
       86.89046545625173,
       20.785296688738164
      ],
      [
       86.89075389969098,
       20.785025796626556
      ],
      [
       86.89094606495212,
       20.78502591879567
      ],
      [
       86.89094619474537,
       20.784845201608974
      ],
      [
       86.89065807733215,
       20.78466430108762
      ],
      [
       86.89056245079261,
       20.784031729681224
      ],
      [
       86.89085069679597,
       20.7840319131673
      ],
      [
       86.89113920191488,
       20.78367066174814
      ],
      [
       86.8912357367223,
       20.783038212364236
      ],
      [
       86.89104363880672,
       20.782947731916376
      ],
      [
       86.89104396296148,
       20.782495938831765
      ],
      [
       86.89152449720567,
       20.78231552576095
      ],
      [
       86.8919087565646,
       20.782406126752267
      ],
      [
       86.89200470902433,
       20.7825869044545
      ],
      [
       86.89181228934788,
       20.78294821795884
      ],
      [
       86.89200445198662,
       20.782948338931796
      ],
      [
       86.89210034069615,
       20.783219475186485
      ],
      [
       86.89248466666517,
       20.78321971627559
      ],
      [
       86.89248524242889,
       20.782406488693073
      ],
      [
       86.89296609312142,
       20.78177427842678
      ],
      [
       86.89344649602538,
       20.781774577211607
      ],
      [
       86.89344700319973,
       20.781051708108823
      ],
      [
       86.8940234839517,
       20.781052064862926
      ],
      [
       86.89469548096007,
       20.781865706399184
      ],
      [
       86.89488776732841,
       20.781685106863
      ],
      [
       86.89498416026967,
       20.78123337244266
      ],
      [
       86.89565672198604,
       20.78123378245038
      ],
      [
       86.89584844870234,
       20.781866409615454
      ],
      [
       86.89555995819636,
       20.782227669086584
      ],
      [
       86.89594415787084,
       20.782408619692387
      ],
      [
       86.8962324008439,
       20.782408794130472
      ],
      [
       86.89623301825367,
       20.78150520772813
      ],
      [
       86.89709768082056,
       20.78159608676144
      ],
      [
       86.89700147777546,
       20.781776746446067
      ],
      [
       86.89719363896404,
       20.781776861605262
      ],
      [
       86.89728959733522,
       20.781957636392605
      ],
      [
       86.89748181975209,
       20.78186739258605
      ],
      [
       86.89786602082751,
       20.78204833890498
      ],
      [
       86.89844250544378,
       20.782048680839114
      ],
      [
       86.89853870695222,
       20.78186802034643
      ],
      [
       86.89873086826555,
       20.78186813378577
      ],
      [
       86.89930729230177,
       20.781958831462877
      ],
      [
       86.89930717247789,
       20.782139548758803
      ],
      [
       86.89949933413935,
       20.78213966133954
      ],
      [
       86.90007593804062,
       20.781959280491265
      ],
      [
       86.90026786211618,
       20.782320826809414
      ],
      [
       86.90065218591046,
       20.782321049607425
      ],
      [
       86.90170872546297,
       20.782863809759593
      ],
      [
       86.90190077131187,
       20.783044636947487
      ],
      [
       86.90199650282896,
       20.783586843667944
      ],
      [
       86.90228480623722,
       20.783496649314323
      ],
      [
       86.90209299239113,
       20.782954387984592
      ],
      [
       86.9030542097385,
       20.782322422605652
      ],
      [
       86.90372660459425,
       20.782593876990706
      ],
      [
       86.90372620359825,
       20.783226387547355
      ],
      [
       86.90391848100371,
       20.783045777889832
      ],
      [
       86.90411058678151,
       20.783136243964456
      ],
      [
       86.90430286361709,
       20.782955633872362
      ],
      [
       86.90487935178963,
       20.78295595420896
      ],
      [
       86.90497526352517,
       20.783227083367255
      ],
      [
       86.90603216042636,
       20.783227665040787
      ],
      [
       86.9062241561026,
       20.783498846058897
      ],
      [
       86.90680086819744,
       20.783137725333702
      ],
      [
       86.90680097910969,
       20.782957008018567
      ],
      [
       86.90660881637231,
       20.782956903605392
      ],
      [
       86.90680131183937,
       20.78241485605038
      ],
      [
       86.9069934738919,
       20.782414960245532
      ],
      [
       86.90737757755399,
       20.78277660264585
      ],
      [
       86.9074738790284,
       20.78241521979255
      ],
      [
       86.90814644623185,
       20.782415580900288
      ],
      [
       86.90814633692389,
       20.782596298233695
      ],
      [
       86.90833844467325,
       20.78268675959019
      ],
      [
       86.90824214507929,
       20.78304814292404
      ],
      [
       86.90795401032845,
       20.782867271319418
      ],
      [
       86.90776184769832,
       20.782867168197093
      ],
      [
       86.90776173793009,
       20.783047885519043
      ],
      [
       86.90728138595834,
       20.78295726811063
      ],
      [
       86.90708900207835,
       20.783318598864525
      ],
      [
       86.90718475230175,
       20.783860802747242
      ],
      [
       86.90680042453654,
       20.7838605945562
      ],
      [
       86.90689628486852,
       20.78422208127404
      ],
      [
       86.90612729235376,
       20.784763814577023
      ],
      [
       86.90535868859956,
       20.784673033946806
      ],
      [
       86.90487810653295,
       20.784943844356395
      ],
      [
       86.90430161081343,
       20.784943523986396
      ],
      [
       86.90391710880543,
       20.785214385216918
      ],
      [
       86.90334066959653,
       20.78512370298988
      ],
      [
       86.90305224832696,
       20.78539461633763
      ],
      [
       86.90209141933327,
       20.78539407108276
      ],
      [
       86.90170691226014,
       20.78566492732909
      ],
      [
       86.90103438968644,
       20.785574182324922
      ],
      [
       86.9005537379198,
       20.78593533917069
      ],
      [
       86.89940079898057,
       20.785844308815644
      ],
      [
       86.89920851266565,
       20.78602491331914
      ],
      [
       86.89892032295592,
       20.785934385243422
      ],
      [
       86.89786310351928,
       20.7863855527186
      ],
      [
       86.89622956033386,
       20.786565290357164
      ]
     ],
     [
      [
       86.90708938906964,
       20.78268608825306
      ],
      [
       86.90718541504174,
       20.78277649887885
      ],
      [
       86.90718547026816,
       20.78268614021697
      ],
      [
       86.90708938906964,
       20.78268608825306
      ]
     ],
     [
      [
       86.89479131120814,
       20.782227199836743
      ],
      [
       86.8949834729532,
       20.782227317471786
      ],
      [
       86.89507974110867,
       20.781956300302188
      ],
      [
       86.8947914990051,
       20.781956123932787
      ],
      [
       86.89479131120814,
       20.782227199836743
      ]
     ]
    ]
   },
   "properties": {
    "id": "P09",
    "area_ha": 66.48999999999711,
    "quality": 0.9807548022643123,
    "confidence": 0.9807548022643123,
    "habitat_class": "mangrove",
    "name": null,
    "protected": false,
    "perimeter_km": 6.552352535948266,
    "bbox": [
     20.781051708108823,
     86.88844712003777,
     20.786565290357164,
     86.90833844467325
    ],
    "extra": {
     "pixel_count": 6649,
     "label_value": 13,
     "centroid_pixel": [
      1226.9297638742669,
      620.0022559783426
     ]
    },
    "centroid_lat": 20.784081057222608,
    "centroid_lon": 86.89761770000281,
    "criticality_rank": 29,
    "criticality_score": 0.0004598210445695336,
    "delta_connectivity": 4.05772825952215e-06,
    "delta_pct": 0.04598210445695336,
    "degree": 5,
    "is_cut_vertex": false,
    "component_count_after": 3,
    "rank_by_area": 9,
    "criticality_level": "low"
   }
  },
  {
   "type": "Feature",
   "id": "P10",
   "geometry": {
    "type": "Polygon",
    "coordinates": [
     [
      [
       86.84740603554665,
       20.60761714970963
      ],
      [
       86.84654247939056,
       20.607435664650517
      ],
      [
       86.84644668976892,
       20.60725485885754
      ],
      [
       86.84596683697764,
       20.60725443202569
      ],
      [
       86.84587150246104,
       20.606621824437262
      ],
      [
       86.84625565500944,
       20.606351085308066
      ],
      [
       86.84625583627529,
       20.606170364701427
      ],
      [
       86.84644777603546,
       20.606170535264585
      ],
      [
       86.84654410776325,
       20.60580917923678
      ],
      [
       86.84712046641985,
       20.605267527431337
      ],
      [
       86.8476003130171,
       20.605267951022487
      ],
      [
       86.84760049268729,
       20.60508723038184
      ],
      [
       86.847888400312,
       20.605087483894938
      ],
      [
       86.84817666591798,
       20.60472629562636
      ],
      [
       86.84846457287253,
       20.604726548175876
      ],
      [
       86.8486568676825,
       20.604365274950485
      ],
      [
       86.84952094133793,
       20.604004587394776
      ],
      [
       86.84990570018334,
       20.603101317556167
      ],
      [
       86.85009772448649,
       20.60301112369108
      ],
      [
       86.8500987846867,
       20.60192679938246
      ],
      [
       86.84990702712687,
       20.601745912175236
      ],
      [
       86.84990729250275,
       20.601474831073567
      ],
      [
       86.8497154471616,
       20.60138430401871
      ],
      [
       86.84981221066744,
       20.60057114402732
      ],
      [
       86.84962063237506,
       20.600209535727156
      ],
      [
       86.84942870004954,
       20.60020936873226
      ],
      [
       86.84933308904598,
       20.59984784362954
      ],
      [
       86.85701036539446,
       20.59985436142
      ],
      [
       86.85701011259906,
       20.600125442658822
      ],
      [
       86.85605002703475,
       20.60057644858772
      ],
      [
       86.85604977253182,
       20.600847529792485
      ],
      [
       86.85585783935203,
       20.60084736992779
      ],
      [
       86.85576144773378,
       20.601299091898916
      ],
      [
       86.85556934375012,
       20.601479652496092
      ],
      [
       86.85499354185457,
       20.601479170649313
      ],
      [
       86.85470521275722,
       20.601930730936214
      ],
      [
       86.85499285815723,
       20.602202053733972
      ],
      [
       86.85576068265273,
       20.602112335409487
      ],
      [
       86.85604833027097,
       20.602383656459075
      ],
      [
       86.85623950279049,
       20.603197059549526
      ],
      [
       86.85643135429423,
       20.603287579384684
      ],
      [
       86.85633504746106,
       20.603648941177486
      ],
      [
       86.85662286798843,
       20.603739540503955
      ],
      [
       86.8566224454318,
       20.60419134235345
      ],
      [
       86.85595049482411,
       20.60437150476094
      ],
      [
       86.85566233319953,
       20.604642345760833
      ],
      [
       86.85566199287418,
       20.60500378718931
      ],
      [
       86.85585393125594,
       20.605003947302173
      ],
      [
       86.8557575369307,
       20.605455669038644
      ],
      [
       86.85537365903943,
       20.605455348379163
      ],
      [
       86.85537400005278,
       20.605093906974155
      ],
      [
       86.85499020855244,
       20.605003225116487
      ],
      [
       86.85499080688888,
       20.604370702625527
      ],
      [
       86.85451164898664,
       20.603647416672437
      ],
      [
       86.85460813150067,
       20.60310533518089
      ],
      [
       86.85412820554117,
       20.603195291446045
      ],
      [
       86.8540318933472,
       20.603556651927967
      ],
      [
       86.85383987064316,
       20.603646850166008
      ],
      [
       86.85336002898313,
       20.603646443920763
      ],
      [
       86.85316826541363,
       20.603465560329234
      ],
      [
       86.85278430577854,
       20.603555594310613
      ],
      [
       86.85268851116327,
       20.60337479186401
      ],
      [
       86.85249657484842,
       20.603374628249796
      ],
      [
       86.85230437737198,
       20.603645545494338
      ],
      [
       86.8523039420902,
       20.604097347261785
      ],
      [
       86.85211200487404,
       20.60409718321523
      ],
      [
       86.85201586181127,
       20.604277821810083
      ],
      [
       86.85163198693391,
       20.604277492861648
      ],
      [
       86.85143987436197,
       20.60445804875739
      ],
      [
       86.85048027421352,
       20.604366861244504
      ],
      [
       86.85028807193316,
       20.604637776187467
      ],
      [
       86.8500001651211,
       20.60463752667513
      ],
      [
       86.84980787312048,
       20.60499880140054
      ],
      [
       86.84951996563672,
       20.60499855108448
      ],
      [
       86.8493278496839,
       20.605179104597784
      ],
      [
       86.8493276720493,
       20.605359825250996
      ],
      [
       86.8490395859179,
       20.605540294778226
      ],
      [
       86.84894290404507,
       20.60626309351149
      ],
      [
       86.84846296497068,
       20.60635303393897
      ],
      [
       86.84807872672123,
       20.606714138303527
      ],
      [
       86.84865428043425,
       20.606985724217658
      ],
      [
       86.84855795291386,
       20.60734708139858
      ],
      [
       86.84769421729321,
       20.607346322686265
      ],
      [
       86.84740603554665,
       20.60761714970963
      ]
     ],
     [
      [
       86.85403283972121,
       20.602562687869113
      ],
      [
       86.85422443135576,
       20.602924291264326
      ],
      [
       86.85422477503279,
       20.602562849772077
      ],
      [
       86.85403283972121,
       20.602562687869113
      ]
     ]
    ]
   },
   "properties": {
    "id": "P10",
    "area_ha": 38.84000000000084,
    "quality": 0.982337449394343,
    "confidence": 0.982337449394343,
    "habitat_class": "mangrove",
    "name": null,
    "protected": false,
    "perimeter_km": 4.799080722435417,
    "bbox": [
     20.59984784362954,
     86.84587150246104,
     20.60761714970963,
     86.85701036539446
    ],
    "extra": {
     "pixel_count": 3884,
     "label_value": 300,
     "centroid_pixel": [
      749.4163233779609,
      2625.3110195674562
     ]
    },
    "centroid_lat": 20.602849043433142,
    "centroid_lon": 86.85191324282971,
    "criticality_rank": 21,
    "criticality_score": 0.0015571030627749554,
    "delta_connectivity": 1.3740782801112059e-05,
    "delta_pct": 0.15571030627749552,
    "degree": 3,
    "is_cut_vertex": false,
    "component_count_after": 3,
    "rank_by_area": 10,
    "criticality_level": "low"
   }
  },
  {
   "type": "Feature",
   "id": "P11",
   "geometry": {
    "type": "Polygon",
    "coordinates": [
     [
      [
       86.93466645316217,
       20.778632651862864
      ],
      [
       86.93428225565472,
       20.778361428925507
      ],
      [
       86.93428233384294,
       20.77818071138911
      ],
      [
       86.93457068584522,
       20.77790974513376
      ],
      [
       86.93466695840684,
       20.777457987836357
      ],
      [
       86.93495523096557,
       20.77736773846668
      ],
      [
       86.93495530834909,
       20.777187020906947
      ],
      [
       86.9344749194296,
       20.777186838292863
      ],
      [
       86.934378763577,
       20.777367519166447
      ],
      [
       86.9338984134128,
       20.77727697616065
      ],
      [
       86.93370677036829,
       20.77610223790435
      ],
      [
       86.93361077225033,
       20.77592148321095
      ],
      [
       86.93341861828796,
       20.775921408826516
      ],
      [
       86.9334190539082,
       20.774927462064504
      ],
      [
       86.93361132507158,
       20.774656460034414
      ],
      [
       86.93514869828456,
       20.77429561209285
      ],
      [
       86.93543704135062,
       20.774024644236835
      ],
      [
       86.93620560969826,
       20.774115290242573
      ],
      [
       86.93659002621477,
       20.773844356096134
      ],
      [
       86.93697432891037,
       20.77384449754014
      ],
      [
       86.93716640551962,
       20.774025285577526
      ],
      [
       86.93735829630256,
       20.7746578674676
      ],
      [
       86.93822305550033,
       20.774477463023366
      ],
      [
       86.93851143001457,
       20.774116131179984
      ],
      [
       86.9388957334117,
       20.774116268326736
      ],
      [
       86.93927992847154,
       20.77438748107121
      ],
      [
       86.939568156538,
       20.77438758272355
      ],
      [
       86.9397604518939,
       20.774026214941184
      ],
      [
       86.94072124510184,
       20.77393619038352
      ],
      [
       86.9413939147009,
       20.77357498585999
      ],
      [
       86.9418742922621,
       20.77357514909332
      ],
      [
       86.94216245000501,
       20.773755964048615
      ],
      [
       86.94245071111514,
       20.77366570203093
      ],
      [
       86.94254668417697,
       20.773936810681906
      ],
      [
       86.94273883566244,
       20.77393687484793
      ],
      [
       86.94273842698054,
       20.77502118071735
      ],
      [
       86.94235401840723,
       20.77529212860718
      ],
      [
       86.94206585752666,
       20.7751113139982
      ],
      [
       86.94177748955438,
       20.775472651783485
      ],
      [
       86.94158512765897,
       20.776014739381264
      ],
      [
       86.94168064967369,
       20.777460512784373
      ],
      [
       86.94129612827271,
       20.77800253456425
      ],
      [
       86.9405275017845,
       20.778002270105148
      ],
      [
       86.93956661084039,
       20.77827301103009
      ],
      [
       86.93927848376705,
       20.77800183302199
      ],
      [
       86.93793335055537,
       20.778091710934987
      ],
      [
       86.93774130493887,
       20.77782056504687
      ],
      [
       86.93706853299396,
       20.778362472564183
      ],
      [
       86.93658821578184,
       20.778181578307034
      ],
      [
       86.93629994263928,
       20.77827183040776
      ],
      [
       86.93601155495791,
       20.77863315832952
      ],
      [
       86.9355311614548,
       20.77863297865803
      ],
      [
       86.93524300240178,
       20.77845215267593
      ],
      [
       86.93466645316217,
       20.778632651862864
      ]
     ],
     [
      [
       86.93716472366404,
       20.778091431424066
      ],
      [
       86.9374529959543,
       20.778001177867612
      ],
      [
       86.9374531075756,
       20.777730101533344
      ],
      [
       86.93716479842178,
       20.77791071387174
      ],
      [
       86.93716472366404,
       20.778091431424066
      ]
     ]
    ]
   },
   "properties": {
    "id": "P11",
    "area_ha": 38.170000000000975,
    "quality": 0.9825688848671628,
    "confidence": 0.9825688848671628,
    "habitat_class": "mangrove",
    "name": null,
    "protected": false,
    "perimeter_km": 3.244348878360817,
    "bbox": [
     20.77357498585999,
     86.93341861828796,
     20.77863315832952,
     86.94273883566244
    ],
    "extra": {
     "pixel_count": 3817,
     "label_value": 32,
     "centroid_pixel": [
      1646.7005501702909,
      709.2006811632172
     ]
    },
    "centroid_lat": 20.776040511875724,
    "centroid_lon": 86.93795345692689,
    "criticality_rank": 34,
    "criticality_score": 0.00024714468624875165,
    "delta_connectivity": 2.1809484133574614e-06,
    "delta_pct": 0.024714468624875165,
    "degree": 3,
    "is_cut_vertex": false,
    "component_count_after": 3,
    "rank_by_area": 11,
    "criticality_level": "low"
   }
  },
  {
   "type": "Feature",
   "id": "P12",
   "geometry": {
    "type": "Polygon",
    "coordinates": [
     [
      [
       86.93773741511518,
       20.787308231610226
      ],
      [
       86.93687284523739,
       20.786856122397552
      ],
      [
       86.93687307065379,
       20.786313970285217
      ],
      [
       86.937065387595,
       20.785952606076492
      ],
      [
       86.93841077420568,
       20.785410941731428
      ],
      [
       86.938987490021,
       20.784868995348184
      ],
      [
       86.93994849522585,
       20.784417540551587
      ],
      [
       86.94033282469876,
       20.784417674546283
      ],
      [
       86.94119774097987,
       20.783966179299558
      ],
      [
       86.94196643219449,
       20.783876082108428
      ],
      [
       86.9432156675308,
       20.78342470612075
      ],
      [
       86.944945171734,
       20.783334910653075
      ],
      [
       86.94609805582013,
       20.783606352682238
      ],
      [
       86.94629012367001,
       20.783877489093545
      ],
      [
       86.94619381750668,
       20.78450997008943
      ],
      [
       86.94600149196604,
       20.784961703357403
      ],
      [
       86.94571317918859,
       20.785142329888462
      ],
      [
       86.94571304996407,
       20.785503764740554
      ],
      [
       86.94484807263517,
       20.78613600007241
      ],
      [
       86.94465590570833,
       20.7861359382314
      ],
      [
       86.94446360657662,
       20.786497310977996
      ],
      [
       86.94398315478303,
       20.786587513591257
      ],
      [
       86.94359871909228,
       20.786858463840453
      ],
      [
       86.94311829950082,
       20.786858305333244
      ],
      [
       86.94234955954254,
       20.787038766306775
      ],
      [
       86.94215732263052,
       20.787219419043442
      ],
      [
       86.94138861459521,
       20.787309517014297
      ],
      [
       86.93773741511518,
       20.787308231610226
      ]
     ]
    ]
   },
   "properties": {
    "id": "P12",
    "area_ha": 28.160000000001602,
    "quality": 0.9915505424988541,
    "confidence": 0.9915505424988541,
    "habitat_class": "mangrove",
    "name": null,
    "protected": false,
    "perimeter_km": 2.3612542400388628,
    "bbox": [
     20.783334910653075,
     86.93687284523739,
     20.787309517014297,
     86.94629012367001
    ],
    "extra": {
     "pixel_count": 2816,
     "label_value": 11,
     "centroid_pixel": [
      1687.1047585227273,
      604.7102272727273
     ]
    },
    "centroid_lat": 20.785483497725583,
    "centroid_lon": 86.94183175877758,
    "criticality_rank": 39,
    "criticality_score": 0.0001593560838354438,
    "delta_connectivity": 1.4062507411143066e-06,
    "delta_pct": 0.01593560838354438,
    "degree": 3,
    "is_cut_vertex": false,
    "component_count_after": 3,
    "rank_by_area": 12,
    "criticality_level": "low"
   }
  },
  {
   "type": "Feature",
   "id": "P13",
   "geometry": {
    "type": "Polygon",
    "coordinates": [
     [
      [
       86.9360661972496,
       20.648425189613977
      ],
      [
       86.93597035191294,
       20.648063713492476
      ],
      [
       86.93462640193039,
       20.648063209744983
      ],
      [
       86.93462667228897,
       20.647430688781697
      ],
      [
       86.9342428824164,
       20.64697874222388
      ],
      [
       86.9334749164672,
       20.646978447978725
      ],
      [
       86.933474641352,
       20.647610968960418
      ],
      [
       86.93328260965637,
       20.647701254998932
      ],
      [
       86.93309065679448,
       20.647610820551705
      ],
      [
       86.93309077538284,
       20.647339740138776
      ],
      [
       86.93251475970426,
       20.64742987606491
      ],
      [
       86.93213089589744,
       20.64715864510902
      ],
      [
       86.93145892492998,
       20.647158379607905
      ],
      [
       86.93126681140723,
       20.647429383678357
      ],
      [
       86.93126640532736,
       20.648332984978108
      ],
      [
       86.93011448756961,
       20.64824216231432
      ],
      [
       86.92992261871925,
       20.64797100410212
      ],
      [
       86.9297306260024,
       20.64797092605261
      ],
      [
       86.92963475436039,
       20.647699806565832
      ],
      [
       86.92925085320749,
       20.64751892935703
      ],
      [
       86.92925093680326,
       20.647338209095395
      ],
      [
       86.92886712106095,
       20.646976610761687
      ],
      [
       86.92886766734874,
       20.6458019289295
      ],
      [
       86.92905965733941,
       20.645802007930914
      ],
      [
       86.92915586158502,
       20.645350246601506
      ],
      [
       86.92944388740196,
       20.645260004386923
      ],
      [
       86.92973212042136,
       20.64471796090114
      ],
      [
       86.92973232795673,
       20.644266160088787
      ],
      [
       86.9291565729928,
       20.643814123874623
      ],
      [
       86.92877259800147,
       20.64381396588836
      ],
      [
       86.92838879220882,
       20.64345236637286
      ],
      [
       86.92819680516993,
       20.643452286634016
      ],
      [
       86.92781317219563,
       20.642729245129107
      ],
      [
       86.92838925747648,
       20.64245840443789
      ],
      [
       86.92886909592126,
       20.642729683382456
      ],
      [
       86.92915707512391,
       20.64272980178532
      ],
      [
       86.92925298461904,
       20.642910561504237
      ],
      [
       86.93050093704696,
       20.6428207081628
      ],
      [
       86.93078879379225,
       20.64309190438603
      ],
      [
       86.93165261237729,
       20.643363329091592
      ],
      [
       86.93165253163627,
       20.64354404944562
      ],
      [
       86.93203646582964,
       20.6436345612012
      ],
      [
       86.93203638554093,
       20.643815281550996
      ],
      [
       86.93299616478853,
       20.644177097463817
      ],
      [
       86.93337998331747,
       20.64453868674228
      ],
      [
       86.9334758203444,
       20.6449001644271
      ],
      [
       86.9344355710898,
       20.64535233248283
      ],
      [
       86.93453129509187,
       20.64598489002761
      ],
      [
       86.9347232853349,
       20.645984962730967
      ],
      [
       86.93481916494021,
       20.64625607946749
      ],
      [
       86.93520310783096,
       20.646346584175962
      ],
      [
       86.9352989885123,
       20.64661770063752
      ],
      [
       86.93549097955255,
       20.646617772489193
      ],
      [
       86.93549078900166,
       20.647069573232265
      ],
      [
       86.93597076802364,
       20.647069751931536
      ],
      [
       86.93606668828741,
       20.647250507803896
      ],
      [
       86.93625868012487,
       20.64725057880384
      ],
      [
       86.93625860480967,
       20.647431299093387
      ],
      [
       86.93654648044378,
       20.64770248562269
      ],
      [
       86.93635430002699,
       20.648154215635355
      ],
      [
       86.93664228948674,
       20.648154321579796
      ],
      [
       86.93664221462123,
       20.648335041851784
      ],
      [
       86.9360661972496,
       20.648425189613977
      ]
     ]
    ]
   },
   "properties": {
    "id": "P13",
    "area_ha": 27.77000000000154,
    "quality": 0.9819683541399908,
    "confidence": 0.9819683541399908,
    "habitat_class": "mangrove",
    "name": null,
    "protected": false,
    "perimeter_km": 3.248681723296292,
    "bbox": [
     20.64245840443789,
     86.92781317219563,
     20.648425189613977,
     86.93664228948674
    ],
    "extra": {
     "pixel_count": 2777,
     "label_value": 250,
     "centroid_pixel": [
      1580.8516384587685,
      2151.539070939863
     ]
    },
    "centroid_lat": 20.645709176304003,
    "centroid_lon": 86.93168531976765,
    "criticality_rank": 19,
    "criticality_score": 0.0020669660913151993,
    "delta_connectivity": 1.824011062402653e-05,
    "delta_pct": 0.20669660913151994,
    "degree": 3,
    "is_cut_vertex": false,
    "component_count_after": 3,
    "rank_by_area": 13,
    "criticality_level": "low"
   }
  },
  {
   "type": "Feature",
   "id": "P14",
   "geometry": {
    "type": "Polygon",
    "coordinates": [
     [
      [
       86.88989248541853,
       20.647498311342158
      ],
      [
       86.8897969452058,
       20.64686572984149
      ],
      [
       86.88960488887072,
       20.64695596720587
      ],
      [
       86.88931742512783,
       20.64623290248133
      ],
      [
       86.88931762128433,
       20.645961822347786
      ],
      [
       86.88950954599285,
       20.64605230538077
      ],
      [
       86.88960573668423,
       20.64578128665261
      ],
      [
       86.88902989853418,
       20.645600197279258
      ],
      [
       86.88893403499254,
       20.645419415447783
      ],
      [
       86.88864605104976,
       20.64541922993178
      ],
      [
       86.8886461826087,
       20.645238509830804
      ],
      [
       86.88816640813114,
       20.64496711941874
      ],
      [
       86.88778322612198,
       20.643882549567834
      ],
      [
       86.88701547690569,
       20.643610968521305
      ],
      [
       86.88672742947949,
       20.643701139882637
      ],
      [
       86.88663156984401,
       20.643520356750972
      ],
      [
       86.88586389192889,
       20.643158410525675
      ],
      [
       86.8855761826116,
       20.642796779646137
      ],
      [
       86.88557672327116,
       20.64207389907682
      ],
      [
       86.8853847381965,
       20.642073771738872
      ],
      [
       86.88480919118204,
       20.6415312279921
      ],
      [
       86.88404125363688,
       20.64153071395857
      ],
      [
       86.88365755972089,
       20.641169015355437
      ],
      [
       86.88365783456277,
       20.640807575034756
      ],
      [
       86.88346585109016,
       20.640807445570704
      ],
      [
       86.88317808286192,
       20.640536170728588
      ],
      [
       86.88269812504281,
       20.640535845338757
      ],
      [
       86.88250641947039,
       20.640174274477005
      ],
      [
       86.8822185845801,
       20.639993358116357
      ],
      [
       86.88231499279473,
       20.63945126303164
      ],
      [
       86.88212301103317,
       20.639451132082733
      ],
      [
       86.88183531751561,
       20.639089494890275
      ],
      [
       86.88164361578073,
       20.638727923028767
      ],
      [
       86.88173974587505,
       20.63854726859714
      ],
      [
       86.88145191494827,
       20.63836635094371
      ],
      [
       86.88126021501823,
       20.638004778635132
      ],
      [
       86.88097224510966,
       20.638004580385942
      ],
      [
       86.88087660684646,
       20.637552713672807
      ],
      [
       86.88068462747685,
       20.63755258113634
      ],
      [
       86.88058884932155,
       20.637281434465564
      ],
      [
       86.88039687029432,
       20.637281301610862
      ],
      [
       86.8800133373324,
       20.63673887460208
      ],
      [
       86.87972536981913,
       20.63673867428535
      ],
      [
       86.87962909635147,
       20.63710004784449
      ],
      [
       86.8794370463699,
       20.637190274030495
      ],
      [
       86.87905308856192,
       20.63719000554792
      ],
      [
       86.878765334965,
       20.63691872331009
      ],
      [
       86.87886168187921,
       20.636466990123232
      ],
      [
       86.87866991880173,
       20.636195775016144
      ],
      [
       86.87886196797947,
       20.636105549668905
      ],
      [
       86.87886225407362,
       20.635744109199475
      ],
      [
       86.87905423116167,
       20.63574424375063
      ],
      [
       86.87895874287068,
       20.635111655641584
      ],
      [
       86.87924670731437,
       20.635111857221503
      ],
      [
       86.8793428379357,
       20.63493120405129
      ],
      [
       86.87953481400749,
       20.634931338063183
      ],
      [
       86.87972707411481,
       20.6345700313316
      ],
      [
       86.8800150375476,
       20.634570231625418
      ],
      [
       86.88049462383316,
       20.63502236505446
      ],
      [
       86.8806866000274,
       20.635022497786625
      ],
      [
       86.880782306577,
       20.63538400459783
      ],
      [
       86.88116618971702,
       20.635474629343832
      ],
      [
       86.88154979357247,
       20.635926693750346
      ],
      [
       86.88174177090846,
       20.63592682531512
      ],
      [
       86.88193402708278,
       20.635565516148915
      ],
      [
       86.88183824793424,
       20.635294370104006
      ],
      [
       86.88231853669765,
       20.63484289711596
      ],
      [
       86.88260643136202,
       20.634933453232005
      ],
      [
       86.882606292743,
       20.63511417351027
      ],
      [
       86.88298996905692,
       20.635475874617946
      ],
      [
       86.88270193463414,
       20.635566039410357
      ],
      [
       86.88270179612327,
       20.635746759676024
      ],
      [
       86.88212551679345,
       20.636198168184574
      ],
      [
       86.88202931898886,
       20.636469183012018
      ],
      [
       86.88231679961159,
       20.637101900322918
      ],
      [
       86.88279633141832,
       20.637644387412017
      ],
      [
       86.88279605458757,
       20.638005827853874
      ],
      [
       86.88317994551292,
       20.638096448133616
      ],
      [
       86.88317980754803,
       20.638277168349465
      ],
      [
       86.88375547386644,
       20.63863899743768
      ],
      [
       86.88375533657732,
       20.638819717645898
      ],
      [
       86.88404317109821,
       20.63900063146761
      ],
      [
       86.88413888802413,
       20.639362136302424
      ],
      [
       86.8848102796531,
       20.640085466620224
      ],
      [
       86.88481014359934,
       20.64026618680493
      ],
      [
       86.88548160999291,
       20.640899154384332
      ],
      [
       86.88567359359426,
       20.64089928160766
      ],
      [
       86.88711240389712,
       20.642345990330412
      ],
      [
       86.88740031553431,
       20.642436538455435
      ],
      [
       86.88749597605874,
       20.642888401405628
      ],
      [
       86.8879757428369,
       20.64315979371066
      ],
      [
       86.88826372251957,
       20.64315998032537
      ],
      [
       86.88835951792299,
       20.643431122636134
      ],
      [
       86.88893521590998,
       20.643792934386923
      ],
      [
       86.88903094734818,
       20.644154436376933
      ],
      [
       86.889318798157,
       20.644335341367857
      ],
      [
       86.8893181443529,
       20.645238941950065
      ],
      [
       86.88970186187599,
       20.645600627912167
      ],
      [
       86.88970147092925,
       20.646142788200468
      ],
      [
       86.88989313590766,
       20.646594710978714
      ],
      [
       86.89008506175212,
       20.646685193370363
      ],
      [
       86.88998867635493,
       20.647227292447017
      ],
      [
       86.89018066792796,
       20.647227414694804
      ],
      [
       86.89018053816831,
       20.64740813476357
      ],
      [
       86.88989248541853,
       20.647498311342158
      ]
     ],
     [
      [
       86.88979707541495,
       20.646685009763708
      ],
      [
       86.88989294076458,
       20.646865791097675
      ],
      [
       86.88989307086032,
       20.64668507101931
      ],
      [
       86.88979707541495,
       20.646685009763708
      ]
     ]
    ]
   },
   "properties": {
    "id": "P14",
    "area_ha": 25.940000000001255,
    "quality": 0.980511731612471,
    "confidence": 0.980511731612471,
    "habitat_class": "mangrove",
    "name": null,
    "protected": false,
    "perimeter_km": 4.875855778836678,
    "bbox": [
     20.6345700313316,
     86.87866991880173,
     20.647498311342158,
     86.89018066792796
    ],
    "extra": {
     "pixel_count": 2594,
     "label_value": 253,
     "centroid_pixel": [
      1080.520431765613,
      2219.001156515035
     ]
    },
    "centroid_lat": 20.6395876106594,
    "centroid_lon": 86.88366072345501,
    "criticality_rank": 18,
    "criticality_score": 0.002104207529617253,
    "delta_connectivity": 1.8568750729580988e-05,
    "delta_pct": 0.2104207529617253,
    "degree": 5,
    "is_cut_vertex": false,
    "component_count_after": 3,
    "rank_by_area": 14,
    "criticality_level": "low"
   }
  },
  {
   "type": "Feature",
   "id": "P15",
   "geometry": {
    "type": "Polygon",
    "coordinates": [
     [
      [
       86.89288170738608,
       20.62843419427631
      ],
      [
       86.89278584993377,
       20.62825341425173
      ],
      [
       86.89230586691156,
       20.628343475977257
      ],
      [
       86.89221001019705,
       20.628162695634497
      ],
      [
       86.89201804252863,
       20.62816257574946
      ],
      [
       86.89211440839486,
       20.627620474258734
      ],
      [
       86.8918267132745,
       20.62725885320761
      ],
      [
       86.89153882748525,
       20.627168312420032
      ],
      [
       86.89019499779019,
       20.62725782380797
      ],
      [
       86.8899071779535,
       20.627076920060944
      ],
      [
       86.88942726222535,
       20.627076613566395
      ],
      [
       86.88923523056808,
       20.62716685083794
      ],
      [
       86.88923503446055,
       20.627437931560245
      ],
      [
       86.88885116657693,
       20.62734732473477
      ],
      [
       86.88875498630522,
       20.62761834366727
      ],
      [
       86.88856301934159,
       20.627618219946054
      ],
      [
       86.88846723332942,
       20.62734707729589
      ],
      [
       86.8882752667078,
       20.627346953256485
      ],
      [
       86.88817967934581,
       20.62680472971748
      ],
      [
       86.8884677598982,
       20.62662419536215
      ],
      [
       86.8887561680135,
       20.625991859266403
      ],
      [
       86.88933199748772,
       20.626082589372707
      ],
      [
       86.88952389733639,
       20.62617307248464
      ],
      [
       86.88952376694597,
       20.62635379298966
      ],
      [
       86.88981171502341,
       20.626353976879376
      ],
      [
       86.89029182271852,
       20.6260832015298
      ],
      [
       86.89038806397969,
       20.62572182141658
      ],
      [
       86.89077212208979,
       20.625541344042617
      ],
      [
       86.89106000436516,
       20.625631886109122
      ],
      [
       86.89163615362172,
       20.62527080720613
      ],
      [
       86.89202008170406,
       20.62527104757947
      ],
      [
       86.89202027285879,
       20.62499996676395
      ],
      [
       86.89182837298759,
       20.62490948641248
      ],
      [
       86.89192448232917,
       20.624728825928287
      ],
      [
       86.89134852813538,
       20.62481882501237
      ],
      [
       86.8913490410324,
       20.624095942797045
      ],
      [
       86.89115720691524,
       20.623915101415875
      ],
      [
       86.89115739958369,
       20.62364402056561
      ],
      [
       86.89163730458168,
       20.623644322206122
      ],
      [
       86.89192512004544,
       20.62382522312301
      ],
      [
       86.89192499250494,
       20.624005943691625
      ],
      [
       86.89259686110947,
       20.624006362637378
      ],
      [
       86.89278863378676,
       20.624277562709842
      ],
      [
       86.89307664108311,
       20.62418738085649
      ],
      [
       86.89394016029125,
       20.62463971469329
      ],
      [
       86.89422810518755,
       20.624639891208258
      ],
      [
       86.8945162368168,
       20.62436898638594
      ],
      [
       86.89566789127812,
       20.624550406296787
      ],
      [
       86.89653154235626,
       20.624822006631028
      ],
      [
       86.89672314020771,
       20.62536428319901
      ],
      [
       86.89710719002142,
       20.625183791698884
      ],
      [
       86.89749093648183,
       20.625455100771447
      ],
      [
       86.8977784003649,
       20.62617815362702
      ],
      [
       86.89681833074154,
       20.62653902415186
      ],
      [
       86.89605003868434,
       20.6271710857096
      ],
      [
       86.89537815611843,
       20.627170680132192
      ],
      [
       86.89537803263103,
       20.6273514006512
      ],
      [
       86.8942259829272,
       20.627712140303025
      ],
      [
       86.89384173543347,
       20.628163706044663
      ],
      [
       86.89355378391406,
       20.628163528856902
      ],
      [
       86.8932656434163,
       20.628434431916617
      ],
      [
       86.89288170738608,
       20.62843419427631
      ]
     ],
     [
      [
       86.8895233757663,
       20.626895954482055
      ],
      [
       86.88971534183064,
       20.626896077132027
      ],
      [
       86.88961961935956,
       20.626534574841383
      ],
      [
       86.88942765374908,
       20.626534452087093
      ],
      [
       86.8895233757663,
       20.626895954482055
      ]
     ]
    ]
   },
   "properties": {
    "id": "P15",
    "area_ha": 25.600000000001202,
    "quality": 0.9811081459280103,
    "confidence": 0.9811081459280103,
    "habitat_class": "mangrove",
    "name": null,
    "protected": false,
    "perimeter_km": 3.1579322776604513,
    "bbox": [
     20.62364402056561,
     86.88817967934581,
     20.628434431916617,
     86.8977784003649
    ],
    "extra": {
     "pixel_count": 2560,
     "label_value": 267,
     "centroid_pixel": [
      1180.510546875,
      2367.900390625
     ]
    },
    "centroid_lat": 20.626139246817317,
    "centroid_lon": 86.89326825570303,
    "criticality_rank": 20,
    "criticality_score": 0.001599029115706049,
    "delta_connectivity": 1.4110762670015153e-05,
    "delta_pct": 0.1599029115706049,
    "degree": 3,
    "is_cut_vertex": false,
    "component_count_after": 3,
    "rank_by_area": 15,
    "criticality_level": "low"
   }
  },
  {
   "type": "Feature",
   "id": "P16",
   "geometry": {
    "type": "Polygon",
    "coordinates": [
     [
      [
       86.91655217775184,
       20.69730154396897
      ],
      [
       86.91655237547033,
       20.69694010563515
      ],
      [
       86.91607219021427,
       20.697030231990947
      ],
      [
       86.91559215438987,
       20.69684927825754
      ],
      [
       86.91549602723086,
       20.697029950349783
      ],
      [
       86.91501599209707,
       20.69684899501337
      ],
      [
       86.91501614311258,
       20.696577916260928
      ],
      [
       86.91482408935842,
       20.696577821419375
      ],
      [
       86.91492026741906,
       20.696306790106625
      ],
      [
       86.91463244012155,
       20.695854849656115
      ],
      [
       86.91482459386344,
       20.69567422552086
      ],
      [
       86.91463284462044,
       20.695131972887893
      ],
      [
       86.91482555234852,
       20.693957393052788
      ],
      [
       86.91463360300912,
       20.69377657878411
      ],
      [
       86.91463375467954,
       20.693505499937785
      ],
      [
       86.91434573057994,
       20.693414997359376
      ],
      [
       86.9145378309631,
       20.693324733102212
      ],
      [
       86.91453793218803,
       20.69314401386326
      ],
      [
       86.91396183485723,
       20.69305336752296
      ],
      [
       86.9142499596098,
       20.6929631515023
      ],
      [
       86.91434618710953,
       20.692601760766856
      ],
      [
       86.91453818524555,
       20.692692215749307
      ],
      [
       86.9144420088109,
       20.69296324696796
      ],
      [
       86.91463405801306,
       20.692963342219567
      ],
      [
       86.91463431078355,
       20.692511544095005
      ],
      [
       86.91425026429836,
       20.692420993755437
      ],
      [
       86.9142501627366,
       20.692601713008184
      ],
      [
       86.91405811399153,
       20.692601617330297
      ],
      [
       86.91396193676292,
       20.692872648281053
      ],
      [
       86.913962140571,
       20.692511209785874
      ],
      [
       86.91377014300639,
       20.69242075416168
      ],
      [
       86.91405867381874,
       20.691607661398344
      ],
      [
       86.91386667733124,
       20.691517205876032
      ],
      [
       86.91396295575967,
       20.691065455653657
      ],
      [
       86.91377090894959,
       20.691065359662467
      ],
      [
       86.91367509001351,
       20.69070387301843
      ],
      [
       86.91377121530964,
       20.690523201803135
      ],
      [
       86.9140592845017,
       20.690523345705536
      ],
      [
       86.91425143218036,
       20.690342722076657
      ],
      [
       86.91463547344053,
       20.69043327241714
      ],
      [
       86.91463557453437,
       20.690252553117126
      ],
      [
       86.91501961579915,
       20.690343102602487
      ],
      [
       86.91521176211755,
       20.69016247789429
      ],
      [
       86.91540370761503,
       20.69034329158129
      ],
      [
       86.91559535368931,
       20.691066262937404
      ],
      [
       86.91597919856258,
       20.69151824885527
      ],
      [
       86.91617124595369,
       20.69151834238738
      ],
      [
       86.91626717048155,
       20.69169910835429
      ],
      [
       86.9164592181017,
       20.69169920156623
      ],
      [
       86.91655534073911,
       20.691518528809492
      ],
      [
       86.91722745760849,
       20.69160921263138
      ],
      [
       86.91732323656811,
       20.69206105693189
      ],
      [
       86.9167470923318,
       20.69206077953813
      ],
      [
       86.91674699372915,
       20.692241498810095
      ],
      [
       86.91655494542503,
       20.69224140591655
      ],
      [
       86.91655484659387,
       20.692422125183846
      ],
      [
       86.91626667462508,
       20.69260270470305
      ],
      [
       86.9162665754506,
       20.692783423961437
      ],
      [
       86.9164586244355,
       20.692783517178704
      ],
      [
       86.916554550094,
       20.69296428296301
      ],
      [
       86.91655420416545,
       20.69359680032894
      ],
      [
       86.91674605695123,
       20.693958331704867
      ],
      [
       86.91693810741735,
       20.693958424392747
      ],
      [
       86.91693795983755,
       20.694229503240944
      ],
      [
       86.91713001064595,
       20.694229595716084
      ],
      [
       86.91732220835277,
       20.693958609126337
      ],
      [
       86.91847451118412,
       20.693959158189685
      ],
      [
       86.9184744146177,
       20.69413987742975
      ],
      [
       86.91876244255963,
       20.694230373112042
      ],
      [
       86.91876234633288,
       20.694411092347718
      ],
      [
       86.91905042290195,
       20.69441122793106
      ],
      [
       86.91895415737604,
       20.694862980864887
      ],
      [
       86.91933816506027,
       20.695043880336794
      ],
      [
       86.91953002626154,
       20.69540540858032
      ],
      [
       86.91981810471358,
       20.695405542886313
      ],
      [
       86.9198180097314,
       20.69558626210206
      ],
      [
       86.91914587377332,
       20.695495588363258
      ],
      [
       86.91914577799436,
       20.695676307574132
      ],
      [
       86.91885769903583,
       20.695676172142313
      ],
      [
       86.91866550187459,
       20.695947160392823
      ],
      [
       86.91828139591969,
       20.695946978637043
      ],
      [
       86.91837718067721,
       20.69639882214406
      ],
      [
       86.91876123965126,
       20.69648936328565
      ],
      [
       86.91866482740086,
       20.69721219470803
      ],
      [
       86.91655217775184,
       20.69730154396897
      ]
     ],
     [
      [
       86.91828154112572,
       20.695675899833656
      ],
      [
       86.91847364204912,
       20.69558563121383
      ],
      [
       86.91808968255049,
       20.695314370219908
      ],
      [
       86.9180895855213,
       20.69549508942982
      ],
      [
       86.91828154112572,
       20.695675899833656
      ]
     ],
     [
      [
       86.91799375360294,
       20.695133605328373
      ],
      [
       86.91818580555456,
       20.695133696630517
      ],
      [
       86.91808987660572,
       20.69495293178871
      ],
      [
       86.91837814756165,
       20.694591630050855
      ],
      [
       86.91818619320172,
       20.694410819736095
      ],
      [
       86.91780209111947,
       20.694410636924687
      ],
      [
       86.91780223716533,
       20.694139558076266
      ],
      [
       86.91761018646699,
       20.694139466350773
      ],
      [
       86.91751401456052,
       20.694410499254218
      ],
      [
       86.91732196352254,
       20.69441040720632
      ],
      [
       86.91722583995626,
       20.694591080327022
      ],
      [
       86.91722564385776,
       20.694952518765508
      ],
      [
       86.91789782488212,
       20.6949528403804
      ],
      [
       86.91799375360294,
       20.695133605328373
      ]
     ],
     [
      [
       86.91837790585026,
       20.695043428109667
      ],
      [
       86.91857005414805,
       20.694862799761683
      ],
      [
       86.91847412491225,
       20.69468203512719
      ],
      [
       86.9183780992199,
       20.69468198966451
      ],
      [
       86.91837790585026,
       20.695043428109667
      ]
     ],
     [
      [
       86.9179943364324,
       20.694049289969215
      ],
      [
       86.91809026470371,
       20.69423005488087
      ],
      [
       86.9180903617256,
       20.69404933564444
      ],
      [
       86.9179943364324,
       20.694049289969215
      ]
     ],
     [
      [
       86.91521050690268,
       20.69242146892967
      ],
      [
       86.91549857968923,
       20.692421610438487
      ],
      [
       86.91549867977143,
       20.692240891176088
      ],
      [
       86.91578670234884,
       20.692331391834312
      ],
      [
       86.91588297562035,
       20.691879640563844
      ],
      [
       86.91559495383689,
       20.69178914006454
      ],
      [
       86.91559510378355,
       20.69151806114897
      ],
      [
       86.91540305639565,
       20.691517966974768
      ],
      [
       86.91540295620402,
       20.69169868625187
      ],
      [
       86.91521090858973,
       20.69169859186274
      ],
      [
       86.91511478424911,
       20.691879263859878
      ],
      [
       86.91530678193669,
       20.691969717991938
      ],
      [
       86.91521050690268,
       20.69242146892967
      ]
     ]
    ]
   },
   "properties": {
    "id": "P16",
    "area_ha": 22.740000000000755,
    "quality": 0.9761369695973795,
    "confidence": 0.9761369695973795,
    "habitat_class": "mangrove",
    "name": null,
    "protected": false,
    "perimeter_km": 4.452907267816908,
    "bbox": [
     20.69016247789429,
     86.91367509001351,
     20.69730154396897,
     86.91981810471358
    ],
    "extra": {
     "pixel_count": 2274,
     "label_value": 98,
     "centroid_pixel": [
      1420.0123131046614,
      1614.2713280562884
     ]
    },
    "centroid_lat": 20.694249817835903,
    "centroid_lon": 86.91621894033969,
    "criticality_rank": 4,
    "criticality_score": 0.12731429039577888,
    "delta_connectivity": 0.0011234953251510887,
    "delta_pct": 12.731429039577888,
    "degree": 3,
    "is_cut_vertex": true,
    "component_count_after": 4,
    "rank_by_area": 16,
    "criticality_level": "high"
   }
  },
  {
   "type": "Feature",
   "id": "P17",
   "geometry": {
    "type": "Polygon",
    "coordinates": [
     [
      [
       86.90560383297311,
       20.69928380369849
      ],
      [
       86.9054118879312,
       20.699102979282976
      ],
      [
       86.90502777416725,
       20.699102767948798
      ],
      [
       86.90483599916195,
       20.69865086428002
      ],
      [
       86.90378003146577,
       20.698108120300045
      ],
      [
       86.90368417481888,
       20.697836988012018
      ],
      [
       86.9033000642624,
       20.697836772838066
      ],
      [
       86.90253236278186,
       20.697023104014757
      ],
      [
       86.90253247824904,
       20.696842384914085
      ],
      [
       86.90224445512317,
       20.69675186214454
      ],
      [
       86.9015727328672,
       20.69602860300235
      ],
      [
       86.90138067987716,
       20.696028493177746
      ],
      [
       86.90138079670258,
       20.695847774062468
      ],
      [
       86.9009968670996,
       20.695576475096235
      ],
      [
       86.90099727756464,
       20.694943958150372
      ],
      [
       86.90118938771003,
       20.694853708828845
      ],
      [
       86.90128564732572,
       20.694492325588993
      ],
      [
       86.9016698659119,
       20.694311826071406
      ],
      [
       86.90214999299097,
       20.694312099404
      ],
      [
       86.90215010889457,
       20.694131380248567
      ],
      [
       86.90234221733849,
       20.694041129626306
      ],
      [
       86.90368651377973,
       20.694132245914012
      ],
      [
       86.90368662786226,
       20.693951526746552
      ],
      [
       86.90397464657525,
       20.69404204711708
      ],
      [
       86.90397481718581,
       20.693770968359335
      ],
      [
       86.90426289243084,
       20.693771128661737
      ],
      [
       86.90464671039979,
       20.69422313958279
      ],
      [
       86.90493478650424,
       20.694223298765177
      ],
      [
       86.90474251010008,
       20.69458463102804
      ],
      [
       86.90474234084625,
       20.694855709766284
      ],
      [
       86.90483842297387,
       20.694765403250127
      ],
      [
       86.90512644391308,
       20.694855921695442
      ],
      [
       86.9047422844277,
       20.69494606934381
      ],
      [
       86.90493388562494,
       20.69566905200606
      ],
      [
       86.90522202059863,
       20.695578851147683
      ],
      [
       86.90503024940122,
       20.695126947525427
      ],
      [
       86.90531843937097,
       20.694946386917945
      ],
      [
       86.9053185515253,
       20.694765667758926
      ],
      [
       86.90512655629428,
       20.694675202535528
      ],
      [
       86.90522269421425,
       20.694494536219324
      ],
      [
       86.9054147452951,
       20.69449464175375
      ],
      [
       86.90570265437185,
       20.69476587840266
      ],
      [
       86.90570254267251,
       20.694946597563675
      ],
      [
       86.90589459432508,
       20.694946702565442
      ],
      [
       86.90589448285203,
       20.695127421723676
      ],
      [
       86.90608647911006,
       20.695217886090568
      ],
      [
       86.9060862009895,
       20.695669683967317
      ],
      [
       86.90637422438299,
       20.695760200326706
      ],
      [
       86.90637372528019,
       20.696573436443398
      ],
      [
       86.90618156043459,
       20.6967540510935
      ],
      [
       86.90618133814598,
       20.697115489333395
      ],
      [
       86.90637339253162,
       20.69711559381191
      ],
      [
       86.90637328161306,
       20.697296312927165
      ],
      [
       86.9071415000776,
       20.697296728704234
      ],
      [
       86.90723714274625,
       20.69792929732464
      ],
      [
       86.90704503226776,
       20.69801955335644
      ],
      [
       86.90704481201033,
       20.6983809915522
      ],
      [
       86.90637261607668,
       20.69838062753916
      ],
      [
       86.90637222782738,
       20.69901314433317
      ],
      [
       86.90618000431425,
       20.69928411845452
      ],
      [
       86.90560383297311,
       20.69928380369849
      ]
     ],
     [
      [
       86.90618039336623,
       20.69865160168388
      ],
      [
       86.90627636600485,
       20.698742013495885
      ],
      [
       86.90627642152592,
       20.69865165395413
      ],
      [
       86.90618039336623,
       20.69865160168388
      ]
     ]
    ]
   },
   "properties": {
    "id": "P17",
    "area_ha": 21.600000000000577,
    "quality": 0.9806856600498711,
    "confidence": 0.9806856600498711,
    "habitat_class": "mangrove",
    "name": null,
    "protected": false,
    "perimeter_km": 2.642476878396189,
    "bbox": [
     20.693770968359335,
     86.9009968670996,
     20.69928411845452,
     86.90723714274625
    ],
    "extra": {
     "pixel_count": 2160,
     "label_value": 77,
     "centroid_pixel": [
      1294.9212962962963,
      1590.9777777777779
     ]
    },
    "centroid_lat": 20.69634835363889,
    "centroid_lon": 86.90420570411298,
    "criticality_rank": 11,
    "criticality_score": 0.016375516450155683,
    "delta_connectivity": 0.00014450707867507892,
    "delta_pct": 1.6375516450155685,
    "degree": 4,
    "is_cut_vertex": false,
    "component_count_after": 3,
    "rank_by_area": 17,
    "criticality_level": "low"
   }
  },
  {
   "type": "Feature",
   "id": "P18",
   "geometry": {
    "type": "Polygon",
    "coordinates": [
     [
      [
       86.91993862026582,
       20.648689543187775
      ],
      [
       86.91955472817587,
       20.64850864446354
      ],
      [
       86.91936292539769,
       20.648147114477418
      ],
      [
       86.91907493606146,
       20.648146979704645
      ],
      [
       86.91907512730559,
       20.64778553928927
      ],
      [
       86.91888318279359,
       20.647695089069764
      ],
      [
       86.91897932255443,
       20.64742405382945
      ],
      [
       86.91878737855235,
       20.64733360350133
      ],
      [
       86.9187874745106,
       20.64715288327981
      ],
      [
       86.91859548287032,
       20.647152792848786
      ],
      [
       86.91849972779232,
       20.646700946986087
      ],
      [
       86.91773200651579,
       20.646248782126246
      ],
      [
       86.91773258969809,
       20.645164460632877
      ],
      [
       86.91907660930845,
       20.644984375557303
      ],
      [
       86.919076752715,
       20.644713295147938
      ],
      [
       86.91936464032241,
       20.644894150171446
      ],
      [
       86.92061256759881,
       20.644894728535444
      ],
      [
       86.92061266138839,
       20.644714008254788
      ],
      [
       86.92080469675811,
       20.644623736290214
      ],
      [
       86.92147670281344,
       20.64453368308439
      ],
      [
       86.92176440807746,
       20.645075974685295
      ],
      [
       86.92253236427682,
       20.645076320997106
      ],
      [
       86.92253227275347,
       20.64525704127851
      ],
      [
       86.9228203022642,
       20.645166810125104
      ],
      [
       86.92320414450425,
       20.645438061782393
      ],
      [
       86.92339613401361,
       20.645438147080917
      ],
      [
       86.92339622451723,
       20.645257426799628
      ],
      [
       86.92378015806037,
       20.645347956896458
      ],
      [
       86.92358812352396,
       20.645438232165933
      ],
      [
       86.92349190278891,
       20.64588999033784
      ],
      [
       86.92320387230707,
       20.645980222601164
      ],
      [
       86.92310760466631,
       20.646522340654133
      ],
      [
       86.92329936897478,
       20.646974226693274
      ],
      [
       86.92387538826411,
       20.64688412152359
      ],
      [
       86.92377889726612,
       20.64787804048679
      ],
      [
       86.92243490344484,
       20.64796780193714
      ],
      [
       86.92185901773904,
       20.647786821941864
      ],
      [
       86.92185883307386,
       20.648148262381685
      ],
      [
       86.92118657852626,
       20.648690117503335
      ],
      [
       86.91993862026582,
       20.648689543187775
      ]
     ],
     [
      [
       86.92320405377284,
       20.6456187820591
      ],
      [
       86.92329995802183,
       20.64579954500879
      ],
      [
       86.9233000486408,
       20.645618824735458
      ],
      [
       86.92320405377284,
       20.6456187820591
      ]
     ]
    ]
   },
   "properties": {
    "id": "P18",
    "area_ha": 19.860000000000305,
    "quality": 0.9789851062067326,
    "confidence": 0.9789851062067326,
    "habitat_class": "mangrove",
    "name": null,
    "protected": false,
    "perimeter_km": 2.2306934871658894,
    "bbox": [
     20.64453368308439,
     86.91773200651579,
     20.648690117503335,
     86.92387538826411
    ],
    "extra": {
     "pixel_count": 1986,
     "label_value": 249,
     "centroid_pixel": [
      1467.3247734138972,
      2142.218529707956
     ]
    },
    "centroid_lat": 20.646546725049536,
    "centroid_lon": 86.92078688018148,
    "criticality_rank": 22,
    "criticality_score": 0.0014782119760001205,
    "delta_connectivity": 1.30446019803096e-05,
    "delta_pct": 0.14782119760001206,
    "degree": 3,
    "is_cut_vertex": false,
    "component_count_after": 3,
    "rank_by_area": 18,
    "criticality_level": "low"
   }
  },
  {
   "type": "Feature",
   "id": "P19",
   "geometry": {
    "type": "Polygon",
    "coordinates": [
     [
      [
       86.91861225622932,
       20.795522864416075
      ],
      [
       86.91803586652512,
       20.795251514364722
      ],
      [
       86.91784388383124,
       20.79488998824195
      ],
      [
       86.91678705402808,
       20.79461840332671
      ],
      [
       86.91678715311599,
       20.794437686204358
      ],
      [
       86.91659502545187,
       20.794347234356135
      ],
      [
       86.91659522408114,
       20.793985800097982
      ],
      [
       86.91573042871921,
       20.793985377657723
      ],
      [
       86.9151540500335,
       20.793714017916475
      ],
      [
       86.91525044096922,
       20.793171913977446
      ],
      [
       86.91505831582704,
       20.79308146040425
      ],
      [
       86.91525049142436,
       20.793081555405085
      ],
      [
       86.91573123143144,
       20.792539640505016
      ],
      [
       86.91621161883857,
       20.792630234294474
      ],
      [
       86.91640389340418,
       20.792449610839626
      ],
      [
       86.91669210601533,
       20.792540109578542
      ],
      [
       86.91765312769446,
       20.792269497516315
      ],
      [
       86.91861395216436,
       20.792360314413415
      ],
      [
       86.91870994272742,
       20.792541077123435
      ],
      [
       86.91976690486041,
       20.792541574465154
      ],
      [
       86.92015139734154,
       20.792270677929647
      ],
      [
       86.92043961187127,
       20.79236117038391
      ],
      [
       86.92043951714294,
       20.7925418875664
      ],
      [
       86.92082372561633,
       20.7928131410671
      ],
      [
       86.92101590090172,
       20.79281322961138
      ],
      [
       86.92111208247378,
       20.792632556623097
      ],
      [
       86.9216885610299,
       20.792723179231235
      ],
      [
       86.92178446235927,
       20.79308465740361
      ],
      [
       86.9219765915421,
       20.793175103460733
      ],
      [
       86.92188031763357,
       20.7935364940921
      ],
      [
       86.92216848926775,
       20.79371734222291
      ],
      [
       86.92149521738543,
       20.794982055910907
      ],
      [
       86.91861225622932,
       20.795522864416075
      ]
     ]
    ]
   },
   "properties": {
    "id": "P19",
    "area_ha": 17.829999999999988,
    "quality": 0.984520672615231,
    "confidence": 0.984520672615231,
    "habitat_class": "mangrove",
    "name": null,
    "protected": false,
    "perimeter_km": 1.9528695223445347,
    "bbox": [
     20.792269497516315,
     86.91505831582704,
     20.795522864416075,
     86.92216848926775
    ],
    "extra": {
     "pixel_count": 1783,
     "label_value": 5,
     "centroid_pixel": [
      1447.8816601233875,
      513.2125630959058
     ]
    },
    "centroid_lat": 20.79374177388602,
    "centroid_lon": 86.91884206094095,
    "criticality_rank": 41,
    "criticality_score": 0.00013302070044660648,
    "delta_connectivity": 1.1738520054229568e-06,
    "delta_pct": 0.013302070044660648,
    "degree": 4,
    "is_cut_vertex": false,
    "component_count_after": 3,
    "rank_by_area": 19,
    "criticality_level": "low"
   }
  },
  {
   "type": "Feature",
   "id": "P20",
   "geometry": {
    "type": "Polygon",
    "coordinates": [
     [
      [
       86.93153325639263,
       20.69550095621407
      ],
      [
       86.93124525912884,
       20.69532012223081
      ],
      [
       86.93105345189811,
       20.694777887670437
      ],
      [
       86.93076545656783,
       20.69459705287547
      ],
      [
       86.93066967726958,
       20.69405485640764
      ],
      [
       86.92970929914374,
       20.694325546278414
      ],
      [
       86.92922933933637,
       20.693963911174187
      ],
      [
       86.92961385724533,
       20.69306047201752
      ],
      [
       86.92951820820534,
       20.692247195845276
      ],
      [
       86.92980628076063,
       20.69224731343379
      ],
      [
       86.92980636389625,
       20.6920665941065
      ],
      [
       86.93095857100187,
       20.692247778971954
      ],
      [
       86.93095869365784,
       20.69197669997296
      ],
      [
       86.93115074169327,
       20.69197677681242
      ],
      [
       86.93134295235802,
       20.69161541475634
      ],
      [
       86.93211110249045,
       20.6917060787851
      ],
      [
       86.93220724677448,
       20.691435037565817
      ],
      [
       86.93259150115921,
       20.69107374953031
      ],
      [
       86.93278354806475,
       20.691073824546883
      ],
      [
       86.9328793727872,
       20.691525660367223
      ],
      [
       86.93326346773893,
       20.691525809547812
      ],
      [
       86.9332632701402,
       20.69197760792001
      ],
      [
       86.93297531714478,
       20.691706417093293
      ],
      [
       86.93287905480709,
       20.692248537745694
      ],
      [
       86.93259102214965,
       20.692158065625676
      ],
      [
       86.93259094231173,
       20.692338784961652
      ],
      [
       86.93211070045977,
       20.69260967546546
      ],
      [
       86.93287889581191,
       20.6926099764122
      ],
      [
       86.9331672065404,
       20.69206793037566
      ],
      [
       86.93345516055808,
       20.692339120873143
      ],
      [
       86.93403134513127,
       20.692248982736018
      ],
      [
       86.93412713526779,
       20.692791177478558
      ],
      [
       86.9346072966781,
       20.692701000688213
      ],
      [
       86.93431852306774,
       20.69432736496587
      ],
      [
       86.93412631600366,
       20.69468873023751
      ],
      [
       86.93374217384053,
       20.694778942602763
      ],
      [
       86.93345429354437,
       20.694327033354007
      ],
      [
       86.93316613787466,
       20.694507641146085
      ],
      [
       86.93316633578739,
       20.69405584290735
      ],
      [
       86.93297428512702,
       20.69405576830712
      ],
      [
       86.93297404694864,
       20.69459792618864
      ],
      [
       86.93210973549826,
       20.69477830711199
      ],
      [
       86.93182137548531,
       20.69541071081808
      ],
      [
       86.93153325639263,
       20.69550095621407
      ]
     ],
     [
      [
       86.93335834698023,
       20.694146276943517
      ],
      [
       86.93345433295632,
       20.69423667370573
      ],
      [
       86.93345437236803,
       20.694146314056503
      ],
      [
       86.93335834698023,
       20.694146276943517
      ]
     ],
     [
      [
       86.93230226819611,
       20.693694066918972
      ],
      [
       86.93307050864887,
       20.69360400737247
      ],
      [
       86.93307062756139,
       20.693332928404182
      ],
      [
       86.9327827121661,
       20.692971377631796
      ],
      [
       86.93249463822569,
       20.692971265015423
      ],
      [
       86.93249451829212,
       20.69324234399186
      ],
      [
       86.93201435394674,
       20.69333251488099
      ],
      [
       86.93230226819611,
       20.693694066918972
      ]
     ],
     [
      [
       86.93211057984638,
       20.692880754451107
      ],
      [
       86.93220656428721,
       20.69297115191744
      ],
      [
       86.93220660443524,
       20.692880792257274
      ],
      [
       86.93211057984638,
       20.692880754451107
      ]
     ],
     [
      [
       86.93220664458305,
       20.69279043259616
      ],
      [
       86.93230262902432,
       20.692880830009937
      ],
      [
       86.93230266911526,
       20.69279047034864
      ],
      [
       86.93220664458305,
       20.69279043259616
      ]
     ]
    ]
   },
   "properties": {
    "id": "P20",
    "area_ha": 14.31999999999974,
    "quality": 0.9768540758077658,
    "confidence": 0.9768540758077658,
    "habitat_class": "mangrove",
    "name": null,
    "protected": false,
    "perimeter_km": 2.8512120356785693,
    "bbox": [
     20.69107374953031,
     86.92922933933637,
     20.69550095621407,
     86.9346072966781
    ],
    "extra": {
     "pixel_count": 1432,
     "label_value": 105,
     "centroid_pixel": [
      1583.4972067039107,
      1624.7828212290503
     ]
    },
    "centroid_lat": 20.69330692123209,
    "centroid_lon": 86.93191807225135,
    "criticality_rank": 23,
    "criticality_score": 0.001452476118940642,
    "delta_connectivity": 1.2817493813542177e-05,
    "delta_pct": 0.1452476118940642,
    "degree": 4,
    "is_cut_vertex": false,
    "component_count_after": 3,
    "rank_by_area": 20,
    "criticality_level": "low"
   }
  },
  {
   "type": "Feature",
   "id": "P21",
   "geometry": {
    "type": "Polygon",
    "coordinates": [
     [
      [
       86.87479684635171,
       20.677126063505344
      ],
      [
       86.87393323789009,
       20.676492916136468
      ],
      [
       86.87374120966203,
       20.676492775628596
      ],
      [
       86.87316565031281,
       20.6758598350852
      ],
      [
       86.8729736228865,
       20.675859693726593
      ],
      [
       86.87297377320309,
       20.675678974366104
      ],
      [
       86.8725898695792,
       20.675497971648443
      ],
      [
       86.87201431874921,
       20.674865027233373
      ],
      [
       86.87182229258237,
       20.674864884599113
      ],
      [
       86.87172650717592,
       20.6745937341416
      ],
      [
       86.87153448135233,
       20.674593591188618
      ],
      [
       86.87028738790872,
       20.67332762112682
      ],
      [
       86.86961638299839,
       20.67206207846954
      ],
      [
       86.86961730852414,
       20.67097776191611
      ],
      [
       86.86980932978743,
       20.67097790697986
      ],
      [
       86.87019314196539,
       20.671249275623314
      ],
      [
       86.87019298839427,
       20.67142999505681
      ],
      [
       86.87067288998296,
       20.671611075153553
      ],
      [
       86.8708646064902,
       20.671972657903883
      ],
      [
       86.8713446628019,
       20.67197301670695
      ],
      [
       86.87163239284453,
       20.672334670200808
      ],
      [
       86.87230417113142,
       20.67269660801491
      ],
      [
       86.87249589285828,
       20.673058188933698
      ],
      [
       86.87355172510574,
       20.673420405420362
      ],
      [
       86.87403141339792,
       20.673872555297706
      ],
      [
       86.87422314068482,
       20.67423413427576
      ],
      [
       86.87412675563557,
       20.674685862707257
      ],
      [
       86.87431870723614,
       20.674776362469885
      ],
      [
       86.87451028783329,
       20.67531866048256
      ],
      [
       86.87518223379101,
       20.675499867683634
      ],
      [
       86.8751820122377,
       20.675770946751665
      ],
      [
       86.87537389209182,
       20.675951805025562
      ],
      [
       86.87527721413534,
       20.676764972741235
      ],
      [
       86.87508488990063,
       20.677126272429557
      ],
      [
       86.87479684635171,
       20.677126063505344
      ]
     ]
    ]
   },
   "properties": {
    "id": "P21",
    "area_ha": 14.059999999999745,
    "quality": 0.9836454358836835,
    "confidence": 0.9836454358836835,
    "habitat_class": "mangrove",
    "name": null,
    "protected": false,
    "perimeter_km": 2.021680048593964,
    "bbox": [
     20.67097776191611,
     86.86961638299839,
     20.677126272429557,
     86.87537389209182
    ],
    "extra": {
     "pixel_count": 1406,
     "label_value": 193,
     "centroid_pixel": [
      964.4857752489331,
      1836.6173541963017
     ]
    },
    "centroid_lat": 20.67413190024965,
    "centroid_lon": 86.87249363076371,
    "criticality_rank": 24,
    "criticality_score": 0.001198097057067263,
    "delta_connectivity": 1.0572705063256402e-05,
    "delta_pct": 0.1198097057067263,
    "degree": 3,
    "is_cut_vertex": false,
    "component_count_after": 3,
    "rank_by_area": 21,
    "criticality_level": "low"
   }
  },
  {
   "type": "Feature",
   "id": "P22",
   "geometry": {
    "type": "Polygon",
    "coordinates": [
     [
      [
       86.8755087549508,
       20.628241827803073
      ],
      [
       86.87493314724578,
       20.627879971085523
      ],
      [
       86.87502957336855,
       20.627337879398908
      ],
      [
       86.8747416235942,
       20.62733767086248
      ],
      [
       86.87483805004177,
       20.626795579250498
      ],
      [
       86.87531767031152,
       20.627157367063365
      ],
      [
       86.87550963660551,
       20.62715750549973
      ],
      [
       86.87550978354244,
       20.626976785102617
      ],
      [
       86.87598969871787,
       20.626977130257025
      ],
      [
       86.87551051820341,
       20.626073183060363
      ],
      [
       86.87570292323751,
       20.625531160000865
      ],
      [
       86.87570328997498,
       20.625079358912693
      ],
      [
       86.87551162012089,
       20.624717779819882
      ],
      [
       86.87579985812698,
       20.62435654614382
      ],
      [
       86.87580015127071,
       20.62399510522473
      ],
      [
       86.87608824100077,
       20.623814591497695
      ],
      [
       86.87647216522033,
       20.623814866402153
      ],
      [
       86.87676032654143,
       20.62354399130593
      ],
      [
       86.87704826920402,
       20.62354419644166
      ],
      [
       86.87704855938873,
       20.623182755471543
      ],
      [
       86.87733664612547,
       20.623002239630843
      ],
      [
       86.87762401012463,
       20.623725325756865
      ],
      [
       86.8783919299214,
       20.623635507641797
      ],
      [
       86.87858367689714,
       20.62390672337053
      ],
      [
       86.87858324703598,
       20.624448884805783
      ],
      [
       86.87877520995805,
       20.624449019596664
      ],
      [
       86.87877506689446,
       20.624629740068812
      ],
      [
       86.8785830321002,
       20.624719965510657
      ],
      [
       86.87877485229619,
       20.624900820769952
      ],
      [
       86.87858281716095,
       20.624991046207036
      ],
      [
       86.87867765346677,
       20.626436877206643
      ],
      [
       86.8784854012111,
       20.626798183148505
      ],
      [
       86.87752564417899,
       20.626707145169007
      ],
      [
       86.87742951663799,
       20.626887797514847
      ],
      [
       86.87704558469994,
       20.626887524698827
      ],
      [
       86.8770457298219,
       20.626706804285554
      ],
      [
       86.87675778121232,
       20.626706599115572
      ],
      [
       86.87646954100131,
       20.627067834280602
      ],
      [
       86.87579751275034,
       20.62724807295246
      ],
      [
       86.8757013828326,
       20.627428724313354
      ],
      [
       86.87608495045247,
       20.627880801095465
      ],
      [
       86.87579699964547,
       20.627880594312913
      ],
      [
       86.87589269026256,
       20.628242104051694
      ],
      [
       86.8755087549508,
       20.628241827803073
      ]
     ],
     [
      [
       86.87647085317424,
       20.625441350494395
      ],
      [
       86.8774308186014,
       20.625261313635942
      ],
      [
       86.87771919744075,
       20.624719356303707
      ],
      [
       86.87723928931018,
       20.624719015989207
      ],
      [
       86.87723950662468,
       20.624447935297916
      ],
      [
       86.87695148965302,
       20.624538090702718
      ],
      [
       86.87675967207393,
       20.624357233424632
      ],
      [
       86.87656712659977,
       20.625079978208856
      ],
      [
       86.87637508995238,
       20.625170201182556
      ],
      [
       86.87647085317424,
       20.625441350494395
      ]
     ],
     [
      [
       86.87829479994417,
       20.6250812038443
      ],
      [
       86.87839071003948,
       20.62517163165726
      ],
      [
       86.87839078180032,
       20.62508127142861
      ],
      [
       86.87829479994417,
       20.6250812038443
      ]
     ]
    ]
   },
   "properties": {
    "id": "P22",
    "area_ha": 11.179999999999806,
    "quality": 0.9746139533617842,
    "confidence": 0.9746139533617842,
    "habitat_class": "mangrove",
    "name": null,
    "protected": false,
    "perimeter_km": 2.5551032711987425,
    "bbox": [
     20.623002239630843,
     86.8747416235942,
     20.628242104051694,
     86.87877520995805
    ],
    "extra": {
     "pixel_count": 1118,
     "label_value": 268,
     "centroid_pixel": [
      1010.5939177101968,
      2374.6618962432917
     ]
    },
    "centroid_lat": 20.62551743061454,
    "centroid_lon": 86.87695971711976,
    "criticality_rank": 28,
    "criticality_score": 0.0005466298279407411,
    "delta_connectivity": 4.823779438823533e-06,
    "delta_pct": 0.05466298279407411,
    "degree": 3,
    "is_cut_vertex": false,
    "component_count_after": 3,
    "rank_by_area": 22,
    "criticality_level": "low"
   }
  },
  {
   "type": "Feature",
   "id": "P23",
   "geometry": {
    "type": "Polygon",
    "coordinates": [
     [
      [
       86.89902403594822,
       20.77445889112402
      ],
      [
       86.89652630697024,
       20.774095969522953
      ],
      [
       86.8962382031928,
       20.773915078196897
      ],
      [
       86.89585383877912,
       20.77400520433215
      ],
      [
       86.89556573597933,
       20.773824311880336
      ],
      [
       86.89537352263523,
       20.773914553664813
      ],
      [
       86.89450896758416,
       20.773733307338276
      ],
      [
       86.89441301767813,
       20.77355253086038
      ],
      [
       86.89383669165633,
       20.77337145809119
      ],
      [
       86.89383688106905,
       20.773100381916283
      ],
      [
       86.89402903126253,
       20.773100500569765
      ],
      [
       86.89402915730746,
       20.772919783113963
      ],
      [
       86.894317570808,
       20.7726488844961
      ],
      [
       86.8948940196885,
       20.772649238191175
      ],
      [
       86.89498971979856,
       20.77319144934219
      ],
      [
       86.89556617074999,
       20.773191800790332
      ],
      [
       86.89556635707528,
       20.772920724594655
      ],
      [
       86.89575863103892,
       20.772740123842826
      ],
      [
       86.89623900541581,
       20.77274041469421
      ],
      [
       86.89623912882978,
       20.772559697218
      ],
      [
       86.89652735311707,
       20.77255987108234
      ],
      [
       86.8965274761869,
       20.77237915360069
      ],
      [
       86.89806467060721,
       20.77238007270055
      ],
      [
       86.89854492321047,
       20.772561074591206
      ],
      [
       86.8992174466067,
       20.772561470494672
      ],
      [
       86.8995054318654,
       20.77292307434699
      ],
      [
       86.89988967233711,
       20.77301365749982
      ],
      [
       86.89998544999341,
       20.773465507180013
      ],
      [
       86.90056190207474,
       20.773465841866667
      ],
      [
       86.90065780017657,
       20.77373697368124
      ],
      [
       86.90113806018408,
       20.773917968323122
      ],
      [
       86.90094567326437,
       20.77427929256242
      ],
      [
       86.9006574456757,
       20.774279126098676
      ],
      [
       86.90046517555345,
       20.774459732317975
      ],
      [
       86.89902403594822,
       20.77445889112402
      ]
     ]
    ]
   },
   "properties": {
    "id": "P23",
    "area_ha": 10.819999999999814,
    "quality": 0.981882231513145,
    "confidence": 0.981882231513145,
    "habitat_class": "mangrove",
    "name": null,
    "protected": false,
    "perimeter_km": 1.87265462620664,
    "bbox": [
     20.77237915360069,
     86.89383669165633,
     20.774459732317975,
     86.90113806018408
    ],
    "extra": {
     "pixel_count": 1082,
     "label_value": 44,
     "centroid_pixel": [
      1227.050831792976,
      737.9158964879853
     ]
    },
    "centroid_lat": 20.773426543495194,
    "centroid_lon": 86.89763651311496,
    "criticality_rank": 44,
    "criticality_score": 7.146369236675019e-05,
    "delta_connectivity": 6.306371738984407e-07,
    "delta_pct": 0.007146369236675019,
    "degree": 4,
    "is_cut_vertex": false,
    "component_count_after": 3,
    "rank_by_area": 23,
    "criticality_level": "low"
   }
  },
  {
   "type": "Feature",
   "id": "P24",
   "geometry": {
    "type": "Polygon",
    "coordinates": [
     [
      [
       86.86673816992737,
       20.779406602158378
      ],
      [
       86.86654617073604,
       20.779225735791268
      ],
      [
       86.86673880414908,
       20.778683733565227
      ],
      [
       86.86741190600557,
       20.778051744056818
      ],
      [
       86.86750845702815,
       20.777509666665992
      ],
      [
       86.86827786292157,
       20.77660667191362
      ],
      [
       86.87039240997444,
       20.775614335248324
      ],
      [
       86.87096886961122,
       20.775614769293377
      ],
      [
       86.87135332908039,
       20.7754343403261
      ],
      [
       86.87192971188087,
       20.775525129772785
      ],
      [
       86.87183302545384,
       20.776247927110308
      ],
      [
       86.87144833508601,
       20.77669943297839
      ],
      [
       86.87125625707695,
       20.776608930425294
      ],
      [
       86.8710638725178,
       20.7768798621156
      ],
      [
       86.8706795628897,
       20.776879573163015
      ],
      [
       86.86991016981663,
       20.77778257871516
      ],
      [
       86.86952578030774,
       20.77787264576595
      ],
      [
       86.86952562507739,
       20.77805336295733
      ],
      [
       86.86846829604295,
       20.778594708287443
      ],
      [
       86.86827590399346,
       20.778865636752254
      ],
      [
       86.86760311714212,
       20.779136195289407
      ],
      [
       86.8672188018586,
       20.77913589856192
      ],
      [
       86.86712256493891,
       20.779316541392966
      ],
      [
       86.86673816992737,
       20.779406602158378
      ]
     ]
    ]
   },
   "properties": {
    "id": "P24",
    "area_ha": 9.469999999999843,
    "quality": 0.9803669707576224,
    "confidence": 0.9803669707576224,
    "habitat_class": "mangrove",
    "name": null,
    "protected": false,
    "perimeter_km": 1.5643995203441954,
    "bbox": [
     20.7754343403261,
     86.86654617073604,
     20.779406602158378,
     86.87192971188087
    ],
    "extra": {
     "pixel_count": 947,
     "label_value": 26,
     "centroid_pixel": [
      931.2914466737064,
      695.5860612460401
     ]
    },
    "centroid_lat": 20.77723212471687,
    "centroid_lon": 86.86921806009937,
    "criticality_rank": 45,
    "criticality_score": 4.020844530649401e-05,
    "delta_connectivity": 3.5482270052331066e-07,
    "delta_pct": 0.004020844530649401,
    "degree": 3,
    "is_cut_vertex": false,
    "component_count_after": 3,
    "rank_by_area": 24,
    "criticality_level": "low"
   }
  },
  {
   "type": "Feature",
   "id": "P25",
   "geometry": {
    "type": "Polygon",
    "coordinates": [
     [
      [
       86.88365185542027,
       20.64866889859694
      ],
      [
       86.88355599634689,
       20.64848811386384
      ],
      [
       86.88288395126813,
       20.64857801924686
      ],
      [
       86.88288408965775,
       20.64839729924838
      ],
      [
       86.88240417665621,
       20.648306612923705
      ],
      [
       86.88240431561077,
       20.648125892922657
      ],
      [
       86.8821162569908,
       20.648216056489545
      ],
      [
       86.88202046972135,
       20.647944910902666
      ],
      [
       86.88134870655978,
       20.647673370316806
      ],
      [
       86.88115727617287,
       20.64695035819619
      ],
      [
       86.8814453329615,
       20.646860196207562
      ],
      [
       86.88154181835421,
       20.646227742001606
      ],
      [
       86.88125432400236,
       20.64559502400074
      ],
      [
       86.8813505990929,
       20.645233649897985
      ],
      [
       86.88163858261242,
       20.645233847582258
      ],
      [
       86.88163872244893,
       20.64505312752193
      ],
      [
       86.88135087944485,
       20.644872209777322
      ],
      [
       86.88135122987633,
       20.64442040960523
      ],
      [
       86.88163935169459,
       20.64423988720369
      ],
      [
       86.88202325754301,
       20.64433051006206
      ],
      [
       86.88192670563159,
       20.645053324723936
      ],
      [
       86.88221448008302,
       20.645324601540235
      ],
      [
       86.88231005751015,
       20.64586682717403
      ],
      [
       86.88288609614055,
       20.64577685884548
      ],
      [
       86.88326993763772,
       20.64595783896483
      ],
      [
       86.8834620652602,
       20.645777248620554
      ],
      [
       86.8844216724361,
       20.646229694126216
      ],
      [
       86.8844211944798,
       20.64686221429771
      ],
      [
       86.8842290666143,
       20.647042805685683
      ],
      [
       86.88432472057016,
       20.647494670121777
      ],
      [
       86.88413266024686,
       20.647584901372607
      ],
      [
       86.88413190723254,
       20.64857886145519
      ],
      [
       86.88365185542027,
       20.64866889859694
      ]
     ]
    ]
   },
   "properties": {
    "id": "P25",
    "area_ha": 9.339999999999845,
    "quality": 0.9781331246363785,
    "confidence": 0.9781331246363785,
    "habitat_class": "mangrove",
    "name": null,
    "protected": false,
    "perimeter_km": 1.6011298795314568,
    "bbox": [
     20.64423988720369,
     86.88115727617287,
     20.64866889859694,
     86.8844216724361
    ],
    "extra": {
     "pixel_count": 934,
     "label_value": 248,
     "centroid_pixel": [
      1071.0899357601713,
      2138.5845824411135
     ]
    },
    "centroid_lat": 20.64685344435246,
    "centroid_lon": 86.8827499119011,
    "criticality_rank": 27,
    "criticality_score": 0.0005870522874175695,
    "delta_connectivity": 5.1804907248240856e-06,
    "delta_pct": 0.05870522874175695,
    "degree": 3,
    "is_cut_vertex": false,
    "component_count_after": 3,
    "rank_by_area": 25,
    "criticality_level": "low"
   }
  },
  {
   "type": "Feature",
   "id": "P26",
   "geometry": {
    "type": "Polygon",
    "coordinates": [
     [
      [
       86.93777499907975,
       20.69541296386309
      ],
      [
       86.93767915744436,
       20.69496113092436
      ],
      [
       86.93806329776444,
       20.69487090977856
      ],
      [
       86.93806337113082,
       20.694690190476077
      ],
      [
       86.9386395255679,
       20.69469039662364
      ],
      [
       86.93863970727425,
       20.69423859834594
      ],
      [
       86.9383516674192,
       20.694148135857535
      ],
      [
       86.93835177695192,
       20.693877056878193
      ],
      [
       86.9378715036346,
       20.694238323060937
      ],
      [
       86.93719932546024,
       20.694238079376987
      ],
      [
       86.93700738647695,
       20.693966930301784
      ],
      [
       86.93614319676787,
       20.693876252525072
      ],
      [
       86.93585527305481,
       20.69351470688732
      ],
      [
       86.93556723622964,
       20.693424239744427
      ],
      [
       86.93556738886328,
       20.693062801092474
      ],
      [
       86.93575951437192,
       20.692882153466794
      ],
      [
       86.93566356597634,
       20.692701398304777
      ],
      [
       86.93662384834593,
       20.692611394484693
      ],
      [
       86.93719988334556,
       20.69288268443889
      ],
      [
       86.93768008015944,
       20.69270213941116
      ],
      [
       86.93787227630187,
       20.692340770063602
      ],
      [
       86.93825637334321,
       20.69234090812044
      ],
      [
       86.93844831251293,
       20.69261205585593
      ],
      [
       86.93864036137676,
       20.69261212435022
      ],
      [
       86.93873645836938,
       20.69243143916498
      ],
      [
       86.93960067724434,
       20.692431744255995
      ],
      [
       86.94008008913207,
       20.694239105273876
      ],
      [
       86.93940780326807,
       20.69450994917928
      ],
      [
       86.93931159792155,
       20.694961713652756
      ],
      [
       86.93835133881048,
       20.694961372744466
      ],
      [
       86.93835115624323,
       20.695413170981837
      ],
      [
       86.93815910385462,
       20.695413102156333
      ],
      [
       86.93825523976038,
       20.695142057656756
      ],
      [
       86.93796719843097,
       20.695051594531368
      ],
      [
       86.93777499907975,
       20.69541296386309
      ]
     ]
    ]
   },
   "properties": {
    "id": "P26",
    "area_ha": 8.349999999999866,
    "quality": 0.9761994588160943,
    "confidence": 0.9761994588160943,
    "habitat_class": "mangrove",
    "name": null,
    "protected": false,
    "perimeter_km": 1.8025924780442693,
    "bbox": [
     20.692340770063602,
     86.93556723622964,
     20.695413170981837,
     86.94008008913207
    ],
    "extra": {
     "pixel_count": 835,
     "label_value": 107,
     "centroid_pixel": [
      1647.5065868263473,
      1622.3652694610778
     ]
    },
    "centroid_lat": 20.69352768935121,
    "centroid_lon": 86.93806447555117,
    "criticality_rank": 25,
    "criticality_score": 0.0010345772396479164,
    "delta_connectivity": 9.129711116001235e-06,
    "delta_pct": 0.10345772396479164,
    "degree": 5,
    "is_cut_vertex": false,
    "component_count_after": 3,
    "rank_by_area": 26,
    "criticality_level": "low"
   }
  },
  {
   "type": "Feature",
   "id": "P27",
   "geometry": {
    "type": "Polygon",
    "coordinates": [
     [
      [
       86.98798804468169,
       20.805300470899358
      ],
      [
       86.98798805899325,
       20.80511975381423
      ],
      [
       86.98779587521062,
       20.805029381705562
      ],
      [
       86.98789198510562,
       20.804848671424043
      ],
      [
       86.98769988232193,
       20.80376435512813
      ],
      [
       86.9878921149312,
       20.803222217435962
      ],
      [
       86.98827650619519,
       20.803041527003113
      ],
      [
       86.98818045422688,
       20.802499369000042
      ],
      [
       86.98837264888569,
       20.802409023560664
      ],
      [
       86.9883726835135,
       20.801957230687933
      ],
      [
       86.98875708439238,
       20.801595821990208
      ],
      [
       86.99019850132566,
       20.801324834638873
      ],
      [
       86.9907749941307,
       20.802409169549332
      ],
      [
       86.99058275041678,
       20.803312744788673
      ],
      [
       86.99000616626321,
       20.80358378785694
      ],
      [
       86.99000614840394,
       20.803854863533537
      ],
      [
       86.98962175713679,
       20.804035557824598
      ],
      [
       86.98942954856646,
       20.804306621752527
      ],
      [
       86.98923735854294,
       20.80430660980314
      ],
      [
       86.98923734572038,
       20.804487326906166
      ],
      [
       86.98894905375883,
       20.80457766712822
      ],
      [
       86.98866074118938,
       20.804939082505882
      ],
      [
       86.988468550365,
       20.804939069694857
      ],
      [
       86.98827633160471,
       20.80530049084295
      ],
      [
       86.98798804468169,
       20.805300470899358
      ]
     ]
    ]
   },
   "properties": {
    "id": "P27",
    "area_ha": 8.309999999999867,
    "quality": 0.9813634525854522,
    "confidence": 0.9813634525854522,
    "habitat_class": "mangrove",
    "name": null,
    "protected": false,
    "perimeter_km": 1.2674184725931632,
    "bbox": [
     20.801324834638873,
     86.98769988232193,
     20.80530049084295,
     86.9907749941307
    ],
    "extra": {
     "pixel_count": 831,
     "label_value": 2,
     "centroid_pixel": [
      2179.7123947051746,
      409.5294825511432
     ]
    },
    "centroid_lat": 20.803129279775224,
    "centroid_lon": 86.98916175772258,
    "criticality_rank": 30,
    "criticality_score": 0.00034208564478443586,
    "delta_connectivity": 3.0187626347509544e-06,
    "delta_pct": 0.03420856447844358,
    "degree": 3,
    "is_cut_vertex": false,
    "component_count_after": 3,
    "rank_by_area": 27,
    "criticality_level": "low"
   }
  },
  {
   "type": "Feature",
   "id": "P28",
   "geometry": {
    "type": "Polygon",
    "coordinates": [
     [
      [
       86.8845638048952,
       20.712192391209886
      ],
      [
       86.88437180019949,
       20.712101902992092
      ],
      [
       86.88437193728994,
       20.711921184314633
      ],
      [
       86.88360364570508,
       20.711920666657434
      ],
      [
       86.8835078854846,
       20.711559164354032
      ],
      [
       86.88408458379273,
       20.71092703781127
      ],
      [
       86.88408472121519,
       20.710746319111017
      ],
      [
       86.88446913798145,
       20.710385139864087
      ],
      [
       86.88446941190529,
       20.710023702432125
      ],
      [
       86.88466148241497,
       20.71002383119079
      ],
      [
       86.88466168751243,
       20.709752753105036
      ],
      [
       86.88504610040053,
       20.70939157251016
      ],
      [
       86.88514267988086,
       20.7086687616132
      ],
      [
       86.88543119051872,
       20.708126797252454
      ],
      [
       86.88543173373381,
       20.707403922159447
      ],
      [
       86.88524027863325,
       20.706590559728717
      ],
      [
       86.8849523157141,
       20.70640964871244
      ],
      [
       86.88476079610248,
       20.705686645079577
      ],
      [
       86.88437666601115,
       20.705686387621004
      ],
      [
       86.88418487549814,
       20.70532482094505
      ],
      [
       86.88389691622308,
       20.705143908154742
      ],
      [
       86.88389705382606,
       20.70496318933442
      ],
      [
       86.88370498969682,
       20.704963059753307
      ],
      [
       86.88351347778723,
       20.704240054648686
      ],
      [
       86.883993773315,
       20.704059659883132
      ],
      [
       86.88418583630835,
       20.70405978913684
      ],
      [
       86.88428159352333,
       20.704421291363033
      ],
      [
       86.88466558373831,
       20.704602267855247
      ],
      [
       86.885049370514,
       20.705054321737617
      ],
      [
       86.8850490299164,
       20.70550611879495
      ],
      [
       86.88524109473882,
       20.70550624688045
      ],
      [
       86.88543234482297,
       20.706590687607317
      ],
      [
       86.88562434323065,
       20.706681174670802
      ],
      [
       86.88591176654317,
       20.70758495971444
      ],
      [
       86.88581458231843,
       20.709121005554888
      ],
      [
       86.88562244514476,
       20.709211237460263
      ],
      [
       86.88523721777003,
       20.71065673169442
      ],
      [
       86.88504501017582,
       20.710837322282483
      ],
      [
       86.8850448057483,
       20.71110840033779
      ],
      [
       86.88485266561237,
       20.71119863134954
      ],
      [
       86.88494808779056,
       20.71201192964884
      ],
      [
       86.8845638048952,
       20.712192391209886
      ]
     ]
    ]
   },
   "properties": {
    "id": "P28",
    "area_ha": 6.899999999999897,
    "quality": 0.9783898900384488,
    "confidence": 0.9783898900384488,
    "habitat_class": "mangrove",
    "name": null,
    "protected": false,
    "perimeter_km": 2.276334169193553,
    "bbox": [
     20.704059659883132,
     86.8835078854846,
     20.712192391209886,
     86.88591176654317
    ],
    "extra": {
     "pixel_count": 690,
     "label_value": 60,
     "centroid_pixel": [
      1093.004347826087,
      1456.8739130434783
     ]
    },
    "centroid_lat": 20.70845403207557,
    "centroid_lon": 86.88480713909125,
    "criticality_rank": 3,
    "criticality_score": 0.13975156321684062,
    "delta_connectivity": 0.0012332490521573293,
    "delta_pct": 13.97515632168406,
    "degree": 3,
    "is_cut_vertex": true,
    "component_count_after": 4,
    "rank_by_area": 28,
    "criticality_level": "high"
   }
  },
  {
   "type": "Feature",
   "id": "P29",
   "geometry": {
    "type": "Polygon",
    "coordinates": [
     [
      [
       86.87605975082403,
       20.77706425750005
      ],
      [
       86.87605989827281,
       20.776883540241887
      ],
      [
       86.87625205313111,
       20.77688367880587
      ],
      [
       86.87625220034973,
       20.776702961542586
      ],
      [
       86.87644442847541,
       20.776612741256553
      ],
      [
       86.87634857186909,
       20.77634159620402
      ],
      [
       86.87577218324684,
       20.776250821566162
      ],
      [
       86.87577247881441,
       20.775889387015766
      ],
      [
       86.87596477996593,
       20.77570880861278
      ],
      [
       86.87673346678066,
       20.775619003329513
      ],
      [
       86.87750266272259,
       20.774896684032786
      ],
      [
       86.87769481507817,
       20.774896820970046
      ],
      [
       86.87769503330811,
       20.774625744996303
      ],
      [
       86.87740673237525,
       20.774715898170605
      ],
      [
       86.87740695111714,
       20.774444822194088
      ],
      [
       86.87798326133013,
       20.774625949996203
      ],
      [
       86.87884794541709,
       20.77462656209385
      ],
      [
       86.87942468834602,
       20.77426553307241
      ],
      [
       86.87971291570317,
       20.774265735166416
      ],
      [
       86.87980863406452,
       20.77471759576281
      ],
      [
       86.88009686228337,
       20.774717797216706
      ],
      [
       86.88048137983677,
       20.774446989062156
      ],
      [
       86.88086568345427,
       20.774447256051285
      ],
      [
       86.88067324775947,
       20.774808557341302
      ],
      [
       86.87990449584883,
       20.77498873896093
      ],
      [
       86.87942375604936,
       20.775440195688333
      ],
      [
       86.87855906731293,
       20.775439586466753
      ],
      [
       86.87846284620967,
       20.775620235811594
      ],
      [
       86.87827069293357,
       20.77562009972906
      ],
      [
       86.87836662487668,
       20.77580088509761
      ],
      [
       86.87807839462138,
       20.775800680730008
      ],
      [
       86.8780782495822,
       20.775981398024676
      ],
      [
       86.87769394212339,
       20.775981124779527
      ],
      [
       86.87750149694176,
       20.77634242240463
      ],
      [
       86.87730934275908,
       20.77634228524199
      ],
      [
       86.87721311959582,
       20.776522933857485
      ],
      [
       86.87702103833762,
       20.776432437733483
      ],
      [
       86.8765401385442,
       20.777064603510194
      ],
      [
       86.87605975082403,
       20.77706425750005
      ]
     ]
    ]
   },
   "properties": {
    "id": "P29",
    "area_ha": 5.449999999999928,
    "quality": 0.9752535663613485,
    "confidence": 0.9752535663613485,
    "habitat_class": "mangrove",
    "name": null,
    "protected": false,
    "perimeter_km": 1.6629060473516348,
    "bbox": [
     20.77426553307241,
     86.87577218324684,
     20.777064603510194,
     86.88086568345427
    ],
    "extra": {
     "pixel_count": 545,
     "label_value": 35,
     "centroid_pixel": [
      1022.2807339449541,
      715.4788990825688
     ]
    },
    "centroid_lat": 20.775441069583557,
    "centroid_lon": 86.87796154032102,
    "criticality_rank": 48,
    "criticality_score": 2.3266072884361605e-05,
    "delta_connectivity": 2.053133551539743e-07,
    "delta_pct": 0.0023266072884361604,
    "degree": 4,
    "is_cut_vertex": false,
    "component_count_after": 3,
    "rank_by_area": 29,
    "criticality_level": "low"
   }
  },
  {
   "type": "Feature",
   "id": "P30",
   "geometry": {
    "type": "Polygon",
    "coordinates": [
     [
      [
       86.9234173169566,
       20.794350414217934
      ],
      [
       86.92341740814808,
       20.794169697060624
      ],
      [
       86.92312914262749,
       20.794169568188867
      ],
      [
       86.92312923416125,
       20.793988851028967
      ],
      [
       86.9233214109459,
       20.793988936996467
      ],
      [
       86.92322550538921,
       20.79362745970762
      ],
      [
       86.92380207973966,
       20.793537358050283
      ],
      [
       86.92380230656146,
       20.793085565103056
      ],
      [
       86.92399448220539,
       20.79308565031336
      ],
      [
       86.92409066041151,
       20.79290497565106
      ],
      [
       86.92389853030187,
       20.792814531954747
      ],
      [
       86.92389866621824,
       20.79254345616585
      ],
      [
       86.92428306121128,
       20.79245326755225
      ],
      [
       86.92457154799905,
       20.79200160146357
      ],
      [
       86.92514820450563,
       20.79173077803008
      ],
      [
       86.9255325523757,
       20.791730945211143
      ],
      [
       86.92572454944583,
       20.792092462911615
      ],
      [
       86.92630089713646,
       20.792454145850918
      ],
      [
       86.92630063388354,
       20.792996297455677
      ],
      [
       86.9258200625452,
       20.793267166269366
      ],
      [
       86.92572379772177,
       20.793628559080858
      ],
      [
       86.92495504769256,
       20.793718583273517
      ],
      [
       86.92476273686174,
       20.79398957489355
      ],
      [
       86.92437833825582,
       20.794079764554247
      ],
      [
       86.92389794130571,
       20.79398919360781
      ],
      [
       86.92380167144515,
       20.794350585295405
      ],
      [
       86.9234173169566,
       20.794350414217934
      ]
     ]
    ]
   },
   "properties": {
    "id": "P30",
    "area_ha": 4.999999999999938,
    "quality": 0.977216229557991,
    "confidence": 0.977216229557991,
    "habitat_class": "mangrove",
    "name": null,
    "protected": false,
    "perimeter_km": 1.1099060137885894,
    "bbox": [
     20.79173077803008,
     86.92312914262749,
     20.794350585295405,
     86.92630089713646
    ],
    "extra": {
     "pixel_count": 500,
     "label_value": 7,
     "centroid_pixel": [
      1510.398,
      521.198
     ]
    },
    "centroid_lat": 20.793022956506903,
    "centroid_lon": 86.92484950288559,
    "criticality_rank": 46,
    "criticality_score": 3.313504806499816e-05,
    "delta_connectivity": 2.9240293044838217e-07,
    "delta_pct": 0.003313504806499816,
    "degree": 4,
    "is_cut_vertex": false,
    "component_count_after": 3,
    "rank_by_area": 30,
    "criticality_level": "low"
   }
  },
  {
   "type": "Feature",
   "id": "P31",
   "geometry": {
    "type": "Polygon",
    "coordinates": [
     [
      [
       86.90637949122225,
       20.687176036639055
      ],
      [
       86.90628363673243,
       20.686904905462132
      ],
      [
       86.90589949795604,
       20.686995055853302
      ],
      [
       86.90551563841373,
       20.686633407066555
      ],
      [
       86.90551575028539,
       20.686452687732306
      ],
      [
       86.90580386749346,
       20.68636248573596
      ],
      [
       86.90580397902224,
       20.68618176639453
      ],
      [
       86.90599601964483,
       20.686181871240862
      ],
      [
       86.90599624224407,
       20.68582043254465
      ],
      [
       86.90561260891268,
       20.68509734521212
      ],
      [
       86.90561277653389,
       20.68482626616029
      ],
      [
       86.90542084959228,
       20.68464544152191
      ],
      [
       86.90484478986399,
       20.68455476475518
      ],
      [
       86.90484490251758,
       20.6843740453809
      ],
      [
       86.90513312849903,
       20.684103125089052
      ],
      [
       86.90580531727441,
       20.684013134001994
      ],
      [
       86.90580542878767,
       20.683832414611345
      ],
      [
       86.90618955965151,
       20.683742264366376
      ],
      [
       86.90647761598538,
       20.683742420893616
      ],
      [
       86.9067655067576,
       20.684013656034335
      ],
      [
       86.90695715912639,
       20.68464627765729
      ],
      [
       86.90743720107845,
       20.684736895832955
      ],
      [
       86.90753311101217,
       20.684917666750195
      ],
      [
       86.90743692710953,
       20.685188694276203
      ],
      [
       86.90695677358052,
       20.68527879546924
      ],
      [
       86.90686009218297,
       20.686363059748373
      ],
      [
       86.90637949122225,
       20.687176036639055
      ]
     ]
    ]
   },
   "properties": {
    "id": "P31",
    "area_ha": 4.7799999999999425,
    "quality": 0.9759203720541678,
    "confidence": 0.9759203720541678,
    "habitat_class": "mangrove",
    "name": null,
    "protected": false,
    "perimeter_km": 1.1885315084612562,
    "bbox": [
     20.683742264366376,
     86.90484478986399,
     20.687176036639055,
     86.90753311101217
    ],
    "extra": {
     "pixel_count": 478,
     "label_value": 163,
     "centroid_pixel": [
      1316.1297071129707,
      1714.0836820083682
     ]
    },
    "centroid_lat": 20.685225670676335,
    "centroid_lon": 86.9062491123297,
    "criticality_rank": 16,
    "criticality_score": 0.00236550505034582,
    "delta_connectivity": 2.0874591983532226e-05,
    "delta_pct": 0.236550505034582,
    "degree": 4,
    "is_cut_vertex": false,
    "component_count_after": 3,
    "rank_by_area": 31,
    "criticality_level": "low"
   }
  },
  {
   "type": "Feature",
   "id": "P32",
   "geometry": {
    "type": "Polygon",
    "coordinates": [
     [
      [
       86.87849959250705,
       20.60890684276077
      ],
      [
       86.87792397809547,
       20.608635355927785
      ],
      [
       86.87773340456911,
       20.606918372544648
      ],
      [
       86.87792577731065,
       20.606376345648936
      ],
      [
       86.878501598139,
       20.606376751233885
      ],
      [
       86.8789813061562,
       20.60655780860758
      ],
      [
       86.87926871870398,
       20.607190532839688
      ],
      [
       86.8794606600077,
       20.607190666762005
      ],
      [
       86.87955634663533,
       20.607552175315377
      ],
      [
       86.87984411759862,
       20.607733096475638
      ],
      [
       86.87984383424363,
       20.608094538128938
      ],
      [
       86.88003570595696,
       20.608185031829965
      ],
      [
       86.88003556450275,
       20.60836575265034
      ],
      [
       86.8798436217234,
       20.608365619359002
      ],
      [
       86.87965139512728,
       20.60872692747889
      ],
      [
       86.87926765103346,
       20.608545939017922
      ],
      [
       86.87917153705774,
       20.608726592779142
      ],
      [
       86.87849959250705,
       20.60890684276077
      ]
     ]
    ]
   },
   "properties": {
    "id": "P32",
    "area_ha": 4.489999999999949,
    "quality": 0.9809291127795366,
    "confidence": 0.9809291127795366,
    "habitat_class": "mangrove",
    "name": null,
    "protected": false,
    "perimeter_km": 0.8956384499573826,
    "bbox": [
     20.606376345648936,
     86.87773340456911,
     20.60890684276077,
     86.88003570595696
    ],
    "extra": {
     "pixel_count": 449,
     "label_value": 298,
     "centroid_pixel": [
      1028.8418708240536,
      2571.870824053452
     ]
    },
    "centroid_lat": 20.607698807482485,
    "centroid_lon": 86.87872530190134,
    "criticality_rank": 37,
    "criticality_score": 0.00019700800487844,
    "delta_connectivity": 1.7385131850494034e-06,
    "delta_pct": 0.019700800487844,
    "degree": 3,
    "is_cut_vertex": false,
    "component_count_after": 3,
    "rank_by_area": 32,
    "criticality_level": "low"
   }
  },
  {
   "type": "Feature",
   "id": "P33",
   "geometry": {
    "type": "Polygon",
    "coordinates": [
     [
      [
       86.89200063156264,
       20.652830886112177
      ],
      [
       86.89180882475131,
       20.6525596859083
      ],
      [
       86.89152082733494,
       20.65255950512827
      ],
      [
       86.89142495652119,
       20.652378724792946
      ],
      [
       86.89113683078459,
       20.652559263340656
      ],
      [
       86.89056090064236,
       20.652468539076104
      ],
      [
       86.89056122400177,
       20.652016739156004
      ],
      [
       86.89017755331209,
       20.651564695301506
      ],
      [
       86.89017787778867,
       20.651112895339942
      ],
      [
       86.88989027349434,
       20.650570551870768
      ],
      [
       86.88998672641101,
       20.649938093063994
      ],
      [
       86.89027478370862,
       20.64984791637407
      ],
      [
       86.89027491337363,
       20.64966719635577
      ],
      [
       86.89008298368263,
       20.64957671418905
      ],
      [
       86.89008317851682,
       20.64930563415342
      ],
      [
       86.89027530236031,
       20.649125036278186
      ],
      [
       86.89046710216603,
       20.649396238262664
      ],
      [
       86.89037091069235,
       20.64966725735405
      ],
      [
       86.89065870883327,
       20.64993852005807
      ],
      [
       86.89075418991575,
       20.650661460883086
      ],
      [
       86.89133024179927,
       20.650571464485942
      ],
      [
       86.8916181073859,
       20.65075236557486
      ],
      [
       86.89180940015783,
       20.651746446009877
      ],
      [
       86.89200133359677,
       20.651836926250812
      ],
      [
       86.89209701346546,
       20.65228878624755
      ],
      [
       86.89238475599791,
       20.65265040601233
      ],
      [
       86.89238462880611,
       20.652831125980903
      ],
      [
       86.89200063156264,
       20.652830886112177
      ]
     ]
    ]
   },
   "properties": {
    "id": "P33",
    "area_ha": 4.41999999999995,
    "quality": 0.9765209450441248,
    "confidence": 0.9765209450441248,
    "habitat_class": "mangrove",
    "name": null,
    "protected": false,
    "perimeter_km": 1.2021557035834198,
    "bbox": [
     20.649125036278186,
     86.88989027349434,
     20.652831125980903,
     86.89238475599791
    ],
    "extra": {
     "pixel_count": 442,
     "label_value": 238,
     "centroid_pixel": [
      1156.762443438914,
      2089.126696832579
     ]
    },
    "centroid_lat": 20.651327849877024,
    "centroid_lon": 86.89097090480846,
    "criticality_rank": 13,
    "criticality_score": 0.006889489176844134,
    "delta_connectivity": 6.079685837937984e-05,
    "delta_pct": 0.6889489176844135,
    "degree": 5,
    "is_cut_vertex": true,
    "component_count_after": 4,
    "rank_by_area": 33,
    "criticality_level": "low"
   }
  },
  {
   "type": "Feature",
   "id": "P34",
   "geometry": {
    "type": "Polygon",
    "coordinates": [
     [
      [
       86.873773371198,
       20.637547667684085
      ],
      [
       86.87377352026614,
       20.637366947516238
      ],
      [
       86.87396549935302,
       20.63736708773459
      ],
      [
       86.87386965876256,
       20.637186297479797
      ],
      [
       86.87415784997128,
       20.636915427296668
      ],
      [
       86.87415807288437,
       20.636644347019637
      ],
      [
       86.8743500510676,
       20.636644486805803
      ],
      [
       86.8745424737076,
       20.636102465790966
      ],
      [
       86.87492650256956,
       20.636012384185726
      ],
      [
       86.8749267241105,
       20.63574130387235
      ],
      [
       86.87521476337137,
       20.635651152073834
      ],
      [
       86.8754071816851,
       20.63510913001112
      ],
      [
       86.87579142755104,
       20.634747966103866
      ],
      [
       86.87607939127624,
       20.634748172961373
      ],
      [
       86.87636764696971,
       20.634386938846344
      ],
      [
       86.87675167047031,
       20.63429685313731
      ],
      [
       86.87694342777611,
       20.634568070404878
      ],
      [
       86.87694306451539,
       20.635019871018375
      ],
      [
       86.87675094281742,
       20.635200454362504
      ],
      [
       86.87665451767202,
       20.635742546522952
      ],
      [
       86.87627049048307,
       20.635832631982204
      ],
      [
       86.87617428256159,
       20.636103643509202
      ],
      [
       86.87588609643953,
       20.636374517108894
      ],
      [
       86.87569411858368,
       20.636374379032
      ],
      [
       86.87550184668983,
       20.636735681139108
      ],
      [
       86.87511781634161,
       20.636825764008645
      ],
      [
       86.87511766886524,
       20.63700648419715
      ],
      [
       86.87482947917371,
       20.63727735598705
      ],
      [
       86.87444552121391,
       20.637277077259053
      ],
      [
       86.87434938333776,
       20.63745772761741
      ],
      [
       86.873773371198,
       20.637547667684085
      ]
     ]
    ]
   },
   "properties": {
    "id": "P34",
    "area_ha": 4.229999999999954,
    "quality": 0.9782507084221986,
    "confidence": 0.9782507084221986,
    "habitat_class": "mangrove",
    "name": null,
    "protected": false,
    "perimeter_km": 1.1439464014513692,
    "bbox": [
     20.63429685313731,
     86.873773371198,
     20.637547667684085,
     86.87694342777611
    ],
    "extra": {
     "pixel_count": 423,
     "label_value": 260,
     "centroid_pixel": [
      995.7446808510638,
      2259.709219858156
     ]
    },
    "centroid_lat": 20.635903552024622,
    "centroid_lon": 86.87552601022922,
    "criticality_rank": 35,
    "criticality_score": 0.00023210723137875435,
    "delta_connectivity": 2.0482491680795523e-06,
    "delta_pct": 0.023210723137875436,
    "degree": 3,
    "is_cut_vertex": false,
    "component_count_after": 3,
    "rank_by_area": 34,
    "criticality_level": "low"
   }
  },
  {
   "type": "Feature",
   "id": "P35",
   "geometry": {
    "type": "Polygon",
    "coordinates": [
     [
      [
       86.896593313577,
       20.675423677502152
      ],
      [
       86.89553728850511,
       20.675242321380708
      ],
      [
       86.89534544746115,
       20.674971125663365
      ],
      [
       86.89505746986084,
       20.67488059084393
      ],
      [
       86.89496170526897,
       20.67451909333599
      ],
      [
       86.89476974163762,
       20.67442861649438
      ],
      [
       86.89448164054836,
       20.674518800240627
      ],
      [
       86.89448176540465,
       20.674338080713667
      ],
      [
       86.89419366431873,
       20.67442826397972
      ],
      [
       86.89409783939797,
       20.674157125748838
      ],
      [
       86.89371372566002,
       20.674247249223004
      ],
      [
       86.89342587650637,
       20.673975992152673
      ],
      [
       86.89294581351679,
       20.673975694789007
      ],
      [
       86.89304195267036,
       20.673795034838797
      ],
      [
       86.89275391522047,
       20.673794855941175
      ],
      [
       86.89285011787618,
       20.673523836326982
      ],
      [
       86.89265815675526,
       20.67343335713518
      ],
      [
       86.89265841076721,
       20.673071918053505
      ],
      [
       86.89304245888209,
       20.6730721566815
      ],
      [
       86.8931382180357,
       20.673433655292207
      ],
      [
       86.89352220407353,
       20.673524252626205
      ],
      [
       86.89390631610203,
       20.67343412956369
      ],
      [
       86.89390662992412,
       20.672982330690846
      ],
      [
       86.89419472844558,
       20.672892147878155
      ],
      [
       86.89467460112097,
       20.673163521086348
      ],
      [
       86.89467435187889,
       20.67352496018791
      ],
      [
       86.89505821490461,
       20.67379627365077
      ],
      [
       86.89505802864817,
       20.67406735296184
      ],
      [
       86.89525005397137,
       20.674067469716068
      ],
      [
       86.89534581896852,
       20.674428967084495
      ],
      [
       86.89563391938479,
       20.674338781890565
      ],
      [
       86.89582582178704,
       20.674519617539683
      ],
      [
       86.89582600668518,
       20.674248538236156
      ],
      [
       86.89659410891599,
       20.67424900055312
      ],
      [
       86.89659398655975,
       20.674429720094146
      ],
      [
       86.89678601234796,
       20.674429835139897
      ],
      [
       86.89678564595303,
       20.674971993743554
      ],
      [
       86.89649754501134,
       20.675062180852965
      ],
      [
       86.896593313577,
       20.675423677502152
      ]
     ],
     [
      [
       86.89477023968874,
       20.673705738349582
      ],
      [
       86.8948661277248,
       20.67388651645512
      ],
      [
       86.89486625212197,
       20.673705796912685
      ],
      [
       86.89477023968874,
       20.673705738349582
      ]
     ],
     [
      [
       86.89419416509638,
       20.673705385848343
      ],
      [
       86.89429011498838,
       20.673795804502205
      ],
      [
       86.89429017752761,
       20.673705444732192
      ],
      [
       86.89419416509638,
       20.673705385848343
      ]
     ],
     [
      [
       86.89429036514328,
       20.67343436541647
      ],
      [
       86.89448238966592,
       20.673434483022117
      ],
      [
       86.89448257693779,
       20.673163403696204
      ],
      [
       86.89429055275595,
       20.673163286092237
      ],
      [
       86.89429036514328,
       20.67343436541647
      ]
     ]
    ]
   },
   "properties": {
    "id": "P35",
    "area_ha": 4.2199999999999545,
    "quality": 0.9722573550956509,
    "confidence": 0.9722573550956509,
    "habitat_class": "mangrove",
    "name": null,
    "protected": false,
    "perimeter_km": 1.6520635700271664,
    "bbox": [
     20.672892147878155,
     86.89265815675526,
     20.675423677502152,
     86.89678601234796
    ],
    "extra": {
     "pixel_count": 422,
     "label_value": 197,
     "centroid_pixel": [
      1197.2037914691944,
      1836.367298578199
     ]
    },
    "centroid_lat": 20.674169569289536,
    "centroid_lon": 86.89483749308434,
    "criticality_rank": 6,
    "criticality_score": 0.04330838819094405,
    "delta_connectivity": 0.00038217839899272986,
    "delta_pct": 4.330838819094405,
    "degree": 4,
    "is_cut_vertex": true,
    "component_count_after": 4,
    "rank_by_area": 35,
    "criticality_level": "medium"
   }
  },
  {
   "type": "Feature",
   "id": "P36",
   "geometry": {
    "type": "Polygon",
    "coordinates": [
     [
      [
       86.93480011784038,
       20.69089387992847
      ],
      [
       86.93460814859642,
       20.690713087786207
      ],
      [
       86.9340320092229,
       20.690712868198354
      ],
      [
       86.93364803418005,
       20.690441641673974
      ],
      [
       86.9331679188983,
       20.69044145614522
      ],
      [
       86.93316807719073,
       20.69008001738568
      ],
      [
       86.93288012793532,
       20.6898088263505
      ],
      [
       86.93268808262138,
       20.68980875144593
      ],
      [
       86.93288028690408,
       20.689447387566588
      ],
      [
       86.93278434407124,
       20.68926663074448
      ],
      [
       86.93326457419388,
       20.68899573822611
      ],
      [
       86.93336051742705,
       20.689176494787624
      ],
      [
       86.93384058955829,
       20.689267039471016
      ],
      [
       86.93393649452779,
       20.689538155407824
      ],
      [
       86.93432058448522,
       20.6895383022187
      ],
      [
       86.93451270701564,
       20.6893576559014
      ],
      [
       86.93547289258423,
       20.689448377812973
      ],
      [
       86.93537625790617,
       20.69089409695012
      ],
      [
       86.93480011784038,
       20.69089387992847
      ]
     ],
     [
      [
       86.93288036638718,
       20.68926666816895
      ],
      [
       86.93297634901876,
       20.68935706523938
      ],
      [
       86.93297638870334,
       20.689266705539907
      ],
      [
       86.93288036638718,
       20.68926666816895
      ]
     ]
    ]
   },
   "properties": {
    "id": "P36",
    "area_ha": 3.799999999999963,
    "quality": 0.9736842489556262,
    "confidence": 0.9736842489556262,
    "habitat_class": "mangrove",
    "name": null,
    "protected": false,
    "perimeter_km": 0.9443132464059267,
    "bbox": [
     20.68899573822611,
     86.93268808262138,
     20.69089409695012,
     86.93547289258423
    ],
    "extra": {
     "pixel_count": 380,
     "label_value": 145,
     "centroid_pixel": [
      1607.3342105263157,
      1661.6605263157894
     ]
    },
    "centroid_lat": 20.68997555289554,
    "centroid_lon": 86.93420845395134,
    "criticality_rank": 12,
    "criticality_score": 0.016099076447098116,
    "delta_connectivity": 0.00014206761135248346,
    "delta_pct": 1.6099076447098115,
    "degree": 6,
    "is_cut_vertex": false,
    "component_count_after": 3,
    "rank_by_area": 36,
    "criticality_level": "low"
   }
  },
  {
   "type": "Feature",
   "id": "P37",
   "geometry": {
    "type": "Polygon",
    "coordinates": [
     [
      [
       86.87380203732529,
       20.60275896573156
      ],
      [
       86.87293832662633,
       20.602758333264646
      ],
      [
       86.87265064824318,
       20.602487040151868
      ],
      [
       86.87169074456322,
       20.602757412085467
      ],
      [
       86.8716910470595,
       20.602395970321343
      ],
      [
       86.87188305781449,
       20.602305752180264
      ],
      [
       86.87178739251021,
       20.60194423927138
      ],
      [
       86.87140375052542,
       20.60167287290205
      ],
      [
       86.87121234749897,
       20.60104020690747
      ],
      [
       86.87092444718569,
       20.601039992270078
      ],
      [
       86.87092475146088,
       20.600678550445146
      ],
      [
       86.87121265109548,
       20.600678765078435
      ],
      [
       86.87121295468546,
       20.600317323234304
      ],
      [
       86.87150077791784,
       20.60040789784771
      ],
      [
       86.87159644160836,
       20.60076941097067
      ],
      [
       86.87198008168563,
       20.601040776930713
      ],
      [
       86.87236387356724,
       20.60113142112324
      ],
      [
       86.87245969006955,
       20.60131221283963
      ],
      [
       86.87293952480786,
       20.60131256604718
      ],
      [
       86.87332316863326,
       20.60158392903036
      ],
      [
       86.87322667850107,
       20.60221638188198
      ],
      [
       86.87361054856616,
       20.60221666286382
      ],
      [
       86.87380203732529,
       20.60275896573156
      ]
     ]
    ]
   },
   "properties": {
    "id": "P37",
    "area_ha": 3.649999999999966,
    "quality": 0.9750401127828311,
    "confidence": 0.9750401127828311,
    "habitat_class": "mangrove",
    "name": null,
    "protected": false,
    "perimeter_km": 1.0636241070953354,
    "bbox": [
     20.600317323234304,
     86.87092444718569,
     20.60275896573156,
     86.87380203732529
    ],
    "extra": {
     "pixel_count": 365,
     "label_value": 307,
     "centroid_pixel": [
      961.9835616438356,
      2637.254794520548
     ]
    },
    "centroid_lat": 20.601786064601292,
    "centroid_lon": 86.87231376739508,
    "criticality_rank": 40,
    "criticality_score": 0.0001464690674439068,
    "delta_connectivity": 1.2925282153394835e-06,
    "delta_pct": 0.01464690674439068,
    "degree": 4,
    "is_cut_vertex": false,
    "component_count_after": 3,
    "rank_by_area": 37,
    "criticality_level": "low"
   }
  },
  {
   "type": "Feature",
   "id": "P38",
   "geometry": {
    "type": "Polygon",
    "coordinates": [
     [
      [
       86.88259532911577,
       20.77408701214415
      ],
      [
       86.88240331763011,
       20.773906163331098
      ],
      [
       86.88240352744772,
       20.773635087279228
      ],
      [
       86.88288390443687,
       20.773635415493136
      ],
      [
       86.88317233907776,
       20.773364535708737
      ],
      [
       86.88365278441927,
       20.773274503075697
      ],
      [
       86.88394149309202,
       20.77264218718349
      ],
      [
       86.8844218669683,
       20.772642511081376
      ],
      [
       86.8846138106585,
       20.77291371636891
      ],
      [
       86.88490203550509,
       20.772913909743142
      ],
      [
       86.88519046518941,
       20.772643026523696
      ],
      [
       86.88576698180519,
       20.77255305214145
      ],
      [
       86.88663138465355,
       20.772915059832187
      ],
      [
       86.88653510725982,
       20.773186072509315
      ],
      [
       86.88605452833104,
       20.773456830614503
      ],
      [
       86.8850937070449,
       20.773546549278628
      ],
      [
       86.8843248978676,
       20.773817109455226
      ],
      [
       86.8833641427001,
       20.77381645973864
      ],
      [
       86.88259532911577,
       20.77408701214415
      ]
     ]
    ]
   },
   "properties": {
    "id": "P38",
    "area_ha": 3.47999999999997,
    "quality": 0.9760275328981465,
    "confidence": 0.9760275328981465,
    "habitat_class": "mangrove",
    "name": null,
    "protected": false,
    "perimeter_km": 1.056967853927694,
    "bbox": [
     20.77255305214145,
     86.88240331763011,
     20.77408701214415,
     86.88663138465355
    ],
    "extra": {
     "pixel_count": 348,
     "label_value": 45,
     "centroid_pixel": [
      1091.5545977011495,
      739.5862068965517
     ]
    },
    "centroid_lat": 20.77326736514252,
    "centroid_lon": 86.88461878756881,
    "criticality_rank": 47,
    "criticality_score": 2.9020398856313656e-05,
    "delta_connectivity": 2.560928733744833e-07,
    "delta_pct": 0.0029020398856313655,
    "degree": 6,
    "is_cut_vertex": false,
    "component_count_after": 3,
    "rank_by_area": 38,
    "criticality_level": "low"
   }
  },
  {
   "type": "Feature",
   "id": "P39",
   "geometry": {
    "type": "Polygon",
    "coordinates": [
     [
      [
       86.88019894812255,
       20.64487141425144
      ],
      [
       86.88010316631964,
       20.644600267522577
      ],
      [
       86.87981525500224,
       20.644509707252574
      ],
      [
       86.8794312076003,
       20.644599799549344
      ],
      [
       86.8794310651592,
       20.644780519604556
      ],
      [
       86.8791430825164,
       20.644780318242052
      ],
      [
       86.87866332647478,
       20.6445089014938
      ],
      [
       86.87875982182423,
       20.643876448719997
      ],
      [
       86.87856812144139,
       20.643514873650393
      ],
      [
       86.87895238110798,
       20.643153703129293
      ],
      [
       86.87895252410233,
       20.642972983043247
      ],
      [
       86.87924057466724,
       20.642882824661395
      ],
      [
       86.87943234707423,
       20.643154038971534
      ],
      [
       86.87991238398043,
       20.643064013433758
      ],
      [
       86.8800082353723,
       20.643244800266093
      ],
      [
       86.8802962151336,
       20.643245000171248
      ],
      [
       86.88029579090184,
       20.643787160427802
      ],
      [
       86.88067948336146,
       20.644148866385617
      ],
      [
       86.88077519548374,
       20.644510372846934
      ],
      [
       86.88048693094802,
       20.644871613853493
      ],
      [
       86.88019894812255,
       20.64487141425144
      ]
     ]
    ]
   },
   "properties": {
    "id": "P39",
    "area_ha": 3.2999999999999736,
    "quality": 0.9759467726404016,
    "confidence": 0.9759467726404016,
    "habitat_class": "mangrove",
    "name": null,
    "protected": false,
    "perimeter_km": 0.8136154715899214,
    "bbox": [
     20.642882824661395,
     86.87856812144139,
     20.644871613853493,
     86.88077519548374
    ],
    "extra": {
     "pixel_count": 330,
     "label_value": 257,
     "centroid_pixel": [
      1038.209090909091,
      2170.7909090909093
     ]
    },
    "centroid_lat": 20.64394110726635,
    "centroid_lon": 86.87959578879007,
    "criticality_rank": 36,
    "criticality_score": 0.0002076933270683489,
    "delta_connectivity": 1.832806681017346e-06,
    "delta_pct": 0.02076933270683489,
    "degree": 4,
    "is_cut_vertex": false,
    "component_count_after": 3,
    "rank_by_area": 39,
    "criticality_level": "low"
   }
  },
  {
   "type": "Feature",
   "id": "P40",
   "geometry": {
    "type": "Polygon",
    "coordinates": [
     [
      [
       86.86841837399665,
       20.613778925417932
      ],
      [
       86.8683230981418,
       20.612965609486288
      ],
      [
       86.86765159074787,
       20.612603655134443
      ],
      [
       86.86765174683944,
       20.612422934489043
      ],
      [
       86.8680356423827,
       20.61242322798458
      ],
      [
       86.8681317717935,
       20.612242580572577
      ],
      [
       86.86774803267636,
       20.61206156663933
      ],
      [
       86.86746073694277,
       20.611338463478308
      ],
      [
       86.867940914452,
       20.610977389374693
      ],
      [
       86.86870869831135,
       20.61097797418971
      ],
      [
       86.86861295774386,
       20.61070682024334
      ],
      [
       86.86870908538697,
       20.61052617246496
      ],
      [
       86.86890103079008,
       20.610526318132436
      ],
      [
       86.86909289900692,
       20.61061682393502
      ],
      [
       86.86899669451167,
       20.610887832272102
      ],
      [
       86.86918848610355,
       20.61106869831133
      ],
      [
       86.86918825470079,
       20.61133977933722
      ],
      [
       86.86938020112667,
       20.61133992447813
      ],
      [
       86.86947602040921,
       20.611520717649945
      ],
      [
       86.86909174113806,
       20.61197222904513
      ],
      [
       86.8690915095531,
       20.612243310041663
      ],
      [
       86.86870745959946,
       20.612423739550298
      ],
      [
       86.86861109830782,
       20.61287546825321
      ],
      [
       86.86880235032136,
       20.613688856915093
      ],
      [
       86.86841837399665,
       20.613778925417932
      ]
     ],
     [
      [
       86.86813130521664,
       20.612784742519263
      ],
      [
       86.86832325344437,
       20.61278488884355
      ],
      [
       86.86832356404452,
       20.612423447546735
      ],
      [
       86.86803556456348,
       20.612513588309145
      ],
      [
       86.86813130521664,
       20.612784742519263
      ]
     ],
     [
      [
       86.86841961552503,
       20.612333160300643
      ],
      [
       86.8686115631893,
       20.61233330630173
      ],
      [
       86.86861171814647,
       20.612152585643678
      ],
      [
       86.86832379699024,
       20.61215236656422
      ],
      [
       86.86841961552503,
       20.612333160300643
      ]
     ],
     [
      [
       86.86822790097666,
       20.612061933102115
      ],
      [
       86.86832379699024,
       20.61215236656422
      ],
      [
       86.86832387463798,
       20.612062006234826
      ],
      [
       86.86822790097666,
       20.612061933102115
      ]
     ],
     [
      [
       86.86803610928908,
       20.61188106601733
      ],
      [
       86.86813200507628,
       20.611971499586485
      ],
      [
       86.86813208283637,
       20.6118811392559
      ],
      [
       86.86803610928908,
       20.61188106601733
      ]
     ]
    ]
   },
   "properties": {
    "id": "P40",
    "area_ha": 3.2699999999999743,
    "quality": 0.9738081784787893,
    "confidence": 0.9738081784787893,
    "habitat_class": "mangrove",
    "name": null,
    "protected": false,
    "perimeter_km": 1.3634014139078654,
    "bbox": [
     20.61052617246496,
     86.86746073694277,
     20.613778925417932,
     86.86947602040921
    ],
    "extra": {
     "pixel_count": 327,
     "label_value": 289,
     "centroid_pixel": [
      922.0550458715596,
      2525.412844036697
     ]
    },
    "centroid_lat": 20.611889274632777,
    "centroid_lon": 86.86847326644313,
    "criticality_rank": 33,
    "criticality_score": 0.0002815458356947267,
    "delta_connectivity": 2.4845241585642885e-06,
    "delta_pct": 0.02815458356947267,
    "degree": 5,
    "is_cut_vertex": false,
    "component_count_after": 3,
    "rank_by_area": 40,
    "criticality_level": "low"
   }
  },
  {
   "type": "Feature",
   "id": "P41",
   "geometry": {
    "type": "Polygon",
    "coordinates": [
     [
      [
       86.93450937159537,
       20.697128586755312
      ],
      [
       86.9344137328157,
       20.696224953975918
      ],
      [
       86.93383757263078,
       20.69622473368208
      ],
      [
       86.93383780776075,
       20.695682575893304
      ],
      [
       86.93412596486223,
       20.69550196700637
      ],
      [
       86.93431793954137,
       20.69568275960006
      ],
      [
       86.93479807132718,
       20.69568294196883
      ],
      [
       86.93460594114644,
       20.695863588451385
      ],
      [
       86.93460578621234,
       20.696225026979025
      ],
      [
       86.93508599660626,
       20.69604448928653
      ],
      [
       86.93508618884937,
       20.69559269111082
      ],
      [
       86.93556632035907,
       20.695592871337944
      ],
      [
       86.93575822076285,
       20.695954381601407
      ],
      [
       86.93662257216016,
       20.695683622767653
      ],
      [
       86.93662242200537,
       20.69604506131721
      ],
      [
       86.93700645373967,
       20.696225921454488
      ],
      [
       86.93700634180279,
       20.69649700035304
      ],
      [
       86.93681421320157,
       20.69667764928528
      ],
      [
       86.93604611095152,
       20.696406286941684
      ],
      [
       86.93604603518877,
       20.696587006201174
      ],
      [
       86.93575791635,
       20.696677258650453
      ],
      [
       86.935853867344,
       20.696858013683464
      ],
      [
       86.93546979717158,
       20.69676751061607
      ],
      [
       86.93546987361769,
       20.69658679136241
      ],
      [
       86.9351818312283,
       20.696496323592743
      ],
      [
       86.93518167765352,
       20.696857762098013
      ],
      [
       86.93470154216648,
       20.696857580788425
      ],
      [
       86.93470146480904,
       20.697038300033654
      ],
      [
       86.93450937159537,
       20.697128586755312
      ]
     ]
    ]
   },
   "properties": {
    "id": "P41",
    "area_ha": 2.9299999999999815,
    "quality": 0.9725958373359446,
    "confidence": 0.9725958373359446,
    "habitat_class": "mangrove",
    "name": null,
    "protected": false,
    "perimeter_km": 1.224207786147338,
    "bbox": [
     20.69550196700637,
     86.93383757263078,
     20.697128586755312,
     86.93700645373967
    ],
    "extra": {
     "pixel_count": 293,
     "label_value": 99,
     "centroid_pixel": [
      1619.5597269624573,
      1592.566552901024
     ]
    },
    "centroid_lat": 20.696219305306272,
    "centroid_lon": 86.93537973773766,
    "criticality_rank": 32,
    "criticality_score": 0.0002972581128870258,
    "delta_connectivity": 2.6231784283885923e-06,
    "delta_pct": 0.02972581128870258,
    "degree": 5,
    "is_cut_vertex": false,
    "component_count_after": 3,
    "rank_by_area": 41,
    "criticality_level": "low"
   }
  },
  {
   "type": "Feature",
   "id": "P42",
   "geometry": {
    "type": "Polygon",
    "coordinates": [
     [
      [
       86.94277036103948,
       20.690083473746505
      ],
      [
       86.94277042881303,
       20.68990275432817
      ],
      [
       86.94257845134493,
       20.68972197102343
      ],
      [
       86.94229038348489,
       20.68972187479824
      ],
      [
       86.94200245298937,
       20.6893603392408
      ],
      [
       86.94190636180292,
       20.68954102632578
      ],
      [
       86.94161832885592,
       20.689450569265414
      ],
      [
       86.94142621459683,
       20.68963122352317
      ],
      [
       86.94133029625154,
       20.689360111723513
      ],
      [
       86.9417143858149,
       20.689360242054402
      ],
      [
       86.94190660258141,
       20.688908508314903
      ],
      [
       86.9421947031298,
       20.68881824545789
      ],
      [
       86.94209874964329,
       20.688637493781147
      ],
      [
       86.94238684956686,
       20.688547230598612
      ],
      [
       86.94238712245127,
       20.68782435277866
      ],
      [
       86.9428672972344,
       20.687643793137006
      ],
      [
       86.94305917130139,
       20.688095655351002
      ],
      [
       86.94305896902364,
       20.68863781371098
      ],
      [
       86.94344295632179,
       20.688909019353932
      ],
      [
       86.9433468335804,
       20.68918006697529
      ],
      [
       86.94363486704948,
       20.689270521150764
      ],
      [
       86.9436347335535,
       20.68963196001558
      ],
      [
       86.94286648537714,
       20.689812426478785
      ],
      [
       86.94277036103948,
       20.690083473746505
      ]
     ]
    ]
   },
   "properties": {
    "id": "P42",
    "area_ha": 2.7399999999999856,
    "quality": 0.9755563229104899,
    "confidence": 0.9755563229104899,
    "habitat_class": "mangrove",
    "name": null,
    "protected": false,
    "perimeter_km": 0.9366663949830943,
    "bbox": [
     20.687643793137006,
     86.94133029625154,
     20.690083473746505,
     86.94363486704948
    ],
    "extra": {
     "pixel_count": 274,
     "label_value": 151,
     "centroid_pixel": [
      1695.3284671532847,
      1672.6715328467153
     ]
    },
    "centroid_lat": 20.688983620126873,
    "centroid_lon": 86.94265828037258,
    "criticality_rank": 31,
    "criticality_score": 0.00033915515354826704,
    "delta_connectivity": 2.9929022761533697e-06,
    "delta_pct": 0.0339155153548267,
    "degree": 4,
    "is_cut_vertex": false,
    "component_count_after": 3,
    "rank_by_area": 42,
    "criticality_level": "low"
   }
  },
  {
   "type": "Feature",
   "id": "P43",
   "geometry": {
    "type": "Polygon",
    "coordinates": [
     [
      [
       86.89652489144379,
       20.776174219917348
      ],
      [
       86.89652507608756,
       20.775903143807447
      ],
      [
       86.89623684545761,
       20.775902969912604
      ],
      [
       86.89614089213299,
       20.775722194431015
      ],
      [
       86.89556436945136,
       20.77581220357443
      ],
      [
       86.89546810610622,
       20.776083221229687
      ],
      [
       86.89527607671262,
       20.775902386769655
      ],
      [
       86.89517987514432,
       20.776083045559574
      ],
      [
       86.89518006218726,
       20.775811969458424
      ],
      [
       86.89498797101848,
       20.775721493376228
      ],
      [
       86.89508435979182,
       20.77526975856879
      ],
      [
       86.89479631809654,
       20.774998506137788
      ],
      [
       86.89642961523984,
       20.77499949880425
      ],
      [
       86.89777444033935,
       20.77536173949551
      ],
      [
       86.89777419712648,
       20.77572317434379
      ],
      [
       86.89758192175596,
       20.77590377728347
      ],
      [
       86.89652489144379,
       20.776174219917348
      ]
     ]
    ]
   },
   "properties": {
    "id": "P43",
    "area_ha": 2.709999999999986,
    "quality": 0.9761003579160824,
    "confidence": 0.9761003579160824,
    "habitat_class": "mangrove",
    "name": null,
    "protected": false,
    "perimeter_km": 0.8691373260272284,
    "bbox": [
     20.774998506137788,
     86.89479631809654,
     20.776174219917348,
     86.89777444033935
    ],
    "extra": {
     "pixel_count": 271,
     "label_value": 38,
     "centroid_pixel": [
      1212.9741697416973,
      714.8929889298893
     ]
    },
    "centroid_lat": 20.77550605263432,
    "centroid_lon": 86.89628267321328,
    "criticality_rank": 49,
    "criticality_score": 1.5027460014380516e-05,
    "delta_connectivity": 1.3261104486045339e-07,
    "delta_pct": 0.0015027460014380516,
    "degree": 4,
    "is_cut_vertex": false,
    "component_count_after": 3,
    "rank_by_area": 43,
    "criticality_level": "low"
   }
  },
  {
   "type": "Feature",
   "id": "P44",
   "geometry": {
    "type": "Polygon",
    "coordinates": [
     [
      [
       86.85357935906019,
       20.775239390176107
      ],
      [
       86.85348380562745,
       20.774697156849186
      ],
      [
       86.85319583970225,
       20.774425835029223
      ],
      [
       86.85319601432741,
       20.77424511788684
      ],
      [
       86.8530038629902,
       20.774244953546344
      ],
      [
       86.85290743738439,
       20.774606305571776
      ],
      [
       86.85261929735438,
       20.774515699925598
      ],
      [
       86.85223481823654,
       20.774696086864047
      ],
      [
       86.85213891817176,
       20.77451528705322
      ],
      [
       86.85156255145284,
       20.774424431269797
      ],
      [
       86.85156272802081,
       20.774243714140724
      ],
      [
       86.8510827039943,
       20.773881864056836
      ],
      [
       86.8509869830584,
       20.773520346457463
      ],
      [
       86.85117931047728,
       20.77333979590383
      ],
      [
       86.85223613647179,
       20.7733407083049
      ],
      [
       86.85271616156636,
       20.77370255519431
      ],
      [
       86.85281197427479,
       20.773973713274874
      ],
      [
       86.85377246835027,
       20.774245609618546
      ],
      [
       86.85396444598405,
       20.774426490247787
      ],
      [
       86.85396409855666,
       20.774787924533566
      ],
      [
       86.85367578348234,
       20.774878037792924
      ],
      [
       86.8537715986343,
       20.77514919531576
      ],
      [
       86.85357935906019,
       20.775239390176107
      ]
     ]
    ]
   },
   "properties": {
    "id": "P44",
    "area_ha": 2.629999999999988,
    "quality": 0.9760577823725943,
    "confidence": 0.9760577823725943,
    "habitat_class": "mangrove",
    "name": null,
    "protected": false,
    "perimeter_km": 0.9615116878289235,
    "bbox": [
     20.77333979590383,
     86.8509869830584,
     20.775239390176107,
     86.85396444598405
    ],
    "extra": {
     "pixel_count": 263,
     "label_value": 41,
     "centroid_pixel": [
      755.8669201520912,
      730.1977186311788
     ]
    },
    "centroid_lat": 20.774091003538786,
    "centroid_lon": 86.85236673449047,
    "criticality_rank": 50,
    "criticality_score": 1.1166653765264651e-05,
    "delta_connectivity": 9.85410456583874e-08,
    "delta_pct": 0.0011166653765264651,
    "degree": 3,
    "is_cut_vertex": false,
    "component_count_after": 3,
    "rank_by_area": 45,
    "criticality_level": "low"
   }
  },
  {
   "type": "Feature",
   "id": "P45",
   "geometry": {
    "type": "Polygon",
    "coordinates": [
     [
      [
       86.88031543262835,
       20.61866703281557
      ],
      [
       86.8798356851831,
       20.618485979201825
      ],
      [
       86.8798358269489,
       20.618305258594205
      ],
      [
       86.87916405493115,
       20.618214429847594
      ],
      [
       86.87916419748727,
       20.618033709238773
      ],
      [
       86.87935615237322,
       20.6180338433444
      ],
      [
       86.87945234313857,
       20.61776282939407
      ],
      [
       86.87974034589864,
       20.6176726696794
      ],
      [
       86.87974048777082,
       20.617491949055417
      ],
      [
       86.87993237115931,
       20.617582442830706
      ],
      [
       86.88012453761243,
       20.617311495136303
      ],
      [
       86.8801242547754,
       20.617672936393134
      ],
      [
       86.88031620921603,
       20.617673069430204
      ],
      [
       86.88041260967121,
       20.61713097397217
      ],
      [
       86.88089249408301,
       20.617131305356114
      ],
      [
       86.8810845881329,
       20.61695071689242
      ],
      [
       86.88146842530465,
       20.617041340935128
      ],
      [
       86.88175586756915,
       20.617674060412504
      ],
      [
       86.8813719586667,
       20.617673797323153
      ],
      [
       86.88117965377664,
       20.618125467025866
      ],
      [
       86.88098769876302,
       20.61812533494504
      ],
      [
       86.88098748815416,
       20.61839641587213
      ],
      [
       86.88079539216812,
       20.618577004188285
      ],
      [
       86.88031543262835,
       20.61866703281557
      ]
     ]
    ]
   },
   "properties": {
    "id": "P45",
    "area_ha": 2.629999999999988,
    "quality": 0.9731216924725377,
    "confidence": 0.9731216924725377,
    "habitat_class": "mangrove",
    "name": null,
    "protected": false,
    "perimeter_km": 0.8658508702429998,
    "bbox": [
     20.61695071689242,
     86.87916405493115,
     20.61866703281557,
     86.88175586756915
    ],
    "extra": {
     "pixel_count": 263,
     "label_value": 279,
     "centroid_pixel": [
      1047.6425855513307,
      2459.8174904942966
     ]
    },
    "centroid_lat": 20.617825243800603,
    "centroid_lon": 86.88052173004704,
    "criticality_rank": 17,
    "criticality_score": 0.00219560854842497,
    "delta_connectivity": 1.9375326464522377e-05,
    "delta_pct": 0.219560854842497,
    "degree": 4,
    "is_cut_vertex": true,
    "component_count_after": 4,
    "rank_by_area": 44,
    "criticality_level": "low"
   }
  },
  {
   "type": "Feature",
   "id": "P46",
   "geometry": {
    "type": "Polygon",
    "coordinates": [
     [
      [
       86.97636206335692,
       20.795088742056976
      ],
      [
       86.97616991339973,
       20.79490799819143
      ],
      [
       86.97588164624226,
       20.794907957922472
      ],
      [
       86.97559345174302,
       20.794456123933795
      ],
      [
       86.9756896273524,
       20.793913985657273
      ],
      [
       86.97540144995418,
       20.793371792636023
      ],
      [
       86.97568977208493,
       20.793010399057252
      ],
      [
       86.9756898155032,
       20.792739323058715
      ],
      [
       86.97617022552696,
       20.792920107768932
      ],
      [
       86.9767466415418,
       20.793643056146802
      ],
      [
       86.97693866701488,
       20.79463702726704
      ],
      [
       86.9767464754069,
       20.79472735998389
      ],
      [
       86.97674643387151,
       20.79499843592177
      ],
      [
       86.97636206335692,
       20.795088742056976
      ]
     ]
    ]
   },
   "properties": {
    "id": "P46",
    "area_ha": 2.53999999999999,
    "quality": 0.9783306856324353,
    "confidence": 0.9783306856324353,
    "habitat_class": "mangrove",
    "name": null,
    "protected": false,
    "perimeter_km": 0.6837502378013999,
    "bbox": [
     20.792739323058715,
     86.97540144995418,
     20.795088742056976,
     86.97693866701488
    ],
    "extra": {
     "pixel_count": 254,
     "label_value": 6,
     "centroid_pixel": [
      2044.4645669291338,
      510.7165354330709
     ]
    },
    "centroid_lat": 20.793984845369586,
    "centroid_lon": 86.97616665364292,
    "criticality_rank": 42,
    "criticality_score": 0.00010456047385721088,
    "delta_connectivity": 9.227024178430632e-07,
    "delta_pct": 0.010456047385721088,
    "degree": 3,
    "is_cut_vertex": false,
    "component_count_after": 3,
    "rank_by_area": 47,
    "criticality_level": "low"
   }
  },
  {
   "type": "Feature",
   "id": "P47",
   "geometry": {
    "type": "Polygon",
    "coordinates": [
     [
      [
       86.92807767509095,
       20.69260803930849
      ],
      [
       86.9279817786293,
       20.692336920231632
      ],
      [
       86.92778973015373,
       20.692336839859042
      ],
      [
       86.92778990120154,
       20.691975401220326
      ],
      [
       86.92750187210424,
       20.691884920600927
      ],
      [
       86.92750200089878,
       20.691613841610828
      ],
      [
       86.92769413409758,
       20.69143320296919
      ],
      [
       86.92759828192254,
       20.69107172397597
      ],
      [
       86.92827061591309,
       20.690710566378492
      ],
      [
       86.92836655429366,
       20.69089132567063
      ],
      [
       86.92855864325614,
       20.690801045720097
      ],
      [
       86.92875056323126,
       20.691072204253196
      ],
      [
       86.92903863356354,
       20.6910723231186
      ],
      [
       86.92951837515803,
       20.691885757189148
      ],
      [
       86.9290382973962,
       20.69179520047637
      ],
      [
       86.92903817132972,
       20.692066279469916
      ],
      [
       86.92884612319034,
       20.692066200275676
      ],
      [
       86.92874997254071,
       20.69233723958161
      ],
      [
       86.92807767509095,
       20.69260803930849
      ]
     ]
    ]
   },
   "properties": {
    "id": "P47",
    "area_ha": 2.53999999999999,
    "quality": 0.9744958030426596,
    "confidence": 0.9744958030426596,
    "habitat_class": "mangrove",
    "name": null,
    "protected": false,
    "perimeter_km": 0.725887334700748,
    "bbox": [
     20.690710566378492,
     86.92750187210424,
     20.69260803930849,
     86.92951837515803
    ],
    "extra": {
     "pixel_count": 254,
     "label_value": 129,
     "centroid_pixel": [
      1546.5118110236222,
      1643.3543307086613
     ]
    },
    "centroid_lat": 20.691627366133,
    "centroid_lon": 86.92836734290577,
    "criticality_rank": 5,
    "criticality_score": 0.12598768358285023,
    "delta_connectivity": 0.001111788575280311,
    "delta_pct": 12.598768358285023,
    "degree": 4,
    "is_cut_vertex": true,
    "component_count_after": 4,
    "rank_by_area": 46,
    "criticality_level": "high"
   }
  },
  {
   "type": "Feature",
   "id": "P48",
   "geometry": {
    "type": "Polygon",
    "coordinates": [
     [
      [
       86.86180719866034,
       20.601484749619253
      ],
      [
       86.8617114761493,
       20.601213591654975
      ],
      [
       86.86190349122268,
       20.60112338460616
      ],
      [
       86.86190373537985,
       20.60085230334151
      ],
      [
       86.86228768301238,
       20.60076224901343
      ],
      [
       86.86248010240281,
       20.60022023916801
      ],
      [
       86.86190438644648,
       20.60012941992759
      ],
      [
       86.86180817596518,
       20.600400424559382
      ],
      [
       86.8616162432973,
       20.60040027108862
      ],
      [
       86.86161632484962,
       20.600309910661565
      ],
      [
       86.86152035857289,
       20.60030983384667
      ],
      [
       86.86152044018135,
       20.600219473419035
      ],
      [
       86.86142447396162,
       20.600219396551264
      ],
      [
       86.86151978730148,
       20.600942356813686
      ],
      [
       86.86103979015503,
       20.601122692763155
      ],
      [
       86.86113600245312,
       20.600851688591764
      ],
      [
       86.86094415117626,
       20.600761173952048
      ],
      [
       86.86094439702485,
       20.600490092687085
      ],
      [
       86.86075246425177,
       20.600489938257066
      ],
      [
       86.86075271043575,
       20.600218856985826
      ],
      [
       86.86094464286951,
       20.600219011413635
      ],
      [
       86.8609449706562,
       20.599857569702486
      ],
      [
       86.86276832456639,
       20.599859026115354
      ],
      [
       86.8628638864869,
       20.60031090440933
      ],
      [
       86.86257623059875,
       20.600039594583894
      ],
      [
       86.86257574467932,
       20.600581757170982
      ],
      [
       86.86295952972486,
       20.600672422201708
      ],
      [
       86.86295912590897,
       20.601124224334225
      ],
      [
       86.86276719232573,
       20.60112407213567
      ],
      [
       86.86247896776246,
       20.601485285120194
      ],
      [
       86.86180719866034,
       20.601484749619253
      ]
     ],
     [
      [
       86.86132858946344,
       20.600128959202394
      ],
      [
       86.86142447396162,
       20.600219396551264
      ],
      [
       86.86142455562617,
       20.600129036123057
      ],
      [
       86.86132858946344,
       20.600128959202394
      ]
     ]
    ]
   },
   "properties": {
    "id": "P48",
    "area_ha": 2.2799999999999954,
    "quality": 0.9733295077294634,
    "confidence": 0.9733295077294634,
    "habitat_class": "mangrove",
    "name": null,
    "protected": false,
    "perimeter_km": 1.2781579435589323,
    "bbox": [
     20.599857569702486,
     86.86075246425177,
     20.601485285120194,
     86.86295952972486
    ],
    "extra": {
     "pixel_count": 228,
     "label_value": 308,
     "centroid_pixel": [
      853.8421052631579,
      2650.5131578947367
     ]
    },
    "centroid_lat": 20.600580059327672,
    "centroid_lon": 86.86193681123066,
    "criticality_rank": 43,
    "criticality_score": 9.14056380815842e-05,
    "delta_connectivity": 8.06616498099863e-07,
    "delta_pct": 0.00914056380815842,
    "degree": 3,
    "is_cut_vertex": false,
    "component_count_after": 3,
    "rank_by_area": 48,
    "criticality_level": "low"
   }
  },
  {
   "type": "Feature",
   "id": "P49",
   "geometry": {
    "type": "Polygon",
    "coordinates": [
     [
      [
       86.91456083168619,
       20.65221100870082
      ],
      [
       86.91417688646393,
       20.652120458130398
      ],
      [
       86.91417698789544,
       20.651939738030332
      ],
      [
       86.91379309452638,
       20.65175882655489
      ],
      [
       86.91360145450867,
       20.65112621016503
      ],
      [
       86.91388965294563,
       20.65076491384661
      ],
      [
       86.91436959272845,
       20.650855512711374
      ],
      [
       86.9149456820518,
       20.650675077382402
      ],
      [
       86.91542537231416,
       20.651217473632055
      ],
      [
       86.91561736904183,
       20.6512175676065
      ],
      [
       86.91561716959005,
       20.651579007846646
      ],
      [
       86.91523317522815,
       20.651578819680598
      ],
      [
       86.91513707634357,
       20.651759492617757
      ],
      [
       86.91494507893786,
       20.651759398106673
      ],
      [
       86.91484882864285,
       20.6522111510315
      ],
      [
       86.914656881104,
       20.652120696148028
      ],
      [
       86.91465698196821,
       20.651939976045686
      ],
      [
       86.91456083168619,
       20.65221100870082
      ]
     ]
    ]
   },
   "properties": {
    "id": "P49",
    "area_ha": 2.259999999999996,
    "quality": 0.9751211083040828,
    "confidence": 0.9751211083040828,
    "habitat_class": "mangrove",
    "name": null,
    "protected": false,
    "perimeter_km": 0.6884260910849471,
    "bbox": [
     20.650675077382402,
     86.91360145450867,
     20.6522111510315,
     86.91561736904183
    ],
    "extra": {
     "pixel_count": 226,
     "label_value": 239,
     "centroid_pixel": [
      1402.3407079646017,
      2088.70796460177
     ]
    },
    "centroid_lat": 20.651378968957168,
    "centroid_lon": 86.91454600478858,
    "criticality_rank": 38,
    "criticality_score": 0.00016821546151758304,
    "delta_connectivity": 1.4844310410530581e-06,
    "delta_pct": 0.016821546151758304,
    "degree": 3,
    "is_cut_vertex": false,
    "component_count_after": 3,
    "rank_by_area": 49,
    "criticality_level": "low"
   }
  },
  {
   "type": "Feature",
   "id": "P50",
   "geometry": {
    "type": "Polygon",
    "coordinates": [
     [
      [
       86.90205976691837,
       20.685276082458866
      ],
      [
       86.90119564784419,
       20.68518522958064
      ],
      [
       86.90119582331022,
       20.684914150566986
      ],
      [
       86.90148394013069,
       20.684823955774334
      ],
      [
       86.90148411508142,
       20.684552876746974
      ],
      [
       86.90186836644615,
       20.684282016796587
      ],
      [
       86.90186848262182,
       20.684101297432516
      ],
      [
       86.90215642376204,
       20.684282180549104
      ],
      [
       86.90292463408082,
       20.68419225518461
      ],
      [
       86.90292480646733,
       20.683921176125697
      ],
      [
       86.90330893922754,
       20.683831032308632
      ],
      [
       86.90330882475882,
       20.68401175168613
      ],
      [
       86.90388482461015,
       20.684192793268082
      ],
      [
       86.90388459703065,
       20.68455423201029
      ],
      [
       86.90369250145832,
       20.684644484502122
      ],
      [
       86.90321246206544,
       20.684553855906316
      ],
      [
       86.90263600058111,
       20.68509568951034
      ],
      [
       86.90215596041098,
       20.685005057973772
      ],
      [
       86.90205976691837,
       20.685276082458866
      ]
     ]
    ]
   },
   "properties": {
    "id": "P50",
    "area_ha": 2.249999999999996,
    "quality": 0.9735130490197076,
    "confidence": 0.9735130490197076,
    "habitat_class": "mangrove",
    "name": null,
    "protected": false,
    "perimeter_km": 0.8041479880711505,
    "bbox": [
     20.683831032308632,
     86.90119564784419,
     20.685276082458866,
     86.90388482461015
    ],
    "extra": {
     "pixel_count": 225,
     "label_value": 172,
     "centroid_pixel": [
      1277.0666666666666,
      1721.1333333333334
     ]
    },
    "centroid_lat": 20.68458658553298,
    "centroid_lon": 86.90249869759923,
    "criticality_rank": 15,
    "criticality_score": 0.004563466151528655,
    "delta_connectivity": 4.027067874147819e-05,
    "delta_pct": 0.45634661515286545,
    "degree": 4,
    "is_cut_vertex": false,
    "component_count_after": 3,
    "rank_by_area": 50,
    "criticality_level": "low"
   }
  }
 ]
}