{
 "type": "FeatureCollection",
 "features": [
  {
   "type": "Feature",
   "id": "P01",
   "geometry": {
    "type": "Polygon",
    "coordinates": [
     [
      [
       86.91728624617588,
       20.760191954762632
      ],
      [
       86.91699824248539,
       20.759830380111488
      ],
      [
       86.91603752486957,
       20.759920272377123
      ],
      [
       86.91565335781694,
       20.759739366362663
      ],
      [
       86.91526934274485,
       20.759287382708617
      ],
      [
       86.9146929441959,
       20.759287097566613
      ],
      [
       86.91469309628495,
       20.759016020781957
      ],
      [
       86.91430888220033,
       20.758925470686822
      ],
      [
       86.9142129179676,
       20.758744704900508
      ],
      [
       86.91306012502594,
       20.758744125611578
      ],
      [
       86.9129642141162,
       20.758473000199064
      ],
      [
       86.9125799504973,
       20.758472805172428
      ],
      [
       86.9116196065913,
       20.75793016026217
      ],
      [
       86.911331409916,
       20.75793001182171
      ],
      [
       86.91123544985315,
       20.757749244366806
      ],
      [
       86.91085113510547,
       20.757839404414778
      ],
      [
       86.91056304490188,
       20.7576585368204
      ],
      [
       86.91056320434024,
       20.757387460014368
      ],
      [
       86.9101791569834,
       20.75702582387861
      ],
      [
       86.90969883206817,
       20.757025572194188
      ],
      [
       86.90931473379976,
       20.75675429306352
      ],
      [
       86.9059524097472,
       20.756842845127817
      ],
      [
       86.90431964834671,
       20.75629979019457
      ],
      [
       86.90287868074431,
       20.756298982016435
      ],
      [
       86.90278273177093,
       20.756118209850246
      ],
      [
       86.90239847421319,
       20.756117992083148
      ],
      [
       86.90230252592508,
       20.75593721964781
      ],
      [
       86.90153418725866,
       20.755665704321252
      ],
      [
       86.8991325848419,
       20.755664311767124
      ],
      [
       86.8987484487949,
       20.755483367995225
      ],
      [
       86.89778786976942,
       20.75539244051254
      ],
      [
       86.89711536122833,
       20.755482398249978
      ],
      [
       86.89673122806118,
       20.755301449978006
      ],
      [
       86.89557852385268,
       20.755210394620843
      ],
      [
       86.89509832953647,
       20.755029384319897
      ],
      [
       86.89471401226542,
       20.7551195083038
      ],
      [
       86.89394594347644,
       20.75448652342279
      ],
      [
       86.8934656901116,
       20.754395867486366
      ],
      [
       86.89288988320037,
       20.753582278978648
      ],
      [
       86.89221744389931,
       20.753581858667964
      ],
      [
       86.89202544668417,
       20.753401020241913
      ],
      [
       86.89077630792363,
       20.75385202590743
      ],
      [
       86.88923936701849,
       20.75376068350652
      ],
      [
       86.8881828084491,
       20.753579281564413
      ],
      [
       86.88751056975876,
       20.753307766099166
      ],
      [
       86.88722231505598,
       20.753397936185976
      ],
      [
       86.8865500114997,
       20.7532167758841
      ],
      [
       86.88357200478573,
       20.753305143644678
      ],
      [
       86.88107451984474,
       20.753122716076664
      ],
      [
       86.87992162804868,
       20.753302632500706
      ],
      [
       86.87924933376323,
       20.753121443687508
      ],
      [
       86.87857682468388,
       20.753211328915373
      ],
      [
       86.8782887818729,
       20.753030407337434
      ],
      [
       86.87732823116225,
       20.752939365624762
      ],
      [
       86.87550289961123,
       20.753118771227854
      ],
      [
       86.87502236483738,
       20.7533894993242
      ],
      [
       86.87252473800324,
       20.753387665319117
      ],
      [
       86.87156457018632,
       20.752844797085196
      ],
      [
       86.8701237912641,
       20.752662996751155
      ],
      [
       86.8682031757469,
       20.751938663614315
      ],
      [
       86.86714657672397,
       20.751847491393033
      ],
      [
       86.86637856042468,
       20.751304742612728
      ],
      [
       86.86599439512717,
       20.751214084663875
      ],
      [
       86.86522662632603,
       20.750400254131872
      ],
      [
       86.86513088612612,
       20.75003874331613
      ],
      [
       86.8648429457094,
       20.749767440384208
      ],
      [
       86.86484334711213,
       20.749315645998546
      ],
      [
       86.86436336955278,
       20.74895383223449
      ],
      [
       86.86436361123994,
       20.748682755585705
      ],
      [
       86.86397945378303,
       20.748592093149842
      ],
      [
       86.86398042322618,
       20.747507786475143
      ],
      [
       86.86369232772607,
       20.7474171993667
      ],
      [
       86.86359651199989,
       20.747146046499925
      ],
      [
       86.86244380896102,
       20.74714512818831
      ],
      [
       86.86205949270489,
       20.747235179258496
      ],
      [
       86.86167492953895,
       20.74759630612717
      ],
      [
       86.86100251748984,
       20.747595763858648
      ],
      [
       86.86042583273594,
       20.747956732479647
      ],
      [
       86.85975325253523,
       20.74813690306406
      ],
      [
       86.85946474106085,
       20.748498103236532
      ],
      [
       86.85869601388372,
       20.748768549971565
      ],
      [
       86.85850364256784,
       20.74903946854772
      ],
      [
       86.85763885103708,
       20.74930983142949
      ],
      [
       86.85696583681333,
       20.74994178525454
      ],
      [
       86.85571696689476,
       20.750031100614976
      ],
      [
       86.85542904338384,
       20.749759782012404
      ],
      [
       86.85494882851901,
       20.749669018621738
      ],
      [
       86.8547569670418,
       20.749397779911046
      ],
      [
       86.85456484709405,
       20.74939761750226
      ],
      [
       86.85427727305768,
       20.748764861600172
      ],
      [
       86.8536052908163,
       20.748312496151218
      ],
      [
       86.85322166391947,
       20.747679656625184
      ],
      [
       86.8527415444303,
       20.747498528243366
      ],
      [
       86.8526460107534,
       20.746956292824343
      ],
      [
       86.85235818621923,
       20.746594610190737
      ],
      [
       86.85226282992873,
       20.745871656782413
      ],
      [
       86.8517830693675,
       20.745329090253332
      ],
      [
       86.8517833334207,
       20.74505801363855
      ],
      [
       86.85149533813367,
       20.744877047264584
      ],
      [
       86.85130366542317,
       20.744425086868993
      ],
      [
       86.85082382424453,
       20.743972876501957
      ],
      [
       86.85043968692884,
       20.743882183883454
      ],
      [
       86.850343897053,
       20.743611023672347
      ],
      [
       86.84995993912719,
       20.743339612220108
      ],
      [
       86.84765459217513,
       20.743337585385742
      ],
      [
       86.84746229879126,
       20.743518132832207
      ],
      [
       86.84659761055899,
       20.743698081561945
      ],
      [
       86.84582861056786,
       20.744239547505614
      ],
      [
       86.84563649721214,
       20.74423937516075
      ],
      [
       86.84505951310594,
       20.744871368789134
      ],
      [
       86.84448298596915,
       20.74505156620463
      ],
      [
       86.84419444431953,
       20.745412740699262
      ],
      [
       86.84381002916945,
       20.745593109794342
      ],
      [
       86.84371369320922,
       20.74586409901171
      ],
      [
       86.84342552012872,
       20.745863836850244
      ],
      [
       86.84294476531795,
       20.74631519296558
      ],
      [
       86.84275264936795,
       20.746315017382194
      ],
      [
       86.84246400765487,
       20.74676654769482
      ],
      [
       86.84169544758882,
       20.746856200722
      ],
      [
       86.8416952595548,
       20.74703691834283
      ],
      [
       86.84054199026507,
       20.747578006020472
      ],
      [
       86.83948534391818,
       20.747577022833273
      ],
      [
       86.8393894759409,
       20.74739621554148
      ],
      [
       86.83862110267096,
       20.747305137202616
      ],
      [
       86.83833331099143,
       20.746943431313905
      ],
      [
       86.83814119429142,
       20.74694325057298
      ],
      [
       86.83794946255694,
       20.746581634434435
      ],
      [
       86.83794994374968,
       20.746129840434342
      ],
      [
       86.83698984945721,
       20.745677138473177
      ],
      [
       86.83699130147583,
       20.744321756323988
      ],
      [
       86.8367034223142,
       20.744050406464314
      ],
      [
       86.8366078509114,
       20.743598521119498
      ],
      [
       86.8358394985603,
       20.743507430448968
      ],
      [
       86.83555162299672,
       20.743236078659457
      ],
      [
       86.83478317503935,
       20.743235342101293
      ],
      [
       86.8343032886314,
       20.74287344473612
      ],
      [
       86.83324697232133,
       20.742601346980514
      ],
      [
       86.8330551585279,
       20.74233008413798
      ],
      [
       86.83267113558503,
       20.74214899308757
      ],
      [
       86.83257557732412,
       20.741697105491
      ],
      [
       86.83209590041227,
       20.741154484315754
      ],
      [
       86.83209619947296,
       20.740883407827752
      ],
      [
       86.83180853526977,
       20.74043133210211
      ],
      [
       86.83180913438719,
       20.739889179080034
      ],
      [
       86.83161712662125,
       20.739798632271057
      ],
      [
       86.83152147289664,
       20.739437102840807
      ],
      [
       86.8313311680596,
       20.737810455237454
      ],
      [
       86.83094816204367,
       20.736725771691862
      ],
      [
       86.83075625923206,
       20.736544865049936
      ],
      [
       86.83066151414032,
       20.735370105133512
      ],
      [
       86.83037436788668,
       20.73446623238166
      ],
      [
       86.8303752739338,
       20.733653002332527
      ],
      [
       86.83018327487004,
       20.733562453917603
      ],
      [
       86.83008793087077,
       20.73292984676849
      ],
      [
       86.82989593288896,
       20.73283929803278
      ],
      [
       86.82989643763037,
       20.732387503496394
      ],
      [
       86.82960869473024,
       20.73202578271466
      ],
      [
       86.82970585523788,
       20.731031929718114
      ],
      [
       86.82951487150643,
       20.730037791276608
      ],
      [
       86.82922733657219,
       20.72949535192347
      ],
      [
       86.82913199896232,
       20.728862743991254
      ],
      [
       86.82874852263626,
       20.728229849439128
      ],
      [
       86.8286536960567,
       20.72714544638603
      ],
      [
       86.8291345333365,
       20.726603770119006
      ],
      [
       86.82971100822778,
       20.726423623412515
      ],
      [
       86.82980725552441,
       20.7262430004842
      ],
      [
       86.83134437977178,
       20.72588307752346
      ],
      [
       86.83153676964515,
       20.725612188715274
      ],
      [
       86.83230512852928,
       20.725612939171768
      ],
      [
       86.83259356105046,
       20.725342142724248
      ],
      [
       86.83278644398536,
       20.724619457471245
      ],
      [
       86.83355608142773,
       20.723445535127514
      ],
      [
       86.83336557583752,
       20.721999604814396
      ],
      [
       86.83326973102913,
       20.721818793731632
      ],
      [
       86.83307764607974,
       20.721818607548357
      ],
      [
       86.83307843809413,
       20.721095735235
      ],
      [
       86.83336715711516,
       20.720553860136114
      ],
      [
       86.83250367605466,
       20.719739789708992
      ],
      [
       86.83250427204588,
       20.719197635364758
      ],
      [
       86.83212050700155,
       20.71883582487909
      ],
      [
       86.83183328275602,
       20.718022312052096
      ],
      [
       86.83183408051502,
       20.717299439466313
      ],
      [
       86.83154636120909,
       20.716937721455984
      ],
      [
       86.83135518241139,
       20.716124301646047
      ],
      [
       86.83068321146908,
       20.715852564505127
      ],
      [
       86.83068341225304,
       20.7156718463296
      ],
      [
       86.83029945914264,
       20.715490749907186
      ],
      [
       86.83029986161084,
       20.715129313544345
      ],
      [
       86.83001204923862,
       20.714857952026865
      ],
      [
       86.82972393502574,
       20.714857667309307
      ],
      [
       86.82972413693665,
       20.714676949121916
      ],
      [
       86.82934038984227,
       20.71431513237319
      ],
      [
       86.82838041960113,
       20.713952741340794
      ],
      [
       86.82770825930834,
       20.713861710813376
      ],
      [
       86.82761242628042,
       20.71368089649211
      ],
      [
       86.82684443572276,
       20.71340904822838
      ],
      [
       86.82684464103245,
       20.713228330037968
      ],
      [
       86.82588468366093,
       20.712865925134402
      ],
      [
       86.82559698684089,
       20.712504197153017
      ],
      [
       86.825597607171,
       20.711962042549462
      ],
      [
       86.82540563822299,
       20.71187148878924
      ],
      [
       86.82521408395313,
       20.71141949839416
      ],
      [
       86.8253109482498,
       20.710696722961682
      ],
      [
       86.82588870887624,
       20.70934191969509
      ],
      [
       86.82761825088008,
       20.708530426532636
      ],
      [
       86.82781072724916,
       20.70816918208348
      ],
      [
       86.82800442592146,
       20.706723627427134
      ],
      [
       86.82790869894829,
       20.706452453978294
      ],
      [
       86.82829384758223,
       20.70554924560811
      ],
      [
       86.82829517033734,
       20.704374576141426
      ],
      [
       86.82858397573652,
       20.70374234870737
      ],
      [
       86.82906453620193,
       20.70338138907177
      ],
      [
       86.82944865955604,
       20.703381769858105
      ],
      [
       86.8297370547369,
       20.703110977242034
      ],
      [
       86.83002514675094,
       20.70311126178369
      ],
      [
       86.8305057018362,
       20.702750298063098
      ],
      [
       86.8311781150392,
       20.70257023977837
      ],
      [
       86.83137047545787,
       20.702299350222635
      ],
      [
       86.83175469581825,
       20.70220936661325
      ],
      [
       86.8323315719004,
       20.70157741375593
      ],
      [
       86.83290804721109,
       20.70130689589388
      ],
      [
       86.83290834420089,
       20.701035818140564
      ],
      [
       86.833292955558,
       20.700584394031075
      ],
      [
       86.83329611578579,
       20.6976928972569
      ],
      [
       86.83368052045843,
       20.697422190631226
      ],
      [
       86.83368071749645,
       20.697241472041405
      ],
      [
       86.83396879848252,
       20.697241749911743
      ],
      [
       86.83444932571939,
       20.696880774753442
      ],
      [
       86.83637005509568,
       20.696701890899078
      ],
      [
       86.83723477717578,
       20.69625091295347
      ],
      [
       86.83742837059866,
       20.694805344989952
      ],
      [
       86.83714096934831,
       20.694172557551862
      ],
      [
       86.83694891919014,
       20.694172375920413
      ],
      [
       86.836949112323,
       20.693991657232697
      ],
      [
       86.83656539963721,
       20.693629855951208
      ],
      [
       86.83656607716372,
       20.69299734049996
      ],
      [
       86.8370470673655,
       20.69218456098013
      ],
      [
       86.8384881899934,
       20.69146304205831
      ],
      [
       86.83916044891522,
       20.691373311366824
      ],
      [
       86.83954473225988,
       20.691192950669897
      ],
      [
       86.83973706339316,
       20.69092205121945
      ],
      [
       86.83992910948682,
       20.690922229716474
      ],
      [
       86.84012143959612,
       20.690651329821804
      ],
      [
       86.84079378829684,
       20.690471233322228
      ],
      [
       86.84098621045985,
       20.690109973031635
      ],
      [
       86.84127427808568,
       20.69011023859882
      ],
      [
       86.8412744660549,
       20.68992951978747
      ],
      [
       86.84185078792284,
       20.68974933065203
      ],
      [
       86.84242766823232,
       20.68902698306697
      ],
      [
       86.84338788692195,
       20.689027858342826
      ],
      [
       86.84367623020957,
       20.68875704159847
      ],
      [
       86.84406040935168,
       20.688667030132333
      ],
      [
       86.84588482074345,
       20.68866867127034
      ],
      [
       86.84626908941537,
       20.688488295427376
      ],
      [
       86.8488619397626,
       20.688219510181096
      ],
      [
       86.8492462038279,
       20.688039127661714
      ],
      [
       86.84953462399163,
       20.68767794154288
      ],
      [
       86.84991870819496,
       20.68767827643521
      ],
      [
       86.85001508443642,
       20.687316922146852
      ],
      [
       86.85039943344464,
       20.687046177539916
      ],
      [
       86.85068802578928,
       20.68650427045801
      ],
      [
       86.85088006642339,
       20.68650443671697
      ],
      [
       86.85088033126283,
       20.686233358262477
      ],
      [
       86.85107237155778,
       20.686233524305095
      ],
      [
       86.85126467600767,
       20.685962611665982
      ],
      [
       86.8518407958863,
       20.68596310786101
      ],
      [
       86.8520325730608,
       20.686234351308613
      ],
      [
       86.85164822897875,
       20.686505099613075
      ],
      [
       86.8512642357502,
       20.686414409107506
      ],
      [
       86.85107184255676,
       20.686775681210296
      ],
      [
       86.85126388353572,
       20.686775847043677
      ],
      [
       86.85135972802955,
       20.68695664884332
      ],
      [
       86.8517439859914,
       20.686776260690976
      ],
      [
       86.85183965562624,
       20.68713778119042
      ],
      [
       86.85241577995568,
       20.687138275490323
      ],
      [
       86.85260799592284,
       20.68695772085939
      ],
      [
       86.85279986285134,
       20.687138603953688
      ],
      [
       86.85289544812031,
       20.68759048334909
      ],
      [
       86.853183424229,
       20.687681088461257
      ],
      [
       86.85337494550548,
       20.68822340881939
      ],
      [
       86.85356690162813,
       20.68831393157339
      ],
      [
       86.85356664153153,
       20.688585009995446
      ],
      [
       86.85375877139441,
       20.6884948135888
      ],
      [
       86.85395055514265,
       20.68876605486226
      ],
      [
       86.85491068679825,
       20.6888572254017
      ],
      [
       86.8550065369164,
       20.689038025163423
      ],
      [
       86.8554864754384,
       20.689219147376605
      ],
      [
       86.85634965318368,
       20.690304183545244
      ],
      [
       86.85654101906697,
       20.69102721922577
      ],
      [
       86.85673298060698,
       20.691117738455773
      ],
      [
       86.85673264125855,
       20.691479176283202
      ],
      [
       86.85721216674088,
       20.69211209095807
      ],
      [
       86.85740345448117,
       20.69292548500935
      ],
      [
       86.8576912748085,
       20.693196801490902
      ],
      [
       86.85807528899215,
       20.693287477728084
      ],
      [
       86.85826708641208,
       20.6935587141274
      ],
      [
       86.8595154086923,
       20.69355973642747
      ],
      [
       86.85961126720048,
       20.693740533578367
      ],
      [
       86.85999536683556,
       20.693740846101704
      ],
      [
       86.8600912260266,
       20.693921642985703
      ],
      [
       86.86028327607517,
       20.693921798820746
      ],
      [
       86.86037905303039,
       20.69419295498465
      ],
      [
       86.86085926142083,
       20.69410298393061
      ],
      [
       86.86095553360691,
       20.69383198311137
      ],
      [
       86.86143574053021,
       20.69374201043852
      ],
      [
       86.86153135541157,
       20.6941938848708
      ],
      [
       86.86172348770877,
       20.69410367965619
      ],
      [
       86.86172324202494,
       20.694374757992634
      ],
      [
       86.8621074249588,
       20.69428470637101
      ],
      [
       86.86220361343968,
       20.694104064297385
      ],
      [
       86.86229947548082,
       20.694284859961375
      ],
      [
       86.86268357653015,
       20.694285166499917
      ],
      [
       86.86268333254982,
       20.694556244841635
      ],
      [
       86.86297132769619,
       20.694646833633342
      ],
      [
       86.86421973954641,
       20.69455746245074
      ],
      [
       86.86518031336702,
       20.694196778670968
      ],
      [
       86.86642864123131,
       20.69419775091498
      ],
      [
       86.86681250548443,
       20.69446912663828
      ],
      [
       86.86729263246673,
       20.694469497105093
      ],
      [
       86.86748452629492,
       20.69465036384461
      ],
      [
       86.8682528084342,
       20.694560593492003
      ],
      [
       86.86834867794816,
       20.694741385821818
      ],
      [
       86.86882865043934,
       20.694922470944086
      ],
      [
       86.86902039151177,
       20.695284054901588
      ],
      [
       86.86921244334641,
       20.695284200793377
      ],
      [
       86.86930823704272,
       20.695555352042984
      ],
      [
       86.86969218703962,
       20.69573636189511
      ],
      [
       86.86969195549425,
       20.696007440269042
      ],
      [
       86.86997957254248,
       20.69654981463935
      ],
      [
       86.87017154907721,
       20.69664031892254
      ],
      [
       86.87036291152708,
       20.697453698572893
      ],
      [
       86.87074686755395,
       20.697634706066793
      ],
      [
       86.87103449139694,
       20.698177078609767
      ],
      [
       86.8719943897337,
       20.69862959199651
      ],
      [
       86.87228247383813,
       20.69862980581434
      ],
      [
       86.87228232252033,
       20.698810524689094
      ],
      [
       86.87266635968838,
       20.69890116847015
      ],
      [
       86.87333803190461,
       20.699534180064372
      ],
      [
       86.87372207153334,
       20.699624821497046
      ],
      [
       86.87477757085077,
       20.700619546327886
      ],
      [
       86.87592955491584,
       20.701072177307303
      ],
      [
       86.87612132051201,
       20.701433753231285
      ],
      [
       86.87650514710128,
       20.701795466735412
      ],
      [
       86.87698515155662,
       20.701976529150016
      ],
      [
       86.87698500578476,
       20.702157247987223
      ],
      [
       86.87727287845894,
       20.7024285317445
      ],
      [
       86.87794494694955,
       20.702609728224864
      ],
      [
       86.87794480231021,
       20.702790447055307
      ],
      [
       86.87823267788974,
       20.703061729203064
      ],
      [
       86.87880871936409,
       20.703242854402642
      ],
      [
       86.8799604507988,
       20.704056896081706
      ],
      [
       86.8808245222825,
       20.70432857450355
      ],
      [
       86.88159242470616,
       20.704780901415784
      ],
      [
       86.88188052053458,
       20.70478109923927
      ],
      [
       86.88216833706456,
       20.705142734202955
      ],
      [
       86.8825523961573,
       20.70523335598483
      ],
      [
       86.88284021513469,
       20.705594989818508
      ],
      [
       86.88303228005398,
       20.705595120367786
      ],
      [
       86.88389602176771,
       20.70631858039445
      ],
      [
       86.88389588415367,
       20.706499299186348
      ],
      [
       86.88418377734108,
       20.706770571355616
      ],
      [
       86.88437508996496,
       20.707764653686848
      ],
      [
       86.88437419907034,
       20.708939325589284
      ],
      [
       86.88418164939391,
       20.70957171208576
      ],
      [
       86.88427754717763,
       20.709752495377142
      ],
      [
       86.88456578927186,
       20.709571970025433
      ],
      [
       86.88456599453461,
       20.709300891926386
      ],
      [
       86.88485409893462,
       20.709301084816026
      ],
      [
       86.8848542354331,
       20.709120366076746
      ],
      [
       86.88504637294209,
       20.70903013502917
      ],
      [
       86.88533515645611,
       20.708126733334762
      ],
      [
       86.88533583604051,
       20.707223139462066
      ],
      [
       86.88514431360663,
       20.70650013631058
      ],
      [
       86.88495224753294,
       20.706500008111284
      ],
      [
       86.884760522932,
       20.706048082697148
      ],
      [
       86.8837048518662,
       20.7051437785724
      ],
      [
       86.8836090955757,
       20.70478227606017
      ],
      [
       86.88341710076104,
       20.70469178674708
      ],
      [
       86.88341758434382,
       20.704059270837003
      ],
      [
       86.88322559055196,
       20.70396878130772
      ],
      [
       86.88322579813646,
       20.70369770304535
      ],
      [
       86.88360978526829,
       20.70387868189201
      ],
      [
       86.88370595446978,
       20.703698027913568
      ],
      [
       86.88389801700568,
       20.703698157486055
      ],
      [
       86.88389815459688,
       20.70351743863542
      ],
      [
       86.88437837888459,
       20.703427402198315
      ],
      [
       86.88466633550459,
       20.70360831420704
      ],
      [
       86.88466613048182,
       20.703879392486108
      ],
      [
       86.88485819325268,
       20.703879520988988
      ],
      [
       86.88485805679662,
       20.704060239838174
      ],
      [
       86.885242114797,
       20.704150855628246
      ],
      [
       86.8851458110041,
       20.70451222930372
      ],
      [
       86.88533787457527,
       20.70451235727543
      ],
      [
       86.88533801046594,
       20.704331638432663
      ],
      [
       86.885722001722,
       20.70451261257632
      ],
      [
       86.88562461436253,
       20.7063197370688
      ],
      [
       86.88581661254509,
       20.706410223919715
      ],
      [
       86.88581634186704,
       20.70677166152034
      ],
      [
       86.88600840828877,
       20.70677178875755
      ],
      [
       86.88610423900009,
       20.707042930489077
      ],
      [
       86.88629509274548,
       20.708669526398033
      ],
      [
       86.88619872108274,
       20.709121259846533
      ],
      [
       86.88581437927783,
       20.709392083671496
      ],
      [
       86.88571814120225,
       20.709663098070955
      ],
      [
       86.88581383782024,
       20.710114958607427
      ],
      [
       86.88542962864561,
       20.710205062807027
      ],
      [
       86.8854290174255,
       20.711018297018008
      ],
      [
       86.88562095359184,
       20.711199143416486
      ],
      [
       86.88523660550884,
       20.711469965857276
      ],
      [
       86.88523640141521,
       20.711741043894506
      ],
      [
       86.88485211954242,
       20.711921506109515
      ],
      [
       86.88475587813814,
       20.71219251987611
      ],
      [
       86.8845638048952,
       20.712192391209886
      ],
      [
       86.88456394175864,
       20.7120116725331
      ],
      [
       86.88418000170822,
       20.711740336541705
      ],
      [
       86.8841797957326,
       20.712011414560312
      ],
      [
       86.88379571859909,
       20.711920796393123
      ],
      [
       86.88379558082546,
       20.712101515066895
      ],
      [
       86.88321915377675,
       20.71237220321132
      ],
      [
       86.88321949992151,
       20.711920406543268
      ],
      [
       86.88350795454018,
       20.711468805012856
      ],
      [
       86.88350816170465,
       20.711197726983652
      ],
      [
       86.88398868550698,
       20.710746254434646
      ],
      [
       86.8839889605752,
       20.710384817023993
      ],
      [
       86.88379702737485,
       20.710203968803246
      ],
      [
       86.88350892127929,
       20.71020377413694
      ],
      [
       86.88350878317814,
       20.710384492844874
      ],
      [
       86.88302853645459,
       20.710474526677732
      ],
      [
       86.88283625703714,
       20.71074547414037
      ],
      [
       86.88245211422574,
       20.710745212328302
      ],
      [
       86.8815872313823,
       20.711467494831446
      ],
      [
       86.88110690965826,
       20.711647882604147
      ],
      [
       86.88091455475083,
       20.712009187188396
      ],
      [
       86.88053019631239,
       20.712279999048192
      ],
      [
       86.88004994189683,
       20.712370024516158
      ],
      [
       86.87995376284773,
       20.7125506762237
      ],
      [
       86.87956961552723,
       20.71255040795871
      ],
      [
       86.87937739885264,
       20.71273099213643
      ],
      [
       86.87899325108587,
       20.712730722583267
      ],
      [
       86.87822445021807,
       20.713362696059527
      ],
      [
       86.87774419106154,
       20.713452715061067
      ],
      [
       86.87774397362078,
       20.713723792962213
      ],
      [
       86.87735960524766,
       20.713994597640912
      ],
      [
       86.87716709283683,
       20.714536616460475
      ],
      [
       86.87697494375298,
       20.714626838601244
      ],
      [
       86.87697457904696,
       20.715078635023808
      ],
      [
       86.87870398969991,
       20.714176268736477
      ],
      [
       86.87976054865472,
       20.71399629116556
      ],
      [
       86.87995255296502,
       20.71408678450415
      ],
      [
       86.87985608778106,
       20.714628873309213
      ],
      [
       86.88004787958623,
       20.71499044442325
      ],
      [
       86.88023988531812,
       20.71508093743794
      ],
      [
       86.88033563994456,
       20.71544244138448
      ],
      [
       86.88062361434889,
       20.715623359987614
      ],
      [
       86.88100713443808,
       20.716436859509606
      ],
      [
       86.88129504113199,
       20.7167081362616
      ],
      [
       86.8823513356432,
       20.716889580044285
      ],
      [
       86.88379192928667,
       20.71689055854032
      ],
      [
       86.8847527351122,
       20.71634904842394
      ],
      [
       86.88504085283687,
       20.71634924106364
      ],
      [
       86.88513709639938,
       20.716078227278423
      ],
      [
       86.88532917454337,
       20.71607835532802
      ],
      [
       86.88542555328816,
       20.715626622763445
      ],
      [
       86.88580991155877,
       20.715355800078925
      ],
      [
       86.8858100469674,
       20.71517508146057
      ],
      [
       86.88619420098931,
       20.715175335833216
      ],
      [
       86.886482518424,
       20.71490444810919
      ],
      [
       86.88677063343499,
       20.714904637841272
      ],
      [
       86.88696297818622,
       20.714543326787545
      ],
      [
       86.88715505440793,
       20.71454345279104
      ],
      [
       86.88734733100063,
       20.714272500611266
      ],
      [
       86.88792355865372,
       20.714272876687772
      ],
      [
       86.88801979576779,
       20.714001861195925
      ],
      [
       86.88897984440757,
       20.714454279809416
      ],
      [
       86.89090054101477,
       20.714545867027898
      ],
      [
       86.89166813949548,
       20.71554030480926
      ],
      [
       86.89176315140652,
       20.716986114288385
      ],
      [
       86.89157087919153,
       20.717257071334704
      ],
      [
       86.89157049341306,
       20.717799227153822
      ],
      [
       86.89185822918104,
       20.71834156418541
      ],
      [
       86.89214622282671,
       20.718522463540612
      ],
      [
       86.89214590303001,
       20.718974260001158
      ],
      [
       86.8924338982117,
       20.71915515886854
      ],
      [
       86.89243370684012,
       20.719426236730374
      ],
      [
       86.89272170321756,
       20.719607135112007
      ],
      [
       86.89272157597517,
       20.719787853679733
      ],
      [
       86.89320159314008,
       20.720059230145928
      ],
      [
       86.89358525468074,
       20.720782342309363
      ],
      [
       86.89406521369138,
       20.721144075629066
      ],
      [
       86.89425654567201,
       20.7222285049551
      ],
      [
       86.89464053011032,
       20.722499818341475
      ],
      [
       86.89492828562692,
       20.7230421500312
      ],
      [
       86.89512037261338,
       20.723042267193968
      ],
      [
       86.89550405072589,
       20.723765374901415
      ],
      [
       86.89598414708357,
       20.723946384309066
      ],
      [
       86.89607975963939,
       20.724578957050937
      ],
      [
       86.89579174987695,
       20.72439806433505
      ],
      [
       86.89559959924681,
       20.724488307156847
      ],
      [
       86.89588748542936,
       20.72484991867221
      ],
      [
       86.89579131715834,
       20.72503057901657
      ],
      [
       86.89598322154357,
       20.72530177293482
      ],
      [
       86.89550299694345,
       20.725301482003232
      ],
      [
       86.89550287296275,
       20.72548220046778
      ],
      [
       86.89521467570303,
       20.725572384493947
      ],
      [
       86.89483074490592,
       20.72521071321593
      ],
      [
       86.89444656546904,
       20.725210478006044
      ],
      [
       86.89406219750303,
       20.725481319624198
      ],
      [
       86.89358197236658,
       20.7254810233295
      ],
      [
       86.89329402719065,
       20.725209767230513
      ],
      [
       86.89281380292238,
       20.725209468795928
      ],
      [
       86.89242949588737,
       20.725389947531863
      ],
      [
       86.89242904918387,
       20.726022462071583
      ],
      [
       86.8926209488054,
       20.726293659687542
      ],
      [
       86.8930050040006,
       20.726474617413984
      ],
      [
       86.89348523226072,
       20.726474915332357
      ],
      [
       86.89367713433477,
       20.726746111766953
      ],
      [
       86.89396527180973,
       20.726746289555592
      ],
      [
       86.89415723787461,
       20.726927126239726
      ],
      [
       86.89454092110063,
       20.72765023579076
      ],
      [
       86.89454073339365,
       20.72792131340385
      ],
      [
       86.8947327640752,
       20.72801179022858
      ],
      [
       86.8948282490979,
       20.72882508174635
      ],
      [
       86.89511632828578,
       20.728915616819013
      ],
      [
       86.89511601712535,
       20.729367412778064
      ],
      [
       86.89492385981477,
       20.72945765476474
      ],
      [
       86.89482731303208,
       20.730180469554075
      ],
      [
       86.89530724239243,
       20.73063255833233
      ],
      [
       86.89569143551763,
       20.730632791679025
      ],
      [
       86.8961713688742,
       20.73108487804015
      ],
      [
       86.89617124564894,
       20.731265596387182
      ],
      [
       86.8965555631512,
       20.73108510946209
      ],
      [
       86.89741993942211,
       20.73117598620227
      ],
      [
       86.89742018290623,
       20.730814549486396
      ],
      [
       86.89770844951146,
       20.730634002674424
      ],
      [
       86.89770869230385,
       20.730272565932523
      ],
      [
       86.89790084900957,
       20.730182320841653
      ],
      [
       86.8980933078284,
       20.729640279570667
      ],
      [
       86.89809385202022,
       20.728827046776424
      ],
      [
       86.8982860066717,
       20.728736801231715
      ],
      [
       86.89819038241887,
       20.728104229971663
      ],
      [
       86.89790230291153,
       20.728013700035834
      ],
      [
       86.8979985916194,
       20.727652320142248
      ],
      [
       86.89780649880166,
       20.727652206167665
      ],
      [
       86.89780668069334,
       20.727381128517962
      ],
      [
       86.89799889420074,
       20.727200524051955
      ],
      [
       86.89838313898781,
       20.72711039213042
      ],
      [
       86.89867103672745,
       20.727471998927523
      ],
      [
       86.89972760550982,
       20.727382258597917
      ],
      [
       86.89982353288653,
       20.72756303298437
      ],
      [
       86.90030370553276,
       20.72765367111099
      ],
      [
       86.90145667181007,
       20.72702182041565
      ],
      [
       86.90347369560283,
       20.726932604397327
      ],
      [
       86.90405014220879,
       20.726661848964007
      ],
      [
       86.90549088534483,
       20.726572286988446
      ],
      [
       86.90558704311765,
       20.726391621213597
      ],
      [
       86.90577913439044,
       20.726391726496416
      ],
      [
       86.90616376228434,
       20.725669062380184
      ],
      [
       86.90693212375038,
       20.725669479635958
      ],
      [
       86.90741267922814,
       20.725127583090643
      ],
      [
       86.90770081376164,
       20.725127737868615
      ],
      [
       86.90818131032948,
       20.72467619840063
      ],
      [
       86.90827724607018,
       20.724856968163873
      ],
      [
       86.90866142477559,
       20.7248571724947
      ],
      [
       86.90856548857792,
       20.72467640294392
      ],
      [
       86.90904571139501,
       20.724676657417003
      ],
      [
       86.90904560348562,
       20.724857375967893
      ],
      [
       86.90942983592723,
       20.72476721930752
      ],
      [
       86.90981374692052,
       20.72521921743949
      ],
      [
       86.91058215924038,
       20.725129259115096
      ],
      [
       86.910678098119,
       20.725310027542008
      ],
      [
       86.91087018805524,
       20.725310127136897
      ],
      [
       86.91115816485157,
       20.72558135394795
      ],
      [
       86.91173365023704,
       20.726937039482348
      ],
      [
       86.91221377606026,
       20.727118003659506
      ],
      [
       86.91278974229232,
       20.72766045222585
      ],
      [
       86.91326997457317,
       20.727660694944696
      ],
      [
       86.91365405794481,
       20.727841606665674
      ],
      [
       86.91403804022725,
       20.728203236033874
      ],
      [
       86.91422982849414,
       20.72874548738645
      ],
      [
       86.91442111032909,
       20.73019133085989
      ],
      [
       86.9143243505225,
       20.731456312207385
      ],
      [
       86.91461214238561,
       20.73208896996344
      ],
      [
       86.91461183834772,
       20.73263112521953
      ],
      [
       86.91489968411312,
       20.73317342321923
      ],
      [
       86.9148035330518,
       20.733354094080912
      ],
      [
       86.91499548181092,
       20.733625266701296
      ],
      [
       86.91499528001371,
       20.73398670348161
      ],
      [
       86.91518733058106,
       20.734077157488603
      ],
      [
       86.91518667618901,
       20.735251826913334
      ],
      [
       86.91547462926387,
       20.735613405457826
      ],
      [
       86.91547392686248,
       20.73687843384611
      ],
      [
       86.91528142000078,
       20.73760121261735
      ],
      [
       86.91547342511497,
       20.737782025438197
      ],
      [
       86.91566487998055,
       20.73895678866828
      ],
      [
       86.91556867602277,
       20.739227818966807
      ],
      [
       86.9159526415845,
       20.7396798028349
      ],
      [
       86.91595239209809,
       20.740131598501346
      ],
      [
       86.91643246530373,
       20.740493269048436
      ],
      [
       86.91643211800007,
       20.74112578292283
      ],
      [
       86.91614355481882,
       20.74184851559755
      ],
      [
       86.91604690123265,
       20.742932778023423
      ],
      [
       86.91623876475298,
       20.743384667200488
      ],
      [
       86.91643082790114,
       20.74347511976355
      ],
      [
       86.9165263886746,
       20.744378757340137
      ],
      [
       86.91691051804919,
       20.744559661597897
      ],
      [
       86.91719873860505,
       20.74446944150998
      ],
      [
       86.91681411513075,
       20.745192128739
      ],
      [
       86.91690987659877,
       20.74573432964407
      ],
      [
       86.91710199233928,
       20.745734422370024
      ],
      [
       86.91719795186357,
       20.74591518680054
      ],
      [
       86.91719775516768,
       20.746276623085226
      ],
      [
       86.91748588080453,
       20.746367120684116
      ],
      [
       86.91796568496538,
       20.747270941147637
      ],
      [
       86.91825391004433,
       20.74718071933464
      ],
      [
       86.9183501143073,
       20.746909687785195
      ],
      [
       86.91863829015507,
       20.746909824387327
      ],
      [
       86.9189263215556,
       20.74718103770184
      ],
      [
       86.91931055671058,
       20.74718121844533
      ],
      [
       86.92007883716825,
       20.747543013613836
      ],
      [
       86.92103942737592,
       20.74754345743128
      ],
      [
       86.92190368028372,
       20.74808600666011
      ],
      [
       86.92248003648767,
       20.748086267484094
      ],
      [
       86.92315231514162,
       20.74835764652285
      ],
      [
       86.92459320828311,
       20.748358284504214
      ],
      [
       86.92516943221852,
       20.748629613505774
      ],
      [
       86.9255534942169,
       20.748991216552454
      ],
      [
       86.92584132167057,
       20.74971421353968
      ],
      [
       86.92622551946535,
       20.749804737901933
      ],
      [
       86.9262254318224,
       20.749985456003593
      ],
      [
       86.92641755297412,
       20.74998553833773
      ],
      [
       86.92680162136107,
       20.750347138558546
      ],
      [
       86.92728188219519,
       20.75043770143278
      ],
      [
       86.9273776842257,
       20.750979896304948
      ],
      [
       86.92756984966364,
       20.75088961831255
      ],
      [
       86.92766569596975,
       20.75134145396156
      ],
      [
       86.92901047174138,
       20.751522732641206
      ],
      [
       86.9293945501805,
       20.75188432703418
      ],
      [
       86.92958621360775,
       20.752878355179387
      ],
      [
       86.92939383710915,
       20.75342043051355
      ],
      [
       86.9298741508703,
       20.75342062712581
      ],
      [
       86.92939320787468,
       20.754775815708715
      ],
      [
       86.92939270445076,
       20.75586012371107
      ],
      [
       86.9292005337982,
       20.755950403673918
      ],
      [
       86.92920044966229,
       20.756131121658367
      ],
      [
       86.92891225627285,
       20.75613100270779
      ],
      [
       86.92891217179356,
       20.756311720687325
      ],
      [
       86.92843180638614,
       20.756401880348072
      ],
      [
       86.92775909640676,
       20.756943752930848
      ],
      [
       86.92737487966802,
       20.75685323201479
      ],
      [
       86.9271823604091,
       20.75766638150351
      ],
      [
       86.92593346583745,
       20.757756206828883
      ],
      [
       86.92468439079722,
       20.758207458922758
      ],
      [
       86.92333947010387,
       20.758206864293026
      ],
      [
       86.92314724723995,
       20.75838749639911
      ],
      [
       86.92141806151537,
       20.758386714470287
      ],
      [
       86.9212258361485,
       20.75856734441564
      ],
      [
       86.91949669629884,
       20.758476184202664
      ],
      [
       86.91892005984768,
       20.758927707962105
      ],
      [
       86.91863186122697,
       20.75892757175701
      ],
      [
       86.91815104378011,
       20.759830933012797
      ],
      [
       86.91795891022836,
       20.759830841399584
      ],
      [
       86.9177665811899,
       20.760192185276797
      ],
      [
       86.91728624617588,
       20.760191954762632
      ]
     ],
     [
      [
       86.87801428632274,
       20.7359523564022
      ],
      [
       86.87811026555342,
       20.736042783556105
      ],
      [
       86.87811033790193,
       20.735952424489597
      ],
      [
       86.87801428632274,
       20.7359523564022
      ]
     ],
     [
      [
       86.87887968511563,
       20.73477829927357
      ],
      [
       86.87907157147772,
       20.735049511664332
      ],
      [
       86.87907178679906,
       20.734778434421
      ],
      [
       86.87887968511563,
       20.73477829927357
      ]
     ],
     [
      [
       86.87378921579716,
       20.734503562503832
      ],
      [
       86.87388519159623,
       20.73459399201294
      ],
      [
       86.87388526644686,
       20.734503632945724
      ],
      [
       86.87378921579716,
       20.734503562503832
      ]
     ],
     [
      [
       86.87340516347253,
       20.734322562066044
      ],
      [
       86.8737893656112,
       20.734322844367217
      ],
      [
       86.87340538887464,
       20.73405148485803
      ],
      [
       86.87340516347253,
       20.734322562066044
      ]
     ],
     [
      [
       86.8654330504419,
       20.734226151652482
      ],
      [
       86.86677775667765,
       20.7342271982636
      ],
      [
       86.86677815201055,
       20.733775403026257
      ],
      [
       86.86572167993164,
       20.73368422254691
      ],
      [
       86.86562547033103,
       20.73386486564095
      ],
      [
       86.86524118949517,
       20.733954924156066
      ],
      [
       86.8654330504419,
       20.734226151652482
      ]
     ],
     [
      [
       86.87907214566029,
       20.73432663899647
      ],
      [
       86.8792644617453,
       20.734055696658164
      ],
      [
       86.87926510663485,
       20.733242464802867
      ],
      [
       86.87897753159234,
       20.73251938952233
      ],
      [
       86.87907379629823,
       20.7322483797382
      ],
      [
       86.87859455869943,
       20.730983013914592
      ],
      [
       86.87859542317621,
       20.729898704397094
      ],
      [
       86.87888406952024,
       20.729266393513342
      ],
      [
       86.87907752742619,
       20.727549704782945
      ],
      [
       86.8787899638756,
       20.726826628768443
      ],
      [
       86.87840780029693,
       20.72429630077208
      ],
      [
       86.87812010139619,
       20.72375394180353
      ],
      [
       86.8781208243373,
       20.72285034980588
      ],
      [
       86.87773701367222,
       20.72239828129432
      ],
      [
       86.87764155123101,
       20.721675339349673
      ],
      [
       86.87744968414088,
       20.721404125039562
      ],
      [
       86.87735415092158,
       20.72077154208626
      ],
      [
       86.8771622126221,
       20.72059068666103
      ],
      [
       86.87716250402735,
       20.720229249753583
      ],
      [
       86.8769705666361,
       20.720048394107817
      ],
      [
       86.87687525527764,
       20.719144733090104
      ],
      [
       86.87668346584694,
       20.71878315862717
      ],
      [
       86.87668514771174,
       20.71670489580362
      ],
      [
       86.87678169858107,
       20.71607244969805
      ],
      [
       86.87707025302925,
       20.715530500026333
      ],
      [
       86.87707054457489,
       20.715169062907833
      ],
      [
       86.87678250222143,
       20.715078497659018
      ],
      [
       86.8764940940754,
       20.715439728324473
      ],
      [
       86.87649380115843,
       20.715801165423763
      ],
      [
       86.8761089845585,
       20.71661412280403
      ],
      [
       86.87620458350294,
       20.717156347457205
      ],
      [
       86.87601213645605,
       20.7176080054936
      ],
      [
       86.87610744178362,
       20.71851166711971
      ],
      [
       86.87591491912904,
       20.719053684203633
      ],
      [
       86.8760105188632,
       20.71959590881532
      ],
      [
       86.87629834919021,
       20.719957553039404
      ],
      [
       86.87629790901123,
       20.7204997083943
      ],
      [
       86.87610553144097,
       20.720861007121766
      ],
      [
       86.87629680850193,
       20.721855096632215
      ],
      [
       86.87620047210835,
       20.72221646440309
      ],
      [
       86.87572033128005,
       20.722125759112988
      ],
      [
       86.87572011013867,
       20.72239683672052
      ],
      [
       86.87629519426174,
       20.723842998995256
      ],
      [
       86.87744699453988,
       20.724747415434635
      ],
      [
       86.8781183661796,
       20.725922562211
      ],
      [
       86.87830872398182,
       20.72809131802995
      ],
      [
       86.87782653362798,
       20.730530674398317
      ],
      [
       86.87801805087587,
       20.731253683653406
      ],
      [
       86.87801739939358,
       20.73206691565886
      ],
      [
       86.87830525790486,
       20.73242855614457
      ],
      [
       86.87868859141328,
       20.73351313668117
      ],
      [
       86.87897652606625,
       20.73378441691236
      ],
      [
       86.87907214566029,
       20.73432663899647
      ]
     ],
     [
      [
       86.87302141350904,
       20.73378012449032
      ],
      [
       86.87311738839601,
       20.733870554430673
      ],
      [
       86.87311746369946,
       20.733780195358545
      ],
      [
       86.87302141350904,
       20.73378012449032
      ]
     ],
     [
      [
       86.86735461044447,
       20.73359513023982
      ],
      [
       86.86745058183071,
       20.733685563325047
      ],
      [
       86.86745066049656,
       20.733595204271317
      ],
      [
       86.86735461044447,
       20.73359513023982
      ]
     ],
     [
      [
       86.8728294640771,
       20.733599264447907
      ],
      [
       86.87292543873606,
       20.733689694496064
      ],
      [
       86.87292551415271,
       20.733599335422713
      ],
      [
       86.8728294640771,
       20.733599264447907
      ]
     ],
     [
      [
       86.87158104177267,
       20.733327259683918
      ],
      [
       86.87206129127338,
       20.733327617502297
      ],
      [
       86.87215749291644,
       20.73314697075527
      ],
      [
       86.87167739629382,
       20.73296589505818
      ],
      [
       86.87110109827204,
       20.732965464236432
      ],
      [
       86.87148522068274,
       20.733056110740343
      ],
      [
       86.87158104177267,
       20.733327259683918
      ]
     ],
     [
      [
       86.89146975444655,
       20.72439539301074
      ],
      [
       86.89166184311773,
       20.72439551404108
      ],
      [
       86.89166190738317,
       20.724305154809187
      ],
      [
       86.89146988320498,
       20.724214674547152
      ],
      [
       86.89146975444655,
       20.72439539301074
      ]
     ],
     [
      [
       86.89579181169256,
       20.72430770509104
      ],
      [
       86.89588779422755,
       20.724398122465004
      ],
      [
       86.8958878559862,
       20.724307763220715
      ],
      [
       86.89579181169256,
       20.72430770509104
      ]
     ],
     [
      [
       86.89070243709666,
       20.72294915896745
      ],
      [
       86.89118265420575,
       20.722949463262182
      ],
      [
       86.89127882660388,
       20.72276880546756
      ],
      [
       86.89137570747816,
       20.72159419581233
      ],
      [
       86.89099166651204,
       20.721413234410324
      ],
      [
       86.89051145424845,
       20.72141292960425
      ],
      [
       86.89031897902878,
       20.721954962841583
      ],
      [
       86.89031852364347,
       20.722587477589162
      ],
      [
       86.89070243709666,
       20.72294915896745
      ]
     ],
     [
      [
       86.86909811105659,
       20.716608934534904
      ],
      [
       86.86919399528117,
       20.71678972601156
      ],
      [
       86.86919415040492,
       20.716609007535904
      ],
      [
       86.86909811105659,
       20.716608934534904
      ]
     ],
     [
      [
       86.86919415040492,
       20.716609007535904
      ],
      [
       86.86967419259858,
       20.716790090216335
      ],
      [
       86.86977038650372,
       20.716609444416754
      ],
      [
       86.87025058326407,
       20.71660980701072
      ],
      [
       86.87015477488535,
       20.716338656868135
      ],
      [
       86.86986665734165,
       20.716338439314853
      ],
      [
       86.8698665030176,
       20.716519157801034
      ],
      [
       86.8692904222654,
       20.7163380027617
      ],
      [
       86.86919415040492,
       20.716609007535904
      ]
     ],
     [
      [
       86.86544949371056,
       20.715612169262542
      ],
      [
       86.86602580538843,
       20.715522259419124
      ],
      [
       86.86602596425877,
       20.7153415409401
      ],
      [
       86.86621804133453,
       20.715341690307586
      ],
      [
       86.86621819997539,
       20.715160971823348
      ],
      [
       86.86660259095133,
       20.714890192174877
      ],
      [
       86.86698800573319,
       20.713444741301537
      ],
      [
       86.86718259997261,
       20.710553392629887
      ],
      [
       86.86689480899543,
       20.71019173297847
      ],
      [
       86.86670329147788,
       20.70955906929928
      ],
      [
       86.86641542432703,
       20.709287768127343
      ],
      [
       86.8659350917815,
       20.709468113566746
      ],
      [
       86.86487902896349,
       20.709105850682043
      ],
      [
       86.86391860228646,
       20.709195453746737
      ],
      [
       86.86324603547071,
       20.709556358365038
      ],
      [
       86.8626697447905,
       20.709646259082373
      ],
      [
       86.86238139527052,
       20.7099171069281
      ],
      [
       86.86199725485359,
       20.709916799494568
      ],
      [
       86.86190105603572,
       20.71009744106404
      ],
      [
       86.86132492694215,
       20.710006618702998
      ],
      [
       86.86074846838346,
       20.710277231519346
      ],
      [
       86.86007630405702,
       20.710186327292863
      ],
      [
       86.859692745161,
       20.70955349979651
      ],
      [
       86.85940472390274,
       20.709462905530703
      ],
      [
       86.85902058467912,
       20.709462591463275
      ],
      [
       86.8588283477166,
       20.709643152655755
      ],
      [
       86.8585403268124,
       20.709552556947052
      ],
      [
       86.8583480891704,
       20.70973311759756
      ],
      [
       86.85796327574985,
       20.710455675286692
      ],
      [
       86.85805880634874,
       20.710997910027842
      ],
      [
       86.85853856591673,
       20.711450101463612
      ],
      [
       86.85930660416574,
       20.711721808712618
      ],
      [
       86.86036217492929,
       20.7126262611932
      ],
      [
       86.86055424853761,
       20.712626416860306
      ],
      [
       86.86132122754523,
       20.714072785283697
      ],
      [
       86.86189729011261,
       20.714253966937942
      ],
      [
       86.86237715291946,
       20.714615788396504
      ],
      [
       86.86285726194211,
       20.714706530813743
      ],
      [
       86.86304909459969,
       20.7149777614157
      ],
      [
       86.86400931632652,
       20.715159241175396
      ],
      [
       86.86429727065368,
       20.715340186989263
      ],
      [
       86.86487358195777,
       20.71525028099824
      ],
      [
       86.86544949371056,
       20.715612169262542
      ]
     ],
     [
      [
       86.88389313156311,
       20.710113674228275
      ],
      [
       86.8839890981071,
       20.710204098312975
      ],
      [
       86.8839891668725,
       20.710113738956046
      ],
      [
       86.88389313156311,
       20.710113674228275
      ]
     ]
    ]
   },
   "properties": {
    "id": "P01",
    "area_ha": 4561.490000053146,
    "quality": 0.9977803584749488,
    "confidence": 0.9977803584749488,
    "habitat_class": "mangrove",
    "name": null,
    "protected": false,
    "perimeter_km": 51.91683584034595,
    "bbox": [
     20.685962611665982,
     86.82521408395313,
     20.760192185276797,
     86.9298741508703
    ],
    "extra": {
     "pixel_count": 456149,
     "label_value": 42,
     "centroid_pixel": [
      937.6262800093829,
      1250.5210600045161
     ]
    },
    "centroid_lat": 20.727089288850845,
    "centroid_lon": 86.8698696024944,
    "criticality_rank": 1,
    "criticality_score": 0.530772543769773,
    "delta_connectivity": 0.004701129003995898,
    "delta_pct": 53.0772543769773,
    "degree": 0,
    "is_cut_vertex": false,
    "component_count_after": 3,
    "rank_by_area": 1,
    "criticality_level": "critical"
   }
  },
  {
   "type": "Feature",
   "id": "P02",
   "geometry": {
    "type": "Polygon",
    "coordinates": [
     [
      [
       86.93709599503093,
       20.71194851859081
      ],
      [
       86.93623174119637,
       20.711767481713853
      ],
      [
       86.93623181679965,
       20.711586762771987
      ],
      [
       86.93306261651477,
       20.711585559898058
      ],
      [
       86.93143016086577,
       20.711223479610787
      ],
      [
       86.93104597544287,
       20.711313685670344
      ],
      [
       86.93095002111285,
       20.711132928252738
      ],
      [
       86.93018173248451,
       20.71113261844237
      ],
      [
       86.92979771301847,
       20.710861383853242
      ],
      [
       86.92931753349134,
       20.710861187412487
      ],
      [
       86.92874152926404,
       20.710409152576677
      ],
      [
       86.92835738679032,
       20.710408993178245
      ],
      [
       86.9281654432955,
       20.71013783474609
      ],
      [
       86.92749328113011,
       20.70995683404779
      ],
      [
       86.92749341006275,
       20.70968575562602
      ],
      [
       86.92720530458223,
       20.709685634073278
      ],
      [
       86.9272053908777,
       20.709504915121844
      ],
      [
       86.9265331455615,
       20.709504629626917
      ],
      [
       86.92643719772259,
       20.709323869675583
      ],
      [
       86.9247088367735,
       20.70878096568037
      ],
      [
       86.92422884349284,
       20.70841931714848
      ],
      [
       86.92355669362422,
       20.70823830108536
      ],
      [
       86.92336476140645,
       20.70796713726813
      ],
      [
       86.92278869428198,
       20.70769580143048
      ],
      [
       86.92278878580359,
       20.707515082455647
      ],
      [
       86.92240469666243,
       20.70742455031231
      ],
      [
       86.92240478863789,
       20.707243831333447
      ],
      [
       86.92202065419556,
       20.707243657823746
      ],
      [
       86.92182863330474,
       20.707153211257964
      ],
      [
       86.92182872596169,
       20.70697249227589
      ],
      [
       86.9216366126423,
       20.70706276447785
      ],
      [
       86.92144459220829,
       20.706972317483427
      ],
      [
       86.92144468531954,
       20.70679159849922
      ],
      [
       86.92125257200267,
       20.706881870274678
      ],
      [
       86.92086862606938,
       20.706520256226842
      ],
      [
       86.9201005502668,
       20.70615846353003
      ],
      [
       86.9193323347036,
       20.706067745896682
      ],
      [
       86.91914036481577,
       20.705886936834155
      ],
      [
       86.91885226657044,
       20.705886801329545
      ],
      [
       86.91875633011475,
       20.705706037059166
      ],
      [
       86.9183721995809,
       20.705705855424206
      ],
      [
       86.9182762638084,
       20.705525090884887
      ],
      [
       86.9176041338387,
       20.705344051592878
      ],
      [
       86.91750819920436,
       20.705163286621953
      ],
      [
       86.9171241191615,
       20.705072742706825
      ],
      [
       86.91635615871614,
       20.704530214295016
      ],
      [
       86.91578001730159,
       20.704439574001984
      ],
      [
       86.91568408539852,
       20.70425880800536
      ],
      [
       86.91529995854046,
       20.704258619530616
      ],
      [
       86.91530010911019,
       20.703987541009177
      ],
      [
       86.9150120648417,
       20.703897039584565
      ],
      [
       86.91501221592034,
       20.703625961053774
      ],
      [
       86.91472412197702,
       20.703625818658356
      ],
      [
       86.9143401489942,
       20.703354549513634
      ],
      [
       86.91395602442742,
       20.703354358049545
      ],
      [
       86.9137641154386,
       20.70308318345726
      ],
      [
       86.91328406335546,
       20.702902223362063
      ],
      [
       86.9132841661173,
       20.70272150432984
      ],
      [
       86.913092104636,
       20.702721407530188
      ],
      [
       86.91270818856263,
       20.70235977521813
      ],
      [
       86.91213205755977,
       20.702269122736322
      ],
      [
       86.91203618346236,
       20.70199799516134
      ],
      [
       86.91146015915179,
       20.701726621390133
      ],
      [
       86.9109800086065,
       20.70172637391616
      ],
      [
       86.90992394427313,
       20.701274027153982
      ],
      [
       86.90973188463221,
       20.70127392661422
      ],
      [
       86.90963574773514,
       20.701454595308732
      ],
      [
       86.90944368786835,
       20.701454494446804
      ],
      [
       86.90934776535381,
       20.70127372489228
      ],
      [
       86.90857952681083,
       20.701273318878698
      ],
      [
       86.9081956251106,
       20.70091167650078
      ],
      [
       86.90752352757885,
       20.70073059789074
      ],
      [
       86.90742766264069,
       20.700459467736245
      ],
      [
       86.90723560403895,
       20.70045936441707
      ],
      [
       86.90656378642824,
       20.699826484422275
      ],
      [
       86.90627569972875,
       20.699826327923034
      ],
      [
       86.90627581077774,
       20.699645608861307
      ],
      [
       86.90589186289162,
       20.699374320851508
      ],
      [
       86.90550763648162,
       20.699554829648335
      ],
      [
       86.9054117758618,
       20.699283698351568
      ],
      [
       86.90502777416725,
       20.699102767948798
      ],
      [
       86.90502788669056,
       20.698922048878423
      ],
      [
       86.90406811489922,
       20.69810828096021
      ],
      [
       86.90406828538028,
       20.69783720232957
      ],
      [
       86.90387634397901,
       20.697656376187027
      ],
      [
       86.90358826140064,
       20.697656215209534
      ],
      [
       86.90301238350663,
       20.697204094077282
      ],
      [
       86.9028205592815,
       20.696842547650938
      ],
      [
       86.90186057983755,
       20.696390205562267
      ],
      [
       86.90166881760493,
       20.695938298276424
      ],
      [
       86.90138079670258,
       20.695847774062468
      ],
      [
       86.90128506266427,
       20.695395921266947
      ],
      [
       86.9008051671927,
       20.695034207255837
      ],
      [
       86.90051708959254,
       20.69503404116285
      ],
      [
       86.90051720743479,
       20.69485332203146
      ],
      [
       86.90022924836096,
       20.694672436324804
      ],
      [
       86.90003761151003,
       20.694039808015873
      ],
      [
       86.89936579244106,
       20.69349725929086
      ],
      [
       86.89936597123513,
       20.69322618055361
      ],
      [
       86.89783030174156,
       20.692140961417635
      ],
      [
       86.89783060425519,
       20.69168916346796
      ],
      [
       86.89754277568451,
       20.691327554054403
      ],
      [
       86.89754295769666,
       20.69105647526431
      ],
      [
       86.89706271902018,
       20.69123690832857
      ],
      [
       86.89706290188424,
       20.690965829539724
      ],
      [
       86.89677495424758,
       20.690784938026397
      ],
      [
       86.89667929814676,
       20.690242722872643
      ],
      [
       86.89639135232825,
       20.69006183071086
      ],
      [
       86.89648762021888,
       20.689700449985178
      ],
      [
       86.89610371478375,
       20.689429140023606
      ],
      [
       86.89610383781748,
       20.68924842079959
      ],
      [
       86.8963917204159,
       20.68951967306228
      ],
      [
       86.8966799099205,
       20.68933912678345
      ],
      [
       86.89677611554677,
       20.68906810547871
      ],
      [
       86.89706405995503,
       20.68924899701245
      ],
      [
       86.89754429236287,
       20.689068563876575
      ],
      [
       86.89773651821677,
       20.6887975990783
      ],
      [
       86.89802458401844,
       20.688797769771288
      ],
      [
       86.89792838077872,
       20.689068791791488
      ],
      [
       86.89821644709401,
       20.689068962165912
      ],
      [
       86.89812054563185,
       20.688888186184897
      ],
      [
       86.8983125896156,
       20.688888299606262
      ],
      [
       86.89821644709401,
       20.689068962165912
      ],
      [
       86.89831234878264,
       20.68924973809072
      ],
      [
       86.8985045735066,
       20.688978772436702
      ],
      [
       86.89888872157461,
       20.688888638586356
      ],
      [
       86.89898498280483,
       20.688527256388664
      ],
      [
       86.89927298846945,
       20.688617784621744
      ],
      [
       86.89927274991447,
       20.688979223128296
      ],
      [
       86.90013712577945,
       20.68870864717787
      ],
      [
       86.90052097772038,
       20.68907030782701
      ],
      [
       86.900712316482,
       20.690154734039517
      ],
      [
       86.90061617599031,
       20.690335397919807
      ],
      [
       86.90080804560525,
       20.690606587407654
      ],
      [
       86.90080781066112,
       20.690968025847834
      ],
      [
       86.90023125726518,
       20.691600210474185
      ],
      [
       86.90042306880669,
       20.69196175995169
      ],
      [
       86.9006149989638,
       20.69214259001549
      ],
      [
       86.90099909515338,
       20.69214281111804
      ],
      [
       86.90138342494373,
       20.691781592967217
      ],
      [
       86.90243968700267,
       20.691782194218842
      ],
      [
       86.90263167699452,
       20.691872662445814
      ],
      [
       86.9026315040149,
       20.692143741252444
      ],
      [
       86.90282343702832,
       20.69232456886406
      ],
      [
       86.9031115095327,
       20.69232473108063
      ],
      [
       86.90320724709878,
       20.692776583036164
      ],
      [
       86.90359140200782,
       20.692686438769655
      ],
      [
       86.90349486324439,
       20.69349962135595
      ],
      [
       86.90368691306317,
       20.693499728811336
      ],
      [
       86.9037830519375,
       20.69331906327754
      ],
      [
       86.90387896288317,
       20.693499836052673
      ],
      [
       86.90426311922488,
       20.69340969030178
      ],
      [
       86.90435903079701,
       20.693590462810253
      ],
      [
       86.90522314326728,
       20.693771659524653
      ],
      [
       86.9052221328709,
       20.69539813200243
      ],
      [
       86.90531804682138,
       20.695578903944668
      ],
      [
       86.90570220756732,
       20.695488755024012
      ],
      [
       86.90570231927023,
       20.69530803587436
      ],
      [
       86.90541424111116,
       20.695307877967323
      ],
      [
       86.90541440917518,
       20.695036799237997
      ],
      [
       86.90560651684667,
       20.694946544982525
      ],
      [
       86.90579834532386,
       20.695308088402996
      ],
      [
       86.90599039743202,
       20.695308193299724
      ],
      [
       86.90608603411359,
       20.695940762682017
      ],
      [
       86.9063740025625,
       20.696121638610265
      ],
      [
       86.90637372528019,
       20.696573436443398
      ],
      [
       86.9061816715771,
       20.696573331967866
      ],
      [
       86.90618150486289,
       20.696844410654894
      ],
      [
       86.90646953052851,
       20.696934926851334
      ],
      [
       86.90675739084296,
       20.697296521243896
      ],
      [
       86.9075255545398,
       20.697387294867358
      ],
      [
       86.9078138004617,
       20.69711637057651
      ],
      [
       86.90858201805139,
       20.69711677992679
      ],
      [
       86.90858190974936,
       20.697297499053324
      ],
      [
       86.90915807363639,
       20.69729780382095
      ],
      [
       86.90906172311456,
       20.6978399105243
      ],
      [
       86.90886966780238,
       20.69783980903925
      ],
      [
       86.90886934390277,
       20.698381966366398
      ],
      [
       86.90906134602704,
       20.698472427406042
      ],
      [
       86.90925340213677,
       20.698472528680366
      ],
      [
       86.90934964498975,
       20.69811114102189
      ],
      [
       86.90954159347538,
       20.698291961083658
      ],
      [
       86.90963772847472,
       20.698111292368466
      ],
      [
       86.90982978413281,
       20.69811139299854
      ],
      [
       86.90982967730338,
       20.698292112110504
      ],
      [
       86.91002173319015,
       20.698292212527434
      ],
      [
       86.91011760139963,
       20.698563341318593
      ],
      [
       86.91059774197626,
       20.698563591160116
      ],
      [
       86.91050187291208,
       20.698292462633027
      ],
      [
       86.91078995674863,
       20.69829261205407
      ],
      [
       86.91088587911563,
       20.698473380867426
      ],
      [
       86.91107793523618,
       20.698473480107705
      ],
      [
       86.9110778298835,
       20.69865419921826
      ],
      [
       86.91203805953299,
       20.698745051768903
      ],
      [
       86.91223032397647,
       20.698383711493562
      ],
      [
       86.91251840799886,
       20.698383858024844
      ],
      [
       86.91280644037177,
       20.69847436363528
      ],
      [
       86.91280633706695,
       20.698655082754236
      ],
      [
       86.91319039836137,
       20.69874563629932
      ],
      [
       86.91395887911722,
       20.698294223890464
      ],
      [
       86.91405505980745,
       20.69802319312385
      ],
      [
       86.91386300423851,
       20.698023097204555
      ],
      [
       86.91386315731235,
       20.697752018497216
      ],
      [
       86.9144394243638,
       20.697571586463006
      ],
      [
       86.9149195114762,
       20.69766218382281
      ],
      [
       86.91511141574148,
       20.69793335728174
      ],
      [
       86.91530347120371,
       20.697933451808908
      ],
      [
       86.91549567683899,
       20.697662467400257
      ],
      [
       86.91597581464868,
       20.697662702242855
      ],
      [
       86.91616747249597,
       20.69838567239
      ],
      [
       86.91683986567854,
       20.69802455989361
      ],
      [
       86.91684025976305,
       20.697301683266126
      ],
      [
       86.91664825446178,
       20.697211230872625
      ],
      [
       86.91664840257961,
       20.696940152120174
      ],
      [
       86.91751264657503,
       20.696940568076847
      ],
      [
       86.91770479829167,
       20.696759940745046
      ],
      [
       86.91760901530441,
       20.69630809688906
      ],
      [
       86.91664864943736,
       20.696488354180477
      ],
      [
       86.91655252375641,
       20.696669026874837
      ],
      [
       86.91578425837336,
       20.696759012659083
      ],
      [
       86.91559200439579,
       20.697120357005492
      ],
      [
       86.91540000006789,
       20.69702990322226
      ],
      [
       86.91540015040246,
       20.696758824472806
      ],
      [
       86.91501604243584,
       20.696758635430164
      ],
      [
       86.91482388754882,
       20.696939259752252
      ],
      [
       86.91463193447355,
       20.696758445531156
      ],
      [
       86.914632136736,
       20.696397007192513
      ],
      [
       86.91444008321152,
       20.696396911923685
      ],
      [
       86.91444018456863,
       20.69621619274958
      ],
      [
       86.91415210462519,
       20.696216049446292
      ],
      [
       86.91424843602007,
       20.69567393972526
      ],
      [
       86.91405648521557,
       20.69549312484447
      ],
      [
       86.91405663792519,
       20.69522204605621
      ],
      [
       86.91386463689915,
       20.695131590553537
      ],
      [
       86.91376896844052,
       20.69449902531332
      ],
      [
       86.91357686612459,
       20.69458928869419
      ],
      [
       86.91357696849452,
       20.694408569486306
      ],
      [
       86.91309699536255,
       20.694137249178933
      ],
      [
       86.913097149766,
       20.69386617035493
      ],
      [
       86.91328925145142,
       20.69377590749912
      ],
      [
       86.91348114795049,
       20.694047082868746
      ],
      [
       86.91367319851206,
       20.69404717919609
      ],
      [
       86.91386499400633,
       20.694499073344343
      ],
      [
       86.91463329966098,
       20.694318736451198
      ],
      [
       86.91482565323601,
       20.693776673825738
      ],
      [
       86.91463360300912,
       20.69377657878411
      ],
      [
       86.9145376791237,
       20.693595811953546
      ],
      [
       86.91453798280006,
       20.693053654242362
      ],
      [
       86.91415388417042,
       20.693053463310143
      ],
      [
       86.91405831756887,
       20.69224017882285
      ],
      [
       86.91444251548239,
       20.6920596506997
      ],
      [
       86.91444271814339,
       20.69169821216589
      ],
      [
       86.91473094103988,
       20.691427276041175
      ],
      [
       86.9149229883103,
       20.691427370964032
      ],
      [
       86.91501881065287,
       20.691788856895805
      ],
      [
       86.91617084881999,
       20.69224121948734
      ],
      [
       86.91617055095854,
       20.69278337727254
      ],
      [
       86.91655450067643,
       20.693054642589548
      ],
      [
       86.91655430300351,
       20.693416081086266
      ],
      [
       86.9169381566101,
       20.69386806477479
      ],
      [
       86.91693805822435,
       20.69404878400976
      ],
      [
       86.91674600764449,
       20.694048691321438
      ],
      [
       86.9167459090302,
       20.69422941055173
      ],
      [
       86.91616935941694,
       20.694952008072438
      ],
      [
       86.91664958743651,
       20.69477152179371
      ],
      [
       86.91664929123658,
       20.69531367942647
      ],
      [
       86.91712947075092,
       20.695223551424718
      ],
      [
       86.91712937258478,
       20.69540427063216
      ],
      [
       86.9174174510174,
       20.69540440895206
      ],
      [
       86.91751328173667,
       20.69576589335868
      ],
      [
       86.91780131216858,
       20.695856390639015
      ],
      [
       86.91789699818484,
       20.69648895360093
      ],
      [
       86.9180890033244,
       20.69657940460975
      ],
      [
       86.91828115390449,
       20.696398776623745
      ],
      [
       86.91847301428837,
       20.69676030598489
      ],
      [
       86.91876104717096,
       20.696850801658503
      ],
      [
       86.91876090280802,
       20.69712188042819
      ],
      [
       86.91818454558647,
       20.697483046118805
      ],
      [
       86.91818440019424,
       20.697754124864716
      ],
      [
       86.91780028969414,
       20.697753942021137
      ],
      [
       86.9178960255034,
       20.69829614527466
      ],
      [
       86.91808817848136,
       20.698115517547865
      ],
      [
       86.9189524291672,
       20.698115926304183
      ],
      [
       86.9192404648939,
       20.698206421171463
      ],
      [
       86.9194323298129,
       20.698567949403554
      ],
      [
       86.92000849866263,
       20.698568217899666
      ],
      [
       86.92010471611945,
       20.69820682414884
      ],
      [
       86.92096896736557,
       20.698207222790547
      ],
      [
       86.92106532259152,
       20.69757474971779
      ],
      [
       86.92077742774482,
       20.697213179123537
      ],
      [
       86.92087406432793,
       20.69603854847547
      ],
      [
       86.92116223737717,
       20.695857961325878
      ],
      [
       86.92125840373203,
       20.69558692641327
      ],
      [
       86.92221875856883,
       20.69540664337127
      ],
      [
       86.92250674524477,
       20.695587492409132
      ],
      [
       86.92260258814693,
       20.69594897401701
      ],
      [
       86.92279464114657,
       20.695949060185107
      ],
      [
       86.92279450395792,
       20.69622013900967
      ],
      [
       86.9230825384117,
       20.69631062746916
      ],
      [
       86.92298614674445,
       20.697033461391143
      ],
      [
       86.9227940466465,
       20.697123735029997
      ],
      [
       86.9227938179816,
       20.697575533004642
      ],
      [
       86.92250564360205,
       20.697756122843145
      ],
      [
       86.92221728423567,
       20.69829815053625
      ],
      [
       86.92250536816924,
       20.69829828036641
      ],
      [
       86.92250527635633,
       20.698478999533258
      ],
      [
       86.92269733254082,
       20.69847908581988
      ],
      [
       86.92298559930651,
       20.69811777650679
      ],
      [
       86.92365779437228,
       20.698118075694097
      ],
      [
       86.92423382693447,
       20.69838940881832
      ],
      [
       86.92452195576577,
       20.698299175688728
      ],
      [
       86.92490584527756,
       20.698751141485246
      ],
      [
       86.92471361034251,
       20.699112495989283
      ],
      [
       86.92471307512523,
       20.70019681088712
      ],
      [
       86.92490513348261,
       20.700196894719053
      ],
      [
       86.92490522246031,
       20.70001617557809
      ],
      [
       86.92548130856046,
       20.70019714493008
      ],
      [
       86.92557760228179,
       20.699655029001963
      ],
      [
       86.92605779028587,
       20.69956487618739
      ],
      [
       86.92682597721189,
       20.699655563803425
      ],
      [
       86.92701768900078,
       20.700378521883597
      ],
      [
       86.92720979072107,
       20.700288243573926
      ],
      [
       86.92759382189553,
       20.700469124603302
      ],
      [
       86.92778575225816,
       20.700740283937826
      ],
      [
       86.92807384084108,
       20.700740404469766
      ],
      [
       86.92807392606673,
       20.700559685327303
      ],
      [
       86.92874621639993,
       20.70037924554323
      ],
      [
       86.92913020764976,
       20.700650482725234
      ],
      [
       86.92961052182886,
       20.700289241291237
      ],
      [
       86.92961060523169,
       20.700108522133267
      ],
      [
       86.92932264344724,
       20.699837325432515
      ],
      [
       86.92884245648423,
       20.699927487348194
      ],
      [
       86.92874655410385,
       20.699656368909718
      ],
      [
       86.92932268531833,
       20.699746965849826
      ],
      [
       86.92932276905982,
       20.69956624668162
      ],
      [
       86.92970692586984,
       20.699476044261633
      ],
      [
       86.92989914945507,
       20.699114684167156
      ],
      [
       86.93009120647199,
       20.69911476221314
      ],
      [
       86.93018706954936,
       20.699476239514123
      ],
      [
       86.93172352936088,
       20.699476855328992
      ],
      [
       86.93181971966398,
       20.69911545499169
      ],
      [
       86.93172377204544,
       20.69893469776831
      ],
      [
       86.9315317152486,
       20.69893462154305
      ],
      [
       86.93153191804863,
       20.698482823551583
      ],
      [
       86.93172397427661,
       20.69848289977503
      ],
      [
       86.93181992161288,
       20.698663657006975
      ],
      [
       86.93230006275657,
       20.698663846363015
      ],
      [
       86.93230014296576,
       20.698483127160706
      ],
      [
       86.93249219919718,
       20.698483202527708
      ],
      [
       86.93258806757662,
       20.698844678533916
      ],
      [
       86.93287611284462,
       20.698935150623434
      ],
      [
       86.93316427723576,
       20.698754543432976
      ],
      [
       86.93316459397334,
       20.698031666595718
      ],
      [
       86.93335672859452,
       20.69785102177796
      ],
      [
       86.93422101704506,
       20.697760994320326
      ],
      [
       86.93431692798454,
       20.69803210979457
      ],
      [
       86.93479706716477,
       20.698032292185893
      ],
      [
       86.9348931721359,
       20.697851609278498
      ],
      [
       86.93518125530584,
       20.69785171790936
      ],
      [
       86.93546949137888,
       20.697490387592836
      ],
      [
       86.93614160820697,
       20.69767135729975
      ],
      [
       86.93690990385235,
       20.697490921102364
      ],
      [
       86.93719765153519,
       20.698304262912856
      ],
      [
       86.93710143722195,
       20.69875602593074
      ],
      [
       86.93815782176526,
       20.69857568914355
      ],
      [
       86.93844583339275,
       20.69875651154106
      ],
      [
       86.9383499511767,
       20.6983950387547
      ],
      [
       86.9385420073202,
       20.698395107376903
      ],
      [
       86.93854218935088,
       20.697943309294164
      ],
      [
       86.93940643944643,
       20.697943615437183
      ],
      [
       86.93931033975572,
       20.698124300873925
      ],
      [
       86.93950239556179,
       20.698124368424615
      ],
      [
       86.93959849502535,
       20.69794368288017
      ],
      [
       86.93959824456114,
       20.69857620020182
      ],
      [
       86.93998235731404,
       20.69857633444997
      ],
      [
       86.94017448457116,
       20.698395682020937
      ],
      [
       86.94007866947138,
       20.697853490928992
      ],
      [
       86.94017480351967,
       20.697582445430363
      ],
      [
       86.94046295674435,
       20.697401825974325
      ],
      [
       86.94055919545089,
       20.696859701348025
      ],
      [
       86.94094330388826,
       20.696859833443117
      ],
      [
       86.94103901667063,
       20.6976731030046
      ],
      [
       86.94075079341742,
       20.698034442664078
      ],
      [
       86.94036668202368,
       20.69803431013261
      ],
      [
       86.94046253352865,
       20.69848614143981
      ],
      [
       86.94055866729724,
       20.69821509574616
      ],
      [
       86.94084678622559,
       20.69812483528446
      ],
      [
       86.94094270917894,
       20.698395947088926
      ],
      [
       86.94132689100086,
       20.69821535909877
      ],
      [
       86.94142278016437,
       20.698576830252794
      ],
      [
       86.94190285229146,
       20.698757712077775
      ],
      [
       86.94228710227131,
       20.698396402714685
      ],
      [
       86.94219117692622,
       20.698125291653096
      ],
      [
       86.94247929472617,
       20.69803502845749
      ],
      [
       86.94247943101911,
       20.697673589952167
      ],
      [
       86.94209538912256,
       20.69749274201992
      ],
      [
       86.94209549202183,
       20.69722166312715
      ],
      [
       86.94286374458778,
       20.69713155998086
      ],
      [
       86.94295970429684,
       20.697312311068252
      ],
      [
       86.94315175909318,
       20.6973123745482
      ],
      [
       86.94353600247237,
       20.69695106232354
      ],
      [
       86.94363229674904,
       20.69622821663734
      ],
      [
       86.94344031031798,
       20.696047434404555
      ],
      [
       86.94344047781979,
       20.695595636158814
      ],
      [
       86.94363253045654,
       20.695595699097826
      ],
      [
       86.94392084191739,
       20.694963275515914
      ],
      [
       86.9441128937597,
       20.694963337917656
      ],
      [
       86.94401673520738,
       20.695324745372137
      ],
      [
       86.94430478066651,
       20.69541519839093
      ],
      [
       86.94420849009848,
       20.696138044529622
      ],
      [
       86.94440041169034,
       20.69649954519581
      ],
      [
       86.94468845959503,
       20.69658999756638
      ],
      [
       86.94468836130685,
       20.69686107649121
      ],
      [
       86.94497663820896,
       20.696319010877538
      ],
      [
       86.9457448845591,
       20.69622889485998
      ],
      [
       86.94564898660914,
       20.695867425992997
      ],
      [
       86.94584103959525,
       20.695867486470984
      ],
      [
       86.94584110375197,
       20.6956867671644
      ],
      [
       86.9461291509835,
       20.69577721713332
      ],
      [
       86.9461290233512,
       20.696138655740626
      ],
      [
       86.94632104488554,
       20.696229075334006
      ],
      [
       86.94632098129553,
       20.69640979463066
      ],
      [
       86.94612889571617,
       20.696500094332787
      ],
      [
       86.94632059974121,
       20.697494110330997
      ],
      [
       86.94680070581998,
       20.69758461890035
      ],
      [
       86.9467045835341,
       20.697855668123275
      ],
      [
       86.94699266677321,
       20.6978557570031
      ],
      [
       86.94728084370027,
       20.697584766496032
      ],
      [
       86.94756892643046,
       20.697584854411136
      ],
      [
       86.94776091969614,
       20.697765632026034
      ],
      [
       86.94824105815358,
       20.697765776946838
      ],
      [
       86.94852920220853,
       20.69758514398237
      ],
      [
       86.94968153316374,
       20.697585484402524
      ],
      [
       86.9499695269979,
       20.697856647219854
      ],
      [
       86.9499694380882,
       20.698127726127936
      ],
      [
       86.95064163354849,
       20.698127920028448
      ],
      [
       86.95073771983517,
       20.697947228241198
      ],
      [
       86.95102580326538,
       20.697947310377156
      ],
      [
       86.95112174421342,
       20.69821841655872
      ],
      [
       86.95140982815747,
       20.698218498053524
      ],
      [
       86.95160179811049,
       20.698489631019136
      ],
      [
       86.95227393863735,
       20.698670537819503
      ],
      [
       86.95304235949935,
       20.698038231480417
      ],
      [
       86.95313858168244,
       20.69740574012634
      ],
      [
       86.95333063662744,
       20.697405792259378
      ],
      [
       86.95381091079199,
       20.69695412340702
      ],
      [
       86.95390704719044,
       20.69659271050888
      ],
      [
       86.95409910111395,
       20.69659276178332
      ],
      [
       86.95409915549025,
       20.69641204246909
      ],
      [
       86.95429120918683,
       20.696412093528956
      ],
      [
       86.95448337072479,
       20.696050705732954
      ],
      [
       86.95515571644486,
       20.695508724007784
      ],
      [
       86.9556358741279,
       20.695418488636513
      ],
      [
       86.95563595295646,
       20.69514740962105
      ],
      [
       86.95582800506507,
       20.695147458964943
      ],
      [
       86.95582805738924,
       20.694966739616092
      ],
      [
       86.95563603178375,
       20.694876330597072
      ],
      [
       86.95592410943503,
       20.694876404531573
      ],
      [
       86.95592405722488,
       20.695057123882545
      ],
      [
       86.95630818709449,
       20.69496686203808
      ],
      [
       86.95659618779781,
       20.695238013873695
      ],
      [
       86.95678824002295,
       20.695238062147443
      ],
      [
       86.95669211130722,
       20.69559947672404
      ],
      [
       86.95755634837342,
       20.695599691792523
      ],
      [
       86.95755639865146,
       20.695418972449016
      ],
      [
       86.95774845110682,
       20.695419019652846
      ],
      [
       86.95784452727096,
       20.695238323826516
      ],
      [
       86.95813258081672,
       20.695328753744434
      ],
      [
       86.95822865646926,
       20.69514805770113
      ],
      [
       86.95880476402027,
       20.695328915772684
      ],
      [
       86.95966907123906,
       20.695058041208934
      ],
      [
       86.9625498513834,
       20.69505869145346
      ],
      [
       86.96235791084212,
       20.69460685118151
      ],
      [
       86.96197387551902,
       20.694335687776395
      ],
      [
       86.96303015658658,
       20.69433591765451
      ],
      [
       86.9631261166222,
       20.694607017297653
      ],
      [
       86.9638943437938,
       20.694516820300148
      ],
      [
       86.96399041211488,
       20.694336121015443
      ],
      [
       86.96379838244887,
       20.694245721080065
      ],
      [
       86.96408650147785,
       20.694065061979554
      ],
      [
       86.96408654401695,
       20.69388434258973
      ],
      [
       86.96379853252958,
       20.69361320321436
      ],
      [
       86.96408662909379,
       20.693522903798705
      ],
      [
       86.9642787426426,
       20.69325186461618
      ],
      [
       86.96418288746187,
       20.69252896703162
      ],
      [
       86.96370278687712,
       20.692438506854675
      ],
      [
       86.96283852363844,
       20.69261904206174
      ],
      [
       86.9627425874219,
       20.69225758248753
      ],
      [
       86.96226251089912,
       20.692076758584914
      ],
      [
       86.96245458139235,
       20.691986440822884
      ],
      [
       86.96245462585956,
       20.691805721392807
      ],
      [
       86.96216662119403,
       20.691534579234762
      ],
      [
       86.96178252604179,
       20.691534494477864
      ],
      [
       86.96168657031755,
       20.691263393996543
      ],
      [
       86.96149450028211,
       20.691353710910832
      ],
      [
       86.96139856804093,
       20.690992250541512
      ],
      [
       86.96168666106722,
       20.690901955105538
      ],
      [
       86.96168670644133,
       20.690721235654348
      ],
      [
       86.96139863661402,
       20.690721171367063
      ],
      [
       86.96130275082251,
       20.690178991457124
      ],
      [
       86.96091868222723,
       20.69008854504824
      ],
      [
       86.96043852099326,
       20.690269154960426
      ],
      [
       86.96005452364469,
       20.689907627431232
      ],
      [
       86.95976628859496,
       20.690540078525682
      ],
      [
       86.95995828749415,
       20.69072084270739
      ],
      [
       86.95976619329848,
       20.69090151742352
      ],
      [
       86.95967002662164,
       20.691443653295313
      ],
      [
       86.95899786052726,
       20.691443494671187
      ],
      [
       86.95880586186014,
       20.691262729434936
      ],
      [
       86.95880593504006,
       20.690991650277578
      ],
      [
       86.95832576847287,
       20.691172254275155
      ],
      [
       86.9583258425053,
       20.690901175116604
      ],
      [
       86.95851793840288,
       20.690720502008897
      ],
      [
       86.95813389489804,
       20.69053968967564
      ],
      [
       86.95842198899103,
       20.69044939969454
      ],
      [
       86.958326015243,
       20.69026865704685
      ],
      [
       86.95803792143495,
       20.690358946869882
      ],
      [
       86.95803787174057,
       20.690539666320554
      ],
      [
       86.95784582542605,
       20.690539619449883
      ],
      [
       86.95822964597792,
       20.691533669890678
      ],
      [
       86.95822959650754,
       20.69171438931718
      ],
      [
       86.9579414999116,
       20.691804678959105
      ],
      [
       86.95803742446715,
       20.692166141206222
      ],
      [
       86.95774922682179,
       20.692617869337152
      ],
      [
       86.95784517639373,
       20.692888971958237
      ],
      [
       86.95736505321761,
       20.692888853830596
      ],
      [
       86.95717308003525,
       20.69261772710441
      ],
      [
       86.9569810311075,
       20.6926176792654
      ],
      [
       86.95698092920276,
       20.692979118063334
      ],
      [
       86.9567888798206,
       20.692979070009372
      ],
      [
       86.95611688890183,
       20.692346382235804
      ],
      [
       86.95563676744405,
       20.6923462592956
      ],
      [
       86.95544461331943,
       20.692707648546808
      ],
      [
       86.95477238812597,
       20.692888192824192
      ],
      [
       86.95477257561224,
       20.69225567493008
      ],
      [
       86.95419653871305,
       20.69189408393259
      ],
      [
       86.95410062343011,
       20.69153261955274
      ],
      [
       86.95381257944999,
       20.69144218287198
      ],
      [
       86.95362047708169,
       20.691622850707567
      ],
      [
       86.95362028482592,
       20.69225536863787
      ],
      [
       86.95342820878415,
       20.692345676540324
      ],
      [
       86.95342826394285,
       20.692164957138782
      ],
      [
       86.95304419505399,
       20.69207449319978
      ],
      [
       86.95294822666384,
       20.69189374760082
      ],
      [
       86.95314030241906,
       20.691803440228114
      ],
      [
       86.95294839383963,
       20.691351589360163
      ],
      [
       86.95266032285535,
       20.691351510463175
      ],
      [
       86.95256435537318,
       20.691170764637036
      ],
      [
       86.95208423763843,
       20.691170631805633
      ],
      [
       86.95208415251685,
       20.6914417109325
      ],
      [
       86.95189207659496,
       20.691532017131433
      ],
      [
       86.95189199113037,
       20.69180309624618
      ],
      [
       86.95150775177306,
       20.692254787089368
      ],
      [
       86.95112368380632,
       20.692164318872546
      ],
      [
       86.9511237416939,
       20.691983599473296
      ],
      [
       86.95064362141187,
       20.691983462623
      ],
      [
       86.95054733378618,
       20.692796672352184
      ],
      [
       86.95006715180847,
       20.692977253270012
      ],
      [
       86.95006709266639,
       20.693157972645558
      ],
      [
       86.9494909439033,
       20.69315780472267
      ],
      [
       86.94939497904825,
       20.692977057174552
      ],
      [
       86.94872280629589,
       20.692976858457
      ],
      [
       86.9487228670296,
       20.69279613908143
      ],
      [
       86.94843479333652,
       20.692796053114897
      ],
      [
       86.94843467118604,
       20.693157491860624
      ],
      [
       86.94853075693953,
       20.69297680119895
      ],
      [
       86.94881880066407,
       20.69306724669226
      ],
      [
       86.94901069915021,
       20.69351910204917
      ],
      [
       86.94843454903292,
       20.69351893059119
      ],
      [
       86.94843448795538,
       20.693699649950798
      ],
      [
       86.94814641255773,
       20.69369956349855
      ],
      [
       86.94814650468561,
       20.69342848445896
      ],
      [
       86.94843454903292,
       20.69351893059119
      ],
      [
       86.948434640648,
       20.693247851544683
      ],
      [
       86.94833867698927,
       20.69306710341266
      ],
      [
       86.94814662752049,
       20.69306704572624
      ],
      [
       86.94824280551033,
       20.692615276158328
      ],
      [
       86.9479547321609,
       20.692615189389944
      ],
      [
       86.94795479380316,
       20.692434470008997
      ],
      [
       86.94747470323128,
       20.692343964634983
      ],
      [
       86.94766678277921,
       20.69225366337593
      ],
      [
       86.94747485875483,
       20.69189216616476
      ],
      [
       86.94747504537759,
       20.69135000796923
      ],
      [
       86.94776311633626,
       20.69135009553445
      ],
      [
       86.94776317820134,
       20.691169376127537
      ],
      [
       86.9475712553059,
       20.690807878980706
      ],
      [
       86.94728309172292,
       20.691078870215183
      ],
      [
       86.9470910447598,
       20.691078811357645
      ],
      [
       86.94709113874976,
       20.690807732240252
      ],
      [
       86.94728321658764,
       20.690717431388986
      ],
      [
       86.94728337266476,
       20.690265632834933
      ],
      [
       86.94709135805375,
       20.690175214266553
      ],
      [
       86.94709145203866,
       20.68990413512076
      ],
      [
       86.94632327010625,
       20.689903897565035
      ],
      [
       86.94622737472312,
       20.689542428760582
      ],
      [
       86.94574726215886,
       20.689542278284733
      ],
      [
       86.94574739065091,
       20.68918083940323
      ],
      [
       86.9452673116349,
       20.689090327870694
      ],
      [
       86.94517135433458,
       20.688909577901644
      ],
      [
       86.94526760328873,
       20.688277090329915
      ],
      [
       86.94555570067091,
       20.688186821840457
      ],
      [
       86.94536385143863,
       20.687644602656253
      ],
      [
       86.9454600019163,
       20.6872831941101
      ],
      [
       86.94574816154531,
       20.687012205796112
      ],
      [
       86.94584447101421,
       20.686198998249715
      ],
      [
       86.94622852081935,
       20.686289478255965
      ],
      [
       86.94622858448489,
       20.686108758747515
      ],
      [
       86.94603660767146,
       20.685927979216874
      ],
      [
       86.94584453513416,
       20.686018278740512
      ],
      [
       86.94574864330396,
       20.685656809514754
      ],
      [
       86.94555660316846,
       20.685656748962288
      ],
      [
       86.94536466006284,
       20.685385608915762
      ],
      [
       86.94488456058147,
       20.685385456065763
      ],
      [
       86.94478840994893,
       20.68574686437004
      ],
      [
       86.94459633690491,
       20.68583716250347
      ],
      [
       86.944692258859,
       20.686108272604496
      ],
      [
       86.94450015244699,
       20.68628893037699
      ],
      [
       86.9440200501314,
       20.68628877511252
      ],
      [
       86.94392409606284,
       20.68610802439768
      ],
      [
       86.94373198874415,
       20.686288681311922
      ],
      [
       86.94344392735854,
       20.686288587029882
      ],
      [
       86.94325195362555,
       20.686107804408348
      ],
      [
       86.94219572981336,
       20.686107453415044
      ],
      [
       86.94219579825305,
       20.685926733915228
      ],
      [
       86.94190777194838,
       20.685836277316483
      ],
      [
       86.94152365663447,
       20.68592650718796
      ],
      [
       86.9412358046688,
       20.685384250703848
      ],
      [
       86.94104376489123,
       20.685384185124125
      ],
      [
       86.94094791978792,
       20.68493235346958
      ],
      [
       86.94027592397936,
       20.684570682846466
      ],
      [
       86.94037219042829,
       20.68393819773171
      ],
      [
       86.94018050655544,
       20.683034533462823
      ],
      [
       86.93922032247373,
       20.683034197582124
      ],
      [
       86.93912441216314,
       20.682763084367295
      ],
      [
       86.9387403392186,
       20.682762948305474
      ],
      [
       86.93854852098129,
       20.682220721268745
      ],
      [
       86.93835615681665,
       20.68303389071661
      ],
      [
       86.9381641200061,
       20.68303382193595
      ],
      [
       86.93806817491601,
       20.682853067914856
      ],
      [
       86.93768406486808,
       20.68294328927419
      ],
      [
       86.93749206517231,
       20.682852859970325
      ],
      [
       86.93749217616612,
       20.682581780640394
      ],
      [
       86.93778034100616,
       20.682310805511904
      ],
      [
       86.9377804883108,
       20.68194936637873
      ],
      [
       86.93826068654877,
       20.681678459626795
      ],
      [
       86.93893277327983,
       20.68176905882117
      ],
      [
       86.9394129330554,
       20.681588508639464
      ],
      [
       86.93960489656153,
       20.68176929560663
      ],
      [
       86.94133317889168,
       20.681860252242945
      ],
      [
       86.94152514501839,
       20.682041037072473
      ],
      [
       86.94229321900688,
       20.68222201550393
      ],
      [
       86.94248539097589,
       20.681860640514145
      ],
      [
       86.94267742632583,
       20.681860704477284
      ],
      [
       86.94267749417999,
       20.681679984886966
      ],
      [
       86.9431577165593,
       20.681318704662353
      ],
      [
       86.94363783659477,
       20.681228502490885
      ],
      [
       86.94373378727188,
       20.68140925345947
      ],
      [
       86.94440587612362,
       20.681499831323762
      ],
      [
       86.94479001128154,
       20.68131923515085
      ],
      [
       86.94479007663313,
       20.68113851554261
      ],
      [
       86.94498211108238,
       20.68113857693633
      ],
      [
       86.94478988057628,
       20.681680674355963
      ],
      [
       86.94450182788081,
       20.68168058186165
      ],
      [
       86.94450172933857,
       20.68195166125423
      ],
      [
       86.9447897825455,
       20.681951753749864
      ],
      [
       86.94498175289024,
       20.682132534738003
      ],
      [
       86.94565387784392,
       20.6821327479426
      ],
      [
       86.94555776332341,
       20.68240379702844
      ],
      [
       86.94574967092626,
       20.682765296736026
      ],
      [
       86.94574944614895,
       20.683397815239196
      ],
      [
       86.94632549449219,
       20.683578715156873
      ],
      [
       86.94632555803379,
       20.683397995591342
      ],
      [
       86.94661367717845,
       20.683217365475194
      ],
      [
       86.9465175953301,
       20.683398055280843
      ],
      [
       86.94680568276225,
       20.683307784629058
      ],
      [
       86.94728558850858,
       20.68385009081322
      ],
      [
       86.94872593323586,
       20.68366980569042
      ],
      [
       86.94882201264514,
       20.68348911465433
      ],
      [
       86.94911006877331,
       20.683489199936915
      ],
      [
       86.94920617767957,
       20.68321814889245
      ],
      [
       86.9497823186424,
       20.683127957899156
      ],
      [
       86.9497823780903,
       20.682947238314252
      ],
      [
       86.94997444444019,
       20.682856934357353
      ],
      [
       86.95016659905092,
       20.682495550793302
      ],
      [
       86.95007087648187,
       20.681591924976406
      ],
      [
       86.95035913469505,
       20.6809594894828
      ],
      [
       86.94987928639739,
       20.680236472027648
      ],
      [
       86.94978347776161,
       20.679603925310516
      ],
      [
       86.94949545884921,
       20.679513481339846
      ],
      [
       86.94930351643468,
       20.679242345487605
      ],
      [
       86.94863137376612,
       20.679332506369523
      ],
      [
       86.94853541858332,
       20.679151758073417
      ],
      [
       86.94872751122944,
       20.67897109562456
      ],
      [
       86.94920753045382,
       20.679151957394975
      ],
      [
       86.95131988209772,
       20.67915256677623
      ],
      [
       86.95131982448146,
       20.679333286444837
      ],
      [
       86.95151182798541,
       20.679423700393432
      ],
      [
       86.95276001007413,
       20.67951440676569
      ],
      [
       86.95400803035633,
       20.680147263090266
      ],
      [
       86.95468011984248,
       20.680237800914064
      ],
      [
       86.95448797875784,
       20.68059918962995
      ],
      [
       86.95419998227067,
       20.6804183936949
      ],
      [
       86.95343184799094,
       20.68041818791608
      ],
      [
       86.95323986976948,
       20.680237416285653
      ],
      [
       86.9531437144464,
       20.680689189335617
      ],
      [
       86.95323978674877,
       20.680508495760662
      ],
      [
       86.95343182043088,
       20.680508547740388
      ],
      [
       86.95352767224959,
       20.681050732576725
      ],
      [
       86.95371967922388,
       20.681141144055108
      ],
      [
       86.95362352474505,
       20.681592917326988
      ],
      [
       86.9538155597922,
       20.681592968881837
      ],
      [
       86.95381572379716,
       20.68105080998701
      ],
      [
       86.95410366669194,
       20.68141232618445
      ],
      [
       86.9541997383162,
       20.68123163208839
      ],
      [
       86.9544877902078,
       20.68123170837635
      ],
      [
       86.95467971751151,
       20.681593198231397
      ],
      [
       86.9550638939949,
       20.681231859508333
      ],
      [
       86.95573601508634,
       20.681232033395684
      ],
      [
       86.955736067481,
       20.681051313755503
      ],
      [
       86.9551600970588,
       20.680599365757555
      ],
      [
       86.95468001255738,
       20.68059924021951
      ],
      [
       86.95487209977306,
       20.680418570943853
      ],
      [
       86.95554419097253,
       20.680509105399384
      ],
      [
       86.95650441090655,
       20.68032863066723
      ],
      [
       86.95688840129303,
       20.680599806624723
      ],
      [
       86.95746450271437,
       20.68059994973008
      ],
      [
       86.95784852043839,
       20.6807807637188
      ],
      [
       86.95852066411747,
       20.680690566918372
      ],
      [
       86.95880866624816,
       20.68087135563969
      ],
      [
       86.95938476870832,
       20.68087149232973
      ],
      [
       86.95948083374657,
       20.6806907952677
      ],
      [
       86.96120913911113,
       20.68069119282015
      ],
      [
       86.96159325243569,
       20.680510559147216
      ],
      [
       86.9619773198473,
       20.680510644282744
      ],
      [
       86.96197727484163,
       20.680691363948462
      ],
      [
       86.9621692863861,
       20.68078176602741
      ],
      [
       86.9622653704073,
       20.68051070757287
      ],
      [
       86.96264943782226,
       20.68051079121104
      ],
      [
       86.96264948203192,
       20.680330071540133
      ],
      [
       86.96322558247604,
       20.680330195391896
      ],
      [
       86.9638016615015,
       20.680420677155592
      ],
      [
       86.9639935459311,
       20.681053236204704
      ],
      [
       86.96437761471829,
       20.681053315994806
      ],
      [
       86.96447371601825,
       20.6806918964784
      ],
      [
       86.96418568630517,
       20.680601477042977
      ],
      [
       86.96418579228305,
       20.680149677855574
      ],
      [
       86.96514597920111,
       20.680059514806274
      ],
      [
       86.96524193406316,
       20.68033061371246
      ],
      [
       86.96543398800696,
       20.68024029248291
      ],
      [
       86.96543392663641,
       20.68051137199899
      ],
      [
       86.96581791314671,
       20.680872887921165
      ],
      [
       86.9661059844619,
       20.680782584960536
      ],
      [
       86.9662019614848,
       20.680963323479908
      ],
      [
       86.9662980584108,
       20.680601902936562
      ],
      [
       86.96658612893174,
       20.68051159916968
      ],
      [
       86.96706634966037,
       20.67987917265662
      ],
      [
       86.96745041550659,
       20.679879245596943
      ],
      [
       86.96773852216938,
       20.67960822019837
      ],
      [
       86.96764254417566,
       20.679427482504742
      ],
      [
       86.96793063066617,
       20.679246816622623
      ],
      [
       86.96793068760014,
       20.678975737059904
      ],
      [
       86.96764263991841,
       20.678975683239567
      ],
      [
       86.96764267821482,
       20.678794963526872
      ],
      [
       86.96821879170446,
       20.678704710827
      ],
      [
       86.96821886693196,
       20.678343271384435
      ],
      [
       86.96841089792542,
       20.678343306675288
      ],
      [
       86.96850696933052,
       20.678072244647883
      ],
      [
       86.96898708266764,
       20.677891611936705
      ],
      [
       86.96889112267927,
       20.67762051503144
      ],
      [
       86.96956320997077,
       20.67771099485981
      ],
      [
       86.9697552759652,
       20.677530308909514
      ],
      [
       86.96994728815595,
       20.67762070235991
      ],
      [
       86.97004333865243,
       20.67743999932375
      ],
      [
       86.97023536851329,
       20.677440032581117
      ],
      [
       86.97033134833218,
       20.677620768875286
      ],
      [
       86.97033138344385,
       20.6774400491296
      ],
      [
       86.97061942823613,
       20.67744009845424
      ],
      [
       86.97052344818931,
       20.677259362316374
      ],
      [
       86.97081149264125,
       20.677259411319735
      ],
      [
       86.97081152718404,
       20.677078691565697
      ],
      [
       86.97100355659187,
       20.677078723966964
      ],
      [
       86.97090750745876,
       20.677259427547252
      ],
      [
       86.97109953709403,
       20.677259459841885
      ],
      [
       86.9713876492693,
       20.676898068369134
      ],
      [
       86.97167569304196,
       20.67689811592795
      ],
      [
       86.97167572656137,
       20.676717396164975
      ],
      [
       86.97253992185406,
       20.676356096412924
      ],
      [
       86.97273199875876,
       20.676085047222838
      ],
      [
       86.97302004100119,
       20.676085092534116
      ],
      [
       86.97321213256268,
       20.67572368290583
      ],
      [
       86.9737882622136,
       20.675452691754003
      ],
      [
       86.97426833063443,
       20.675452764062502
      ],
      [
       86.97465246035812,
       20.675001021445706
      ],
      [
       86.97542059665068,
       20.674820412837594
      ],
      [
       86.97609277453292,
       20.67427834788005
      ],
      [
       86.97590076289607,
       20.674187961238772
      ],
      [
       86.97590080566894,
       20.673916881498553
      ],
      [
       86.97570878022906,
       20.67391685455546
      ],
      [
       86.97561272422513,
       20.674187920743364
      ],
      [
       86.97465261032319,
       20.674097422372206
      ],
      [
       86.97455656738462,
       20.674278128054425
      ],
      [
       86.97378846381817,
       20.674278013009502
      ],
      [
       86.97330833592504,
       20.674639378998314
      ],
      [
       86.97215611196908,
       20.67500063641545
      ],
      [
       86.97206006550913,
       20.675181340684397
      ],
      [
       86.97148396756704,
       20.675271606275178
      ],
      [
       86.97100381394658,
       20.67572332568873
      ],
      [
       86.97033166432368,
       20.675994291027845
      ],
      [
       86.97013956560845,
       20.676355697427454
      ],
      [
       86.96985152286285,
       20.676355647303648
      ],
      [
       86.96985148718532,
       20.676536367071254
      ],
      [
       86.96965945846149,
       20.67653633338774
      ],
      [
       86.96956340808096,
       20.676717036229117
      ],
      [
       86.96927536465536,
       20.676716985141965
      ],
      [
       86.96869922224396,
       20.67698796115977
      ],
      [
       86.96869918520157,
       20.677168680912178
      ],
      [
       86.96831510741966,
       20.677258970637027
      ],
      [
       86.9678350333462,
       20.67725888174659
      ],
      [
       86.96783510947627,
       20.67689744224482
      ],
      [
       86.96773901853182,
       20.6772588638081
      ],
      [
       86.96735497859206,
       20.677168431645864
      ],
      [
       86.96745105112835,
       20.67689737017142
      ],
      [
       86.96725902195503,
       20.67689733381392
      ],
      [
       86.96716308508768,
       20.676535876040457
      ],
      [
       86.96716312394663,
       20.676355156277527
      ],
      [
       86.96735517175371,
       20.676264832857868
      ],
      [
       86.9673552490155,
       20.675903393316176
      ],
      [
       86.96725927379768,
       20.675722655335296
      ],
      [
       86.96706724610185,
       20.67572261876619
      ],
      [
       86.96706730455773,
       20.675451539095086
      ],
      [
       86.96677928318155,
       20.675361123949244
      ],
      [
       86.96687535559735,
       20.675090062738636
      ],
      [
       86.96658737455377,
       20.674818927475425
      ],
      [
       86.96658741409044,
       20.674638207677592
      ],
      [
       86.9663954275229,
       20.674457450560862
      ],
      [
       86.96610738836804,
       20.67445739418725
      ],
      [
       86.96591516060344,
       20.675360955301514
      ],
      [
       86.96572313336506,
       20.67536091723615
      ],
      [
       86.9656270790715,
       20.675541617904173
      ],
      [
       86.96514698978842,
       20.675631881425513
      ],
      [
       86.96524306527097,
       20.675360821137154
      ],
      [
       86.96495498294601,
       20.675541482615817
      ],
      [
       86.96514709289464,
       20.675180081973203
      ],
      [
       86.96505112074522,
       20.674999342752372
      ],
      [
       86.96457101186775,
       20.675179964570486
      ],
      [
       86.96457076031793,
       20.676264283209587
      ],
      [
       86.96409068939006,
       20.67626418389811
      ],
      [
       86.96399458998782,
       20.67662560338924
      ],
      [
       86.9638025611632,
       20.676625563182693
      ],
      [
       86.96380249690839,
       20.676896642807545
      ],
      [
       86.96361046774335,
       20.676896602386556
      ],
      [
       86.96361042467898,
       20.677077322131346
      ],
      [
       86.96399448346398,
       20.677077402760208
      ],
      [
       86.96399427040775,
       20.6779810014312
      ],
      [
       86.96380215419849,
       20.67834240066292
      ],
      [
       86.96437822607113,
       20.678432880510293
      ],
      [
       86.96447417855182,
       20.678703979891456
      ],
      [
       86.96399409995455,
       20.67870388029986
      ],
      [
       86.9639940573401,
       20.678884600007557
      ],
      [
       86.9636099724751,
       20.678974879223063
      ],
      [
       86.96361005861309,
       20.678613439809197
      ],
      [
       86.9638020899371,
       20.678613480233835
      ],
      [
       86.96380213277816,
       20.67843276052084
      ],
      [
       86.96341809223273,
       20.678342319600915
      ],
      [
       86.96322601772792,
       20.678522998462807
      ],
      [
       86.96264992410235,
       20.67852287462284
      ],
      [
       86.96245784846258,
       20.67870355262344
      ],
      [
       86.96245778181343,
       20.678974632178896
      ],
      [
       86.96274582947724,
       20.678974694661814
      ],
      [
       86.96274576333839,
       20.67924577420965
      ],
      [
       86.96216957743853,
       20.67960708814222
      ],
      [
       86.96178551229889,
       20.679607003438537
      ],
      [
       86.96120934572424,
       20.679877954301908
      ],
      [
       86.95938505714915,
       20.67978717433508
      ],
      [
       86.95823281098033,
       20.67996761871814
      ],
      [
       86.95765676205694,
       20.67978675851309
      ],
      [
       86.95612049978924,
       20.679786374348346
      ],
      [
       86.95631245500729,
       20.680057502618308
      ],
      [
       86.95660047900776,
       20.68014793520417
      ],
      [
       86.95612036994784,
       20.68023817351031
      ],
      [
       86.95612042188483,
       20.680057453848367
      ],
      [
       86.9558323983409,
       20.67996702046035
      ],
      [
       86.95477621680702,
       20.679966746638765
      ],
      [
       86.95439223177141,
       20.67969556596657
      ],
      [
       86.9532400911515,
       20.679514537643982
      ],
      [
       86.95324014649553,
       20.679333817974108
      ],
      [
       86.95285608208789,
       20.67933371337941
      ],
      [
       86.95266407789768,
       20.67924330092561
      ],
      [
       86.95266413392265,
       20.679062581251547
      ],
      [
       86.95228004196078,
       20.679152835211998
      ],
      [
       86.95266418994704,
       20.678881861573704
      ],
      [
       86.95189617727935,
       20.67852020960405
      ],
      [
       86.95160810187734,
       20.67861048883758
      ],
      [
       86.95122409702567,
       20.678429660927304
      ],
      [
       86.94968784855241,
       20.678429219468896
      ],
      [
       86.94968790809739,
       20.678248499785816
      ],
      [
       86.94863173854564,
       20.678248188345655
      ],
      [
       86.94824770751984,
       20.678157713649647
      ],
      [
       86.94815175352663,
       20.67797696511791
      ],
      [
       86.94594333903744,
       20.678157006556354
      ],
      [
       86.94584738777547,
       20.677976256748078
      ],
      [
       86.94479128551095,
       20.677795202107355
      ],
      [
       86.94421532682045,
       20.677433577310993
      ],
      [
       86.94277513729587,
       20.677342745477365
      ],
      [
       86.9426791902977,
       20.677161993898647
      ],
      [
       86.94229516556241,
       20.677071505946873
      ],
      [
       86.94219928770492,
       20.676710034404234
      ],
      [
       86.94181529882063,
       20.67652918553402
      ],
      [
       86.94162347742426,
       20.67598696151925
      ],
      [
       86.94143144946491,
       20.67598689639968
      ],
      [
       86.94143151877248,
       20.675806176690333
      ],
      [
       86.94123952580823,
       20.675715751501755
      ],
      [
       86.94123973440706,
       20.67517359234716
      ],
      [
       86.94104774235117,
       20.6750831669406
      ],
      [
       86.94104788186704,
       20.674721727482755
      ],
      [
       86.94085592548457,
       20.674540941992024
      ],
      [
       86.94085617042273,
       20.6739084228933
      ],
      [
       86.9402809069656,
       20.671829947005147
      ],
      [
       86.93999290837077,
       20.671739487126644
      ],
      [
       86.93980052964015,
       20.67264301911221
      ],
      [
       86.93951249401741,
       20.672642918322964
      ],
      [
       86.93874490633713,
       20.671377608726786
      ],
      [
       86.93855281148596,
       20.67155826020849
      ],
      [
       86.93807275553608,
       20.671558088494383
      ],
      [
       86.93768885821756,
       20.671196510578014
      ],
      [
       86.93788143130105,
       20.669841181274474
      ],
      [
       86.93768955850418,
       20.669479672352278
      ],
      [
       86.93730559314028,
       20.669298813347094
      ],
      [
       86.9373058156291,
       20.668756653829064
      ],
      [
       86.93701782459887,
       20.668666188969336
      ],
      [
       86.93730585270988,
       20.66866629390608
      ],
      [
       86.93730592687082,
       20.668485574057275
      ],
      [
       86.93759399155273,
       20.668395318585702
      ],
      [
       86.93836206516602,
       20.668395594778904
      ],
      [
       86.9385539382022,
       20.668757102998942
      ],
      [
       86.93845785597304,
       20.668937788615153
      ],
      [
       86.93864980248722,
       20.669118576868033
      ],
      [
       86.93874588460397,
       20.6689378911484
      ],
      [
       86.93893790369223,
       20.66893795923667
      ],
      [
       86.93884203883725,
       20.66857648551871
      ],
      [
       86.93913010279054,
       20.668486227480695
      ],
      [
       86.93913053479311,
       20.66740190827107
      ],
      [
       86.93893855374724,
       20.667311480462104
      ],
      [
       86.93903481465432,
       20.66667899481582
      ],
      [
       86.93884308774135,
       20.665956047237106
      ],
      [
       86.93865107240102,
       20.66595597905266
      ],
      [
       86.9386511449603,
       20.6657752591425
      ],
      [
       86.93826711473619,
       20.66577512213368
      ],
      [
       86.93817118030691,
       20.66559436783557
      ],
      [
       86.93797912874693,
       20.665684658860634
      ],
      [
       86.9380753193424,
       20.665232893561342
      ],
      [
       86.93788341511014,
       20.66496174463911
      ],
      [
       86.93759543088146,
       20.66487128072145
      ],
      [
       86.93759557848789,
       20.66450984085915
      ],
      [
       86.93730774356561,
       20.664057936579614
      ],
      [
       86.93711569343185,
       20.664148226663094
      ],
      [
       86.93711558187815,
       20.664419306570096
      ],
      [
       86.9373075952819,
       20.664419376458838
      ],
      [
       86.93740352795456,
       20.66460013125733
      ],
      [
       86.93711528439282,
       20.665142186280484
      ],
      [
       86.93721106876703,
       20.66568438099696
      ],
      [
       86.93682696406547,
       20.665864960688467
      ],
      [
       86.93663483643029,
       20.666135970110616
      ],
      [
       86.93634681309307,
       20.6661358640657
      ],
      [
       86.93644289604373,
       20.66595517956868
      ],
      [
       86.93625091841244,
       20.66586474876197
      ],
      [
       86.93625076761465,
       20.666226188558152
      ],
      [
       86.93596274410955,
       20.66622608187149
      ],
      [
       86.93586658456546,
       20.66658748598073
      ],
      [
       86.93538658247137,
       20.666496946887982
      ],
      [
       86.93538650604806,
       20.666677666771662
      ],
      [
       86.93509848169678,
       20.666677558639638
      ],
      [
       86.93490638847172,
       20.666858206162598
      ],
      [
       86.93509813624866,
       20.667490798064726
      ],
      [
       86.93567426410546,
       20.667310293989413
      ],
      [
       86.93557802698798,
       20.66785241774861
      ],
      [
       86.93538597106186,
       20.667942705851463
      ],
      [
       86.93538581820128,
       20.6683041455545
      ],
      [
       86.93586582596939,
       20.668394684645385
      ],
      [
       86.93586590183266,
       20.668213964795946
      ],
      [
       86.93605792000045,
       20.66821403608817
      ],
      [
       86.9359615700364,
       20.66902723976298
      ],
      [
       86.93548140758199,
       20.669298140601885
      ],
      [
       86.93567316077387,
       20.66993073170037
      ],
      [
       86.93548068248565,
       20.671014978790115
      ],
      [
       86.93519264995665,
       20.67101487079372
      ],
      [
       86.93500074361737,
       20.670743718840217
      ],
      [
       86.93461677828182,
       20.670562853875406
      ],
      [
       86.93471290469314,
       20.670291810546207
      ],
      [
       86.93394501695815,
       20.669839718563036
      ],
      [
       86.93384916336551,
       20.669478242137153
      ],
      [
       86.93346532063701,
       20.66902629486012
      ],
      [
       86.93317729186923,
       20.669026183508024
      ],
      [
       86.93298558977975,
       20.668303229680305
      ],
      [
       86.9327935317629,
       20.668393514886095
      ],
      [
       86.9327936907569,
       20.668032075205716
      ],
      [
       86.9325057037858,
       20.667941602815247
      ],
      [
       86.93250578362179,
       20.66776088296856
      ],
      [
       86.9323138060685,
       20.667670447798997
      ],
      [
       86.93240989475215,
       20.66748976559611
      ],
      [
       86.93221795768328,
       20.667308970390074
      ],
      [
       86.93221827837283,
       20.66658609093195
      ],
      [
       86.93250634244974,
       20.6664958439358
      ],
      [
       86.93250642227889,
       20.666315124058844
      ],
      [
       86.93298646170156,
       20.666315311222267
      ],
      [
       86.93308282574138,
       20.665502108991895
      ],
      [
       86.93250674158688,
       20.66559224451318
      ],
      [
       86.9324108140956,
       20.665411487026095
      ],
      [
       86.9324107341572,
       20.66559220692161
      ],
      [
       86.9322186792154,
       20.665682491524162
      ],
      [
       86.93212275200906,
       20.665501733879566
      ],
      [
       86.93193065675858,
       20.665682378107714
      ],
      [
       86.93097062273779,
       20.66559163663597
      ],
      [
       86.93097086766008,
       20.665049476954362
      ],
      [
       86.93039486631015,
       20.664958885531167
      ],
      [
       86.930106721236,
       20.66522984891628
      ],
      [
       86.9301066385733,
       20.665410568806834
      ],
      [
       86.92943450394476,
       20.665591015079418
      ],
      [
       86.92943442048545,
       20.6657717349598
      ],
      [
       86.92914635597714,
       20.665861976832137
      ],
      [
       86.92905022251219,
       20.666133017178172
      ],
      [
       86.92885820698754,
       20.666132938092034
      ],
      [
       86.92847396444546,
       20.6665845789346
      ],
      [
       86.92780182274085,
       20.666765018800124
      ],
      [
       86.9276096779928,
       20.667036018093423
      ],
      [
       86.927225644687,
       20.667035856493523
      ],
      [
       86.92712955016923,
       20.667216535800936
      ],
      [
       86.92693753329105,
       20.6672164545727
      ],
      [
       86.92693761971007,
       20.667035734732483
      ],
      [
       86.92616959677854,
       20.666945047765108
      ],
      [
       86.92636178750932,
       20.666583690156305
      ],
      [
       86.9266498116304,
       20.66658381287632
      ],
      [
       86.92664989838684,
       20.666403093024023
      ],
      [
       86.92684195750593,
       20.666312814641444
      ],
      [
       86.92722598899113,
       20.666312977090186
      ],
      [
       86.9276102773358,
       20.665770979087082
      ],
      [
       86.92780229240033,
       20.66577105956103
      ],
      [
       86.92847464121118,
       20.665138819951935
      ],
      [
       86.92866665548496,
       20.665138899461397
      ],
      [
       86.9295310530933,
       20.664416375010315
      ],
      [
       86.92972306646368,
       20.664416453341257
      ],
      [
       86.93029935386969,
       20.663874527304053
      ],
      [
       86.93039573062438,
       20.663061326380674
      ],
      [
       86.93058774229571,
       20.66306140374431
      ],
      [
       86.93087592328929,
       20.66270007949992
      ],
      [
       86.93145195695008,
       20.6627003093425
      ],
      [
       86.93164388733831,
       20.66288110547866
      ],
      [
       86.93202819156413,
       20.662248737368085
      ],
      [
       86.93346850753096,
       20.661707138818432
      ],
      [
       86.93404453748009,
       20.66170735999429
      ],
      [
       86.9346206833999,
       20.661436499268007
      ],
      [
       86.93538868379137,
       20.6615271486042
      ],
      [
       86.93548476495945,
       20.661346464539733
      ],
      [
       86.93596467522451,
       20.661617723362475
      ],
      [
       86.9365407423844,
       20.6615275762068
      ],
      [
       86.93663682219264,
       20.66134689149719
      ],
      [
       86.9358688219498,
       20.66125624771563
      ],
      [
       86.9355808839856,
       20.661075420417976
      ],
      [
       86.93462079936114,
       20.661165419280643
      ],
      [
       86.93433282422717,
       20.66107494990072
      ],
      [
       86.93433290187377,
       20.660894229903555
      ],
      [
       86.93318084810561,
       20.660893787570814
      ],
      [
       86.93308523922528,
       20.659990150342797
      ],
      [
       86.93241337167186,
       20.659628448371976
      ],
      [
       86.93241345158197,
       20.659447728351616
      ],
      [
       86.9321254408741,
       20.659447615292937
      ],
      [
       86.93212552112388,
       20.659266895269866
      ],
      [
       86.93183751075847,
       20.65926678173151
      ],
      [
       86.93164562507361,
       20.65899562573321
      ],
      [
       86.93106960537281,
       20.658995396576504
      ],
      [
       86.93078147276869,
       20.659266361311087
      ],
      [
       86.9303975001069,
       20.65917584681875
      ],
      [
       86.93010961387137,
       20.658904650363397
      ],
      [
       86.93010982044662,
       20.658452850289443
      ],
      [
       86.92991785599474,
       20.65836241239318
      ],
      [
       86.9291498329386,
       20.65836209874208
      ],
      [
       86.92847768593816,
       20.65863290153359
      ],
      [
       86.92838151354083,
       20.658994301752358
      ],
      [
       86.92876548453846,
       20.659084820728186
      ],
      [
       86.9287653582057,
       20.659355900747677
      ],
      [
       86.92847734769325,
       20.65935578159996
      ],
      [
       86.92866931253319,
       20.65944622108961
      ],
      [
       86.92847709400002,
       20.659897941610023
      ],
      [
       86.92818908246804,
       20.659897821978124
      ],
      [
       86.92799715991403,
       20.65971702195876
      ],
      [
       86.92799728761162,
       20.659445941955166
      ],
      [
       86.92770931967003,
       20.65935546152234
      ],
      [
       86.92799750043635,
       20.65899414193026
      ],
      [
       86.9278055792408,
       20.6588133416829
      ],
      [
       86.92761335896034,
       20.65926506126899
      ],
      [
       86.9274213520708,
       20.65926498060896
      ],
      [
       86.92732526270123,
       20.659445660203264
      ],
      [
       86.92694124847179,
       20.659445498026987
      ],
      [
       86.92703716576223,
       20.65962625865068
      ],
      [
       86.92684515842143,
       20.659626177348095
      ],
      [
       86.92684494218338,
       20.660077977328353
      ],
      [
       86.92636483535212,
       20.66025849311576
      ],
      [
       86.92617282721999,
       20.660258411062586
      ],
      [
       86.92617291451141,
       20.660077691079827
      ],
      [
       86.92540523568906,
       20.659354480777214
      ],
      [
       86.9250212660299,
       20.659263954330324
      ],
      [
       86.92502135467825,
       20.65908323433149
      ],
      [
       86.9246373413794,
       20.659083067030313
      ],
      [
       86.92434915252102,
       20.65944438098185
      ],
      [
       86.92396518326987,
       20.65935385218694
      ],
      [
       86.92386904475903,
       20.65962488983469
      ],
      [
       86.92358121447639,
       20.659263322538017
      ],
      [
       86.9231971553351,
       20.659353512024396
      ],
      [
       86.92290932715454,
       20.65899194360213
      ],
      [
       86.92271773179064,
       20.658178617701974
      ],
      [
       86.92185379942174,
       20.65799750854487
      ],
      [
       86.92146969603697,
       20.65817805420914
      ],
      [
       86.92098940206198,
       20.658719995067962
      ],
      [
       86.91993336811002,
       20.658719508264003
      ],
      [
       86.91983745979961,
       20.658538743700632
      ],
      [
       86.91964545385733,
       20.658538654390437
      ],
      [
       86.91964554885794,
       20.65835793439953
      ],
      [
       86.9193575879571,
       20.658267440038678
      ],
      [
       86.91945382882035,
       20.657815684883673
      ],
      [
       86.9198378388879,
       20.657815863710905
      ],
      [
       86.92002993846575,
       20.657635232796302
      ],
      [
       86.9205099974781,
       20.657545094585966
      ],
      [
       86.92051042035114,
       20.65673185448632
      ],
      [
       86.92089447446365,
       20.65664167093665
      ],
      [
       86.92108666460324,
       20.656280318771557
      ],
      [
       86.92089466149174,
       20.65628023086063
      ],
      [
       86.92079884718743,
       20.655918746734752
      ],
      [
       86.92060684453138,
       20.655918658505048
      ],
      [
       86.9205109371682,
       20.655737894260515
      ],
      [
       86.92031874635673,
       20.65609924580487
      ],
      [
       86.92012683789565,
       20.655918436996156
      ],
      [
       86.92012697952288,
       20.655647356922923
      ],
      [
       86.91964697374463,
       20.655647134082024
      ],
      [
       86.91955125787999,
       20.655104929189278
      ],
      [
       86.91926320772022,
       20.6551951547166
      ],
      [
       86.91926344630744,
       20.65474335456157
      ],
      [
       86.91897544454879,
       20.6547432195817
      ],
      [
       86.91868773113121,
       20.654200923911688
      ],
      [
       86.91839968217245,
       20.65429114801106
      ],
      [
       86.91830377843725,
       20.654110382517835
      ],
      [
       86.91782377750616,
       20.654110154621744
      ],
      [
       86.91782387463773,
       20.653929434546356
      ],
      [
       86.91753602062865,
       20.653658217050967
      ],
      [
       86.91724802092651,
       20.65365807919514
      ],
      [
       86.91724792311567,
       20.653838799273586
      ],
      [
       86.91686402132731,
       20.65365789463976
      ],
      [
       86.91686421785356,
       20.65329645447505
      ],
      [
       86.91724846106224,
       20.65284483879536
      ],
      [
       86.91724875447427,
       20.6523026784863
      ],
      [
       86.91744075257348,
       20.652302770437014
      ],
      [
       86.91763294536884,
       20.651941421945676
      ],
      [
       86.91792094184042,
       20.65194155914827
      ],
      [
       86.91792103884605,
       20.651760839027066
      ],
      [
       86.91820898664712,
       20.651851335809507
      ],
      [
       86.91859235632637,
       20.65302619808479
      ],
      [
       86.91897649800102,
       20.652755298632925
      ],
      [
       86.91878454732091,
       20.652664848335217
      ],
      [
       86.91878464330952,
       20.652484128225243
      ],
      [
       86.91907264081158,
       20.652484263509425
      ],
      [
       86.91916878327969,
       20.65221322832273
      ],
      [
       86.91936078127578,
       20.652213318137115
      ],
      [
       86.91936087658108,
       20.65203259801511
      ],
      [
       86.9199368698948,
       20.652032866174185
      ],
      [
       86.92022467798571,
       20.652394439780732
      ],
      [
       86.92051267532905,
       20.65239457266138
      ],
      [
       86.92051276927386,
       20.652213852538065
      ],
      [
       86.92108876328652,
       20.65221411685509
      ],
      [
       86.92108862339006,
       20.652485197042427
      ],
      [
       86.92156861925847,
       20.65248541584132
      ],
      [
       86.9219528004435,
       20.65212414966011
      ],
      [
       86.92195293880528,
       20.65185306945582
      ],
      [
       86.92214502837517,
       20.65167243602977
      ],
      [
       86.92281701903781,
       20.651672737849843
      ],
      [
       86.92300910736316,
       20.651492103454373
      ],
      [
       86.92339310158103,
       20.651492274319487
      ],
      [
       86.92339296577497,
       20.651763354544347
      ],
      [
       86.92396895813016,
       20.6517636092438
      ],
      [
       86.92444872853788,
       20.6522156203919
      ],
      [
       86.92492872359806,
       20.652215829843154
      ],
      [
       86.92531258724239,
       20.6524870766572
      ],
      [
       86.92569658397936,
       20.65248724240506
      ],
      [
       86.92675240188181,
       20.652849134090467
      ],
      [
       86.92790448007972,
       20.652668899023762
      ],
      [
       86.92800056447967,
       20.652488218950506
      ],
      [
       86.92848060269812,
       20.65239805844927
      ],
      [
       86.92867272741871,
       20.652127057668
      ],
      [
       86.92896072431459,
       20.652127176449937
      ],
      [
       86.9295365515532,
       20.65248885289343
      ],
      [
       86.92972863299458,
       20.652308211015608
      ],
      [
       86.9304006265662,
       20.652308483316933
      ],
      [
       86.93049654350328,
       20.652489242166023
      ],
      [
       86.93145657598096,
       20.6523992660162
      ],
      [
       86.93164849348017,
       20.6525800623266
      ],
      [
       86.93212852986885,
       20.652489891674573
      ],
      [
       86.93347244005824,
       20.652671135146466
      ],
      [
       86.93385655458742,
       20.652400202482056
      ],
      [
       86.93472054691809,
       20.652400531439895
      ],
      [
       86.93500865958369,
       20.652129559858235
      ],
      [
       86.93481685421933,
       20.651677686979326
      ],
      [
       86.9349135836456,
       20.649960881194588
      ],
      [
       86.93529757411764,
       20.649961025563975
      ],
      [
       86.93539372443036,
       20.649599621051955
      ],
      [
       86.9359697844497,
       20.649419115436704
      ],
      [
       86.9374097436652,
       20.649419643592545
      ],
      [
       86.9376978827579,
       20.649058307272483
      ],
      [
       86.93817790456858,
       20.648968119720212
      ],
      [
       86.93837018987115,
       20.648245307295937
      ],
      [
       86.93894609701415,
       20.648426232256707
      ],
      [
       86.93933015535255,
       20.648245647366142
      ],
      [
       86.93971399907764,
       20.648607222456807
      ],
      [
       86.94029001501971,
       20.64851706252006
      ],
      [
       86.94067393180303,
       20.648697915197857
      ],
      [
       86.9408657857199,
       20.649059421624116
      ],
      [
       86.9416337622267,
       20.64905968301426
      ],
      [
       86.94211357653927,
       20.649511645319393
      ],
      [
       86.94307341549191,
       20.649873405116516
      ],
      [
       86.94403335820517,
       20.649964079185125
      ],
      [
       86.9448014697569,
       20.649602885959393
      ],
      [
       86.9457613797742,
       20.64978391055399
      ],
      [
       86.94585731331765,
       20.649964660960816
      ],
      [
       86.94633730151553,
       20.649964810856222
      ],
      [
       86.94710506385972,
       20.650597568833163
      ],
      [
       86.94720093710359,
       20.65095903873177
      ],
      [
       86.94787277095439,
       20.651411043605883
      ],
      [
       86.94787270934857,
       20.65159176384562
      ],
      [
       86.94816064407439,
       20.651772570823635
      ],
      [
       86.94816058280763,
       20.65195329105664
      ],
      [
       86.94864039516301,
       20.652495595240595
      ],
      [
       86.94892839286074,
       20.652495680704394
      ],
      [
       86.94960023857456,
       20.65294767879876
      ],
      [
       86.95075223279723,
       20.65294801137062
      ],
      [
       86.95123214393618,
       20.65321922799677
      ],
      [
       86.9515201430083,
       20.653219309138414
      ],
      [
       86.9531524146261,
       20.652316158724567
      ],
      [
       86.9536324102589,
       20.652316288347446
      ],
      [
       86.95392046210088,
       20.65213564523939
      ],
      [
       86.95430443115443,
       20.652226107456265
      ],
      [
       86.95507223787878,
       20.652858829915484
      ],
      [
       86.95526423681804,
       20.65285887979035
      ],
      [
       86.9554561567865,
       20.65313000979479
      ],
      [
       86.95641602441091,
       20.653582055459587
      ],
      [
       86.95708779564396,
       20.654395464814097
      ],
      [
       86.9575677727523,
       20.654485943605273
      ],
      [
       86.95775969884731,
       20.654757071007822
      ],
      [
       86.95795170017715,
       20.65475711789703
      ],
      [
       86.95795165047419,
       20.65493783809302
      ],
      [
       86.95823962812892,
       20.655028268123868
      ],
      [
       86.95871951031812,
       20.655480184086002
      ],
      [
       86.95871946152087,
       20.655660904268625
      ],
      [
       86.95891146398814,
       20.655660950091917
      ],
      [
       86.95939132614693,
       20.65620322424529
      ],
      [
       86.95996726461229,
       20.65647443908908
      ],
      [
       86.96044706293128,
       20.65728779049584
      ],
      [
       86.96044696941158,
       20.657649230789392
      ],
      [
       86.96111889487133,
       20.658010823804347
      ],
      [
       86.96159877223289,
       20.658553091696167
      ],
      [
       86.9622707713049,
       20.658643600013708
      ],
      [
       86.96323065026537,
       20.6592763276909
      ],
      [
       86.96476662311268,
       20.659638088422806
      ],
      [
       86.96524653907704,
       20.66008998604393
      ],
      [
       86.96601449089206,
       20.66045157923651
      ],
      [
       86.96601445070758,
       20.660632299330285
      ],
      [
       86.96678240706754,
       20.660993889088438
      ],
      [
       86.96707042084311,
       20.660993944300206
      ],
      [
       86.96764633362798,
       20.66153621352625
      ],
      [
       86.96899040270266,
       20.66153646034353
      ],
      [
       86.97167817250777,
       20.663524843246
      ],
      [
       86.97283021461607,
       20.663705748579634
      ],
      [
       86.97292618889921,
       20.663886483710886
      ],
      [
       86.97350218038126,
       20.664157653203347
      ],
      [
       86.97407821989329,
       20.664157740723386
      ],
      [
       86.97417419593653,
       20.664338475152757
      ],
      [
       86.9752302549859,
       20.664428990038264
      ],
      [
       86.97523022569199,
       20.664609710063772
      ],
      [
       86.97542223943296,
       20.66460973752798
      ],
      [
       86.97599819549917,
       20.665151978695135
      ],
      [
       86.97647820373936,
       20.665332764831547
      ],
      [
       86.97686215094592,
       20.665874976784618
      ],
      [
       86.9777261804314,
       20.666146170519173
      ],
      [
       86.97791815693036,
       20.66641727519504
      ],
      [
       86.97849419226125,
       20.666507707971284
      ],
      [
       86.97897415798066,
       20.667049927102322
      ],
      [
       86.97945417571054,
       20.66723070492617
      ],
      [
       86.97993413524058,
       20.66786328132648
      ],
      [
       86.98051017722202,
       20.667953707360653
      ],
      [
       86.98060616325671,
       20.668134438140886
      ],
      [
       86.98204621464347,
       20.668857473859845
      ],
      [
       86.98300620957089,
       20.669761170799458
      ],
      [
       86.98406228310051,
       20.670122711470725
      ],
      [
       86.98521432847083,
       20.670936053688283
      ],
      [
       86.98550236102606,
       20.670936078141718
      ],
      [
       86.98627039911307,
       20.671478300690797
      ],
      [
       86.98655843269208,
       20.671478323381027
      ],
      [
       86.9865584167895,
       20.671659043270918
      ],
      [
       86.9867504394029,
       20.67165905813062
      ],
      [
       86.98694243111954,
       20.672020512545508
      ],
      [
       86.98790252499242,
       20.672291662386982
      ],
      [
       86.98924660616339,
       20.673466430558893
      ],
      [
       86.98924659343983,
       20.67364715040895
      ],
      [
       86.9895346125375,
       20.673918247898442
      ],
      [
       86.99039869868729,
       20.674370097772204
      ],
      [
       86.99078272346952,
       20.67482191830131
      ],
      [
       86.99126277961244,
       20.67500266311712
      ],
      [
       86.99183882627251,
       20.675635210695635
      ],
      [
       86.99241490014411,
       20.675815956805856
      ],
      [
       86.99318298328289,
       20.676448508177312
      ],
      [
       86.993278937948,
       20.67780391027606
      ],
      [
       86.9929908924331,
       20.677803898806857
      ],
      [
       86.99279883652234,
       20.67834605016498
      ],
      [
       86.99308684624104,
       20.679159300799363
      ],
      [
       86.99366291988358,
       20.679701482124706
      ],
      [
       86.99385495261352,
       20.679701489076425
      ],
      [
       86.99404699591243,
       20.679430416224616
      ],
      [
       86.99404703466348,
       20.678436457656414
      ],
      [
       86.9943351014855,
       20.67789430809389
      ],
      [
       86.99452713194296,
       20.677894314296378
      ],
      [
       86.99452713841997,
       20.677713594532896
      ],
      [
       86.99491119888054,
       20.67771360629612
      ],
      [
       86.99577532241815,
       20.67816542903788
      ],
      [
       86.99702351732722,
       20.67843653473523
      ],
      [
       86.99711952778355,
       20.678707615988085
      ],
      [
       86.99769561404439,
       20.679249783869235
      ],
      [
       86.99788764620726,
       20.679249786329013
      ],
      [
       86.99865576690385,
       20.680153392651782
      ],
      [
       86.99894381622792,
       20.68024375451419
      ],
      [
       86.99894381497779,
       20.68042447422548
      ],
      [
       87.00076813774393,
       20.6810569947093
      ],
      [
       87.00105619127318,
       20.681328072725123
      ],
      [
       87.0010561925234,
       20.681508792413688
      ],
      [
       87.0012482275276,
       20.681508791130167
      ],
      [
       87.00153628367096,
       20.681870228169515
      ],
      [
       87.00211239379809,
       20.68214130158695
      ],
      [
       87.00240045602237,
       20.68268345681935
      ],
      [
       87.00268851551877,
       20.682954532056034
      ],
      [
       87.00336065036521,
       20.683225599742723
      ],
      [
       87.00336065434362,
       20.68340631939126
      ],
      [
       87.00412880879433,
       20.683587022348455
      ],
      [
       87.00451289204402,
       20.683858092180678
      ],
      [
       87.00489696796164,
       20.68385808169732
      ],
      [
       87.00528105638314,
       20.684219509624047
      ],
      [
       87.0062412669213,
       20.684671276591803
      ],
      [
       87.00729753315629,
       20.68575555275699
      ],
      [
       87.00777764322717,
       20.685936251355606
      ],
      [
       87.00806571840995,
       20.68620731750022
      ],
      [
       87.00806572795985,
       20.6863880370848
      ],
      [
       87.00825776910025,
       20.68638802799088
      ],
      [
       87.0090259764091,
       20.687110867774113
      ],
      [
       87.01008223752459,
       20.687562608127593
      ],
      [
       87.01065837168608,
       20.687652933239455
      ],
      [
       87.01085042726456,
       20.68783364080892
      ],
      [
       87.01113849170115,
       20.68783362243245
      ],
      [
       87.01190670582741,
       20.688375729708437
      ],
      [
       87.01209874946659,
       20.688375716333624
      ],
      [
       87.01305907590958,
       20.68964068292372
      ],
      [
       87.01382728957837,
       20.6900020620151
      ],
      [
       87.0138273059533,
       20.690182781516675
      ],
      [
       87.01440349486063,
       20.69072489280653
      ],
      [
       87.01488362015722,
       20.690815211751573
      ],
      [
       87.01497967012122,
       20.691086282655387
      ],
      [
       87.01536378241214,
       20.691266968316658
      ],
      [
       87.01536380060786,
       20.691447687790493
      ],
      [
       87.01651614430111,
       20.69198973959849
      ],
      [
       87.01680424642988,
       20.69226079093152
      ],
      [
       87.01680426633263,
       20.692441510383247
      ],
      [
       87.01738046405102,
       20.692893251845202
      ],
      [
       87.01738048463692,
       20.69307397128313
      ],
      [
       87.01843681173736,
       20.6935256600779
      ],
      [
       87.01843683357515,
       20.69370637950153
      ],
      [
       87.01882095655216,
       20.693887057393905
      ],
      [
       87.0191090776749,
       20.694248464513315
      ],
      [
       87.01949320281206,
       20.694429140893995
      ],
      [
       87.0200693565635,
       20.694429074747845
      ],
      [
       87.02007027199332,
       20.701386769027085
      ],
      [
       87.018533780923,
       20.701296581567753
      ],
      [
       87.01728535061467,
       20.700935272829817
      ],
      [
       87.01709326078876,
       20.700664213083655
      ],
      [
       87.01680517213319,
       20.70066424142984
      ],
      [
       87.01642101501062,
       20.700302839912034
      ],
      [
       87.01613292703667,
       20.700302867133484
      ],
      [
       87.01613290792112,
       20.70012214784592
      ],
      [
       87.01574879107692,
       20.700122183391393
      ],
      [
       87.01565274331931,
       20.699941472852156
      ],
      [
       87.01517258884292,
       20.69985115616394
      ],
      [
       87.01469240882197,
       20.699489759184438
      ],
      [
       87.01440432238141,
       20.69948978351408
      ],
      [
       87.01430827661494,
       20.699309072210745
      ],
      [
       87.01344397849304,
       20.698857343542986
      ],
      [
       87.01190749561913,
       20.69849601794969
      ],
      [
       87.01181145343638,
       20.69831530523159
      ],
      [
       87.01152336921066,
       20.69831532474227
      ],
      [
       87.01142732759678,
       20.698134611805962
      ],
      [
       87.01075511912293,
       20.697953935745318
      ],
      [
       87.01056304465526,
       20.697682868615342
      ],
      [
       87.01017893394518,
       20.69768289173835
      ],
      [
       87.00979480582853,
       20.697411834982972
      ],
      [
       87.00931466277527,
       20.697321501935505
      ],
      [
       87.00921862440369,
       20.697140787745713
      ],
      [
       87.00835436847586,
       20.696960112463557
      ],
      [
       87.00806627247269,
       20.696689047146343
      ],
      [
       87.00739408310437,
       20.696689077306367
      ],
      [
       87.00720202046703,
       20.696508366072738
      ],
      [
       87.00691393964998,
       20.696508377874373
      ],
      [
       87.00681790463413,
       20.696327662328184
      ],
      [
       87.00643379352182,
       20.696237317412162
      ],
      [
       87.00662584313427,
       20.69614695044434
      ],
      [
       87.00672184993891,
       20.695695148265944
      ],
      [
       87.00652979708445,
       20.695695155651684
      ],
      [
       87.00604964703221,
       20.695243374696506
      ],
      [
       87.00556952291466,
       20.69542411028205
      ],
      [
       87.00576159249107,
       20.695875902440505
      ],
      [
       87.00604967928096,
       20.696056611948755
      ],
      [
       87.00499338607653,
       20.696056645800716
      ],
      [
       87.00441721568066,
       20.695695222765604
      ],
      [
       87.00460926580583,
       20.695604858039836
      ],
      [
       87.00480130432844,
       20.695153054306296
      ],
      [
       87.00441720521553,
       20.695333783980203
      ],
      [
       87.00326489081316,
       20.695333809669254
      ],
      [
       87.00316886836664,
       20.69551453085699
      ],
      [
       87.0026887383889,
       20.69560489871474
      ],
      [
       87.00201655259767,
       20.69551454819726
      ],
      [
       87.00192052400851,
       20.69533382989938
      ],
      [
       87.00134436521363,
       20.69515311595943
      ],
      [
       86.99884768422979,
       20.69551455614489
      ],
      [
       86.99836755362584,
       20.695424192567682
      ],
      [
       86.99817550327256,
       20.695243471244055
      ],
      [
       86.99769537255507,
       20.695243465490808
      ],
      [
       86.99759934925531,
       20.69506274477894
      ],
      [
       86.9953907478443,
       20.6951530595511
      ],
      [
       86.99519870135906,
       20.69497233490422
      ],
      [
       86.99462252641403,
       20.695514476079925
      ],
      [
       86.9945264903745,
       20.69578555214044
      ],
      [
       86.99404635090036,
       20.695966255602887
      ],
      [
       86.9931820792123,
       20.696689101070437
      ],
      [
       86.99270193962553,
       20.696779441083955
      ],
      [
       86.99212574898297,
       20.69732157379208
      ],
      [
       86.99154956926206,
       20.69759262552044
      ],
      [
       86.9903011929528,
       20.69786363878107
      ],
      [
       86.99010912565176,
       20.698044347201176
      ],
      [
       86.98799651174514,
       20.69804421295675
      ],
      [
       86.98809250438094,
       20.69849601794969
      ],
      [
       86.98790044083556,
       20.698586364230625
      ],
      [
       86.98847660348426,
       20.698676763396413
      ],
      [
       86.98886069689928,
       20.69894786764278
      ],
      [
       86.989916998165,
       20.699128652023887
      ],
      [
       86.99231771741984,
       20.699038416152554
      ],
      [
       86.99289389281955,
       20.698948081223623
      ],
      [
       86.99308595796103,
       20.69876736971702
      ],
      [
       86.99471844323185,
       20.698677067838442
      ],
      [
       86.99481447768011,
       20.69849635142764
      ],
      [
       86.99510256225264,
       20.69849635985826
      ],
      [
       86.99519859613204,
       20.698315643229417
      ],
      [
       86.99683109033926,
       20.697502443950416
      ],
      [
       86.9973112265735,
       20.697592811788187
      ],
      [
       86.99817547841677,
       20.69732174408012
      ],
      [
       87.00153643831803,
       20.69723138721203
      ],
      [
       87.00201658007029,
       20.69759282096776
      ],
      [
       87.00336097076422,
       20.697773519333342
      ],
      [
       87.00393714650895,
       20.698134945812832
      ],
      [
       87.00489743194512,
       20.69831564052629
      ],
      [
       87.00528155363948,
       20.69858670817488
      ],
      [
       87.00633787562643,
       20.698857751539332
      ],
      [
       87.00701009116405,
       20.69921916413361
      ],
      [
       87.00710614506833,
       20.699761318124697
      ],
      [
       87.00701012438745,
       20.69994204136022
      ],
      [
       87.00643396121822,
       20.70021314278826
      ],
      [
       87.00268882121183,
       20.700303601604197
      ],
      [
       87.00201661829873,
       20.700484330075934
      ],
      [
       87.00124838275654,
       20.70048433735647
      ],
      [
       87.00096029613495,
       20.70075541813267
      ],
      [
       87.00019205922702,
       20.700755420702308
      ],
      [
       86.99942382129498,
       20.70102649876656
      ],
      [
       86.9974071973644,
       20.70093612057749
      ],
      [
       86.99731116445113,
       20.70111683838279
      ],
      [
       86.99260570226072,
       20.701116700663636
      ],
      [
       86.99231759908551,
       20.701387766963116
      ],
      [
       86.99154934898641,
       20.70156845025324
      ],
      [
       86.99020492144462,
       20.70165873868118
      ],
      [
       86.9894366549641,
       20.702020131797227
      ],
      [
       86.98818825266217,
       20.702110410340428
      ],
      [
       86.98799617750845,
       20.702291116312114
      ],
      [
       86.98761205519538,
       20.702291089114585
      ],
      [
       86.98645964814602,
       20.702742800485748
      ],
      [
       86.98607552469761,
       20.70274276986103
      ],
      [
       86.98559534478285,
       20.703013809225187
      ],
      [
       86.98521122065324,
       20.70301377667257
      ],
      [
       86.98482706955312,
       20.703284822103548
      ],
      [
       86.98434691353961,
       20.7032847791367
      ],
      [
       86.98425086367314,
       20.7034654896043
      ],
      [
       86.98357861526885,
       20.70373650565099
      ],
      [
       86.98329053071019,
       20.70364611833568
      ],
      [
       86.98290637460563,
       20.703917159459706
      ],
      [
       86.98261829010511,
       20.703826771021934
      ],
      [
       86.98261826950588,
       20.704007490230676
      ],
      [
       86.98175397378455,
       20.704097760442686
      ],
      [
       86.98060154725034,
       20.704459072906506
      ],
      [
       86.98040949497891,
       20.704368691569382
      ],
      [
       86.98021740776757,
       20.70454938881113
      ],
      [
       86.97906502381039,
       20.704549252593125
      ],
      [
       86.97887293477962,
       20.704729948330097
      ],
      [
       86.97810469087874,
       20.70463949278301
      ],
      [
       86.97762443780213,
       20.705271948207475
      ],
      [
       86.97704820229805,
       20.705542951142053
      ],
      [
       86.97704817509518,
       20.705723670308597
      ],
      [
       86.97685610962655,
       20.705723644605495
      ],
      [
       86.97627982888035,
       20.70626572368497
      ],
      [
       86.97551150622996,
       20.706627054452223
      ],
      [
       86.97551147720411,
       20.70680777359402
      ],
      [
       86.9752233769561,
       20.706807732386384
      ],
      [
       86.97464711636064,
       20.70716908679509
      ],
      [
       86.97320653232644,
       20.707620666514583
      ],
      [
       86.97224609437193,
       20.708162671760096
      ],
      [
       86.97157383765696,
       20.708252921658634
      ],
      [
       86.97042133812766,
       20.708704525317547
      ],
      [
       86.96802047298713,
       20.708704096195948
      ],
      [
       86.96763629620604,
       20.708884743516077
      ],
      [
       86.96686803810444,
       20.70879423787075
      ],
      [
       86.96571558154992,
       20.708974731370066
      ],
      [
       86.95918526566204,
       20.708792588322353
      ],
      [
       86.95745661675542,
       20.70888252946886
      ],
      [
       86.9568803574115,
       20.70906310520994
      ],
      [
       86.9562081396433,
       20.708972576037937
      ],
      [
       86.95592008761611,
       20.708791783471355
      ],
      [
       86.9546716372289,
       20.708791459372627
      ],
      [
       86.9541914097071,
       20.70897205136417
      ],
      [
       86.95255884697212,
       20.708881249804385
      ],
      [
       86.95227065800952,
       20.709152248762596
      ],
      [
       86.95121424555191,
       20.709242312242278
      ],
      [
       86.95111815268166,
       20.709423004045462
      ],
      [
       86.9506379189811,
       20.70960358610185
      ],
      [
       86.94977363240619,
       20.70951297665406
      ],
      [
       86.94958150245341,
       20.709693639551993
      ],
      [
       86.9489091954526,
       20.709874160431234
      ],
      [
       86.94737256799444,
       20.7100544166882
      ],
      [
       86.94718040320959,
       20.710325436391546
      ],
      [
       86.94564370475382,
       20.710686396192663
      ],
      [
       86.94525946411049,
       20.710957352983698
      ],
      [
       86.94439514016392,
       20.710957076036955
      ],
      [
       86.94333860989774,
       20.711318169608326
      ],
      [
       86.94237824771652,
       20.711317850903292
      ],
      [
       86.94180192691888,
       20.71158873555726
      ],
      [
       86.94112967221515,
       20.711588507023755
      ],
      [
       86.94036127507519,
       20.71185932106122
      ],
      [
       86.93709599503093,
       20.71194851859081
      ]
     ],
     [
      [
       86.95438523635356,
       20.703098731109485
      ],
      [
       86.9545772984707,
       20.703098781866085
      ],
      [
       86.95457735229898,
       20.702918062687026
      ],
      [
       86.95428931363398,
       20.702737267290402
      ],
      [
       86.95438523635356,
       20.703098731109485
      ]
     ],
     [
      [
       86.95438556068014,
       20.702014415981147
      ],
      [
       86.95467351752764,
       20.70246629001992
      ],
      [
       86.95457762143171,
       20.702014466734855
      ],
      [
       86.95438556068014,
       20.702014415981147
      ]
     ],
     [
      [
       86.92365720645144,
       20.699292750267297
      ],
      [
       86.92375332539672,
       20.69911207364177
      ],
      [
       86.92404136587959,
       20.699202560486707
      ],
      [
       86.92394560765646,
       20.698660360633173
      ],
      [
       86.92365747780461,
       20.69875059279186
      ],
      [
       86.92346523991769,
       20.699111945893694
      ],
      [
       86.92365720645144,
       20.699292750267297
      ]
     ],
     [
      [
       86.95659508225351,
       20.69912347895684
      ],
      [
       86.95669108515544,
       20.69921386275779
      ],
      [
       86.95669111081192,
       20.699123503125413
      ],
      [
       86.95659508225351,
       20.69912347895684
      ]
     ],
     [
      [
       86.95669111081192,
       20.699123503125413
      ],
      [
       86.9569792219736,
       20.69903321567631
      ],
      [
       86.95697932391492,
       20.698671777132166
      ],
      [
       86.95736346227122,
       20.698581512987705
      ],
      [
       86.95726756062282,
       20.698129690986594
      ],
      [
       86.95688339780726,
       20.69831031456592
      ],
      [
       86.95659549364859,
       20.697677724711856
      ],
      [
       86.9568836276743,
       20.697497077753138
      ],
      [
       86.95697980810642,
       20.696954943840584
      ],
      [
       86.95765207371765,
       20.696684031404267
      ],
      [
       86.95765217405219,
       20.69632259275847
      ],
      [
       86.95736419467833,
       20.69596108304891
      ],
      [
       86.9569800884053,
       20.695960987568142
      ],
      [
       86.9569800374431,
       20.696141706898928
      ],
      [
       86.95678795848482,
       20.69623201850071
      ],
      [
       86.95678783050747,
       20.696683816805223
      ],
      [
       86.95582763878016,
       20.696412494300795
      ],
      [
       86.95553940021713,
       20.696954578141895
      ],
      [
       86.954867049474,
       20.69749656126427
      ],
      [
       86.95477091477476,
       20.697857974663417
      ],
      [
       86.95457883235055,
       20.69794828377796
      ],
      [
       86.95457859019014,
       20.698761520522773
      ],
      [
       86.95534676391243,
       20.698942440629814
      ],
      [
       86.9555389524903,
       20.69849069212616
      ],
      [
       86.95573100880776,
       20.69849074158579
      ],
      [
       86.95573093013422,
       20.69876182049648
      ],
      [
       86.9561150174562,
       20.69885227841028
      ],
      [
       86.95621109772382,
       20.69867158357403
      ],
      [
       86.95640315427077,
       20.698671632284732
      ],
      [
       86.95640310261773,
       20.69885235155732
      ],
      [
       86.9566911877805,
       20.698852424222608
      ],
      [
       86.95669111081192,
       20.699123503125413
      ]
     ],
     [
      [
       86.93614104077713,
       20.699026751457268
      ],
      [
       86.93652522984429,
       20.698846174206764
      ],
      [
       86.93642938978522,
       20.69839434075667
      ],
      [
       86.93604520174483,
       20.69857491780558
      ],
      [
       86.93614104077713,
       20.699026751457268
      ]
     ],
     [
      [
       86.91021357632594,
       20.698653750946622
      ],
      [
       86.91030955136601,
       20.69874416052066
      ],
      [
       86.91030960449787,
       20.698653800968696
      ],
      [
       86.91021357632594,
       20.698653750946622
      ]
     ],
     [
      [
       86.94401550823513,
       20.69866805196825
      ],
      [
       86.94420756474194,
       20.69866811427511
      ],
      [
       86.94420763084344,
       20.698487395032203
      ],
      [
       86.94401557456418,
       20.698487332725936
      ],
      [
       86.94401550823513,
       20.69866805196825
      ]
     ],
     [
      [
       86.9368135394876,
       20.69830412245748
      ],
      [
       86.93690945537787,
       20.69857523648431
      ],
      [
       86.93690956749919,
       20.698304157651613
      ],
      [
       86.9368135394876,
       20.69830412245748
      ]
     ],
     [
      [
       86.90954153988959,
       20.698382320637496
      ],
      [
       86.90973354241608,
       20.69847278092944
      ],
      [
       86.9097335958884,
       20.698382421376067
      ],
      [
       86.90954153988959,
       20.698382320637496
      ]
     ],
     [
      [
       86.92116125670938,
       20.697755512864884
      ],
      [
       86.92125723769863,
       20.697845916369563
      ],
      [
       86.92125728434296,
       20.69775555678267
      ],
      [
       86.92116125670938,
       20.697755512864884
      ]
     ],
     [
      [
       86.94353596902656,
       20.697041421960527
      ],
      [
       86.94363196286596,
       20.69713181304186
      ],
      [
       86.94363199625508,
       20.697041453405674
      ],
      [
       86.94353596902656,
       20.697041421960527
      ]
     ],
     [
      [
       86.95813210964008,
       20.69704558738555
      ],
      [
       86.95822811214907,
       20.697135970351074
      ],
      [
       86.9582281368923,
       20.69704561069511
      ],
      [
       86.95813210964008,
       20.69704558738555
      ]
     ],
     [
      [
       86.95832418883086,
       20.69695527429412
      ],
      [
       86.95842019139712,
       20.69704565715365
      ],
      [
       86.95842021602645,
       20.69695529749652
      ],
      [
       86.95832418883086,
       20.69695527429412
      ]
     ],
     [
      [
       86.95813223363858,
       20.696593789092084
      ],
      [
       86.95822823586384,
       20.696684172061783
      ],
      [
       86.95822826060639,
       20.696593812401087
      ],
      [
       86.95813223363858,
       20.696593789092084
      ]
     ],
     [
      [
       86.91607253820406,
       20.696397714884693
      ],
      [
       86.91616846566018,
       20.696578480814395
      ],
      [
       86.91616856497075,
       20.696397761636003
      ],
      [
       86.91607253820406,
       20.696397714884693
      ]
     ],
     [
      [
       86.9583243122599,
       20.69650347599481
      ],
      [
       86.95861239299391,
       20.696503545439786
      ],
      [
       86.95870846882117,
       20.696322849153837
      ],
      [
       86.95890052241725,
       20.69632289507539
      ],
      [
       86.95890057110488,
       20.696142175743937
      ],
      [
       86.95832438631572,
       20.696232397003865
      ],
      [
       86.9583243122599,
       20.69650347599481
      ]
     ],
     [
      [
       86.98511589504157,
       20.69578499617341
      ],
      [
       86.98530796540813,
       20.695604293274112
      ],
      [
       86.98502019681943,
       20.69244167864765
      ],
      [
       86.98502066691486,
       20.68765261185495
      ],
      [
       86.98521276216964,
       20.687110469766214
      ],
      [
       86.98550106556961,
       20.684580419979902
      ],
      [
       86.98569312136956,
       20.684399716407874
      ],
      [
       86.98588522684473,
       20.683676853727516
      ],
      [
       86.98578932574117,
       20.68241180829564
      ],
      [
       86.98569323146125,
       20.68322503879475
      ],
      [
       86.98540516708701,
       20.683315374468346
      ],
      [
       86.98521304228913,
       20.684218956268687
      ],
      [
       86.98482890261197,
       20.684851441551757
      ],
      [
       86.98473276551907,
       20.686026110460247
      ],
      [
       86.9843485729694,
       20.687110393454617
      ],
      [
       86.9843482578929,
       20.69018262547127
      ],
      [
       86.98415616507476,
       20.690634406655107
      ],
      [
       86.98415609001903,
       20.691357284579087
      ],
      [
       86.98434810033312,
       20.691718741069195
      ],
      [
       86.98434796129787,
       20.69307413695778
      ],
      [
       86.98453999253579,
       20.693254873731703
      ],
      [
       86.98473187050571,
       20.694971725309365
      ],
      [
       86.98492390458551,
       20.695152461617436
      ],
      [
       86.984923868868,
       20.695513900398943
      ],
      [
       86.98511589504157,
       20.69578499617341
      ]
     ],
     [
      [
       86.91655326515108,
       20.695313632945425
      ],
      [
       86.916649241869,
       20.695404039028613
      ],
      [
       86.91664929123658,
       20.69531367942647
      ],
      [
       86.91655326515108,
       20.695313632945425
      ]
     ],
     [
      [
       86.96504661040316,
       20.694697777292053
      ],
      [
       86.96543071353257,
       20.69469785478475
      ],
      [
       86.96543075448085,
       20.694517135405558
      ],
      [
       86.96591088282636,
       20.694517231066385
      ],
      [
       86.96600706955465,
       20.693794372479008
      ],
      [
       86.9655269230671,
       20.693884636787136
      ],
      [
       86.96571889239755,
       20.694246113885896
      ],
      [
       86.96504667250785,
       20.69442669822296
      ],
      [
       86.96504661040316,
       20.694697777292053
      ]
     ],
     [
      [
       86.89965493677992,
       20.691870954731165
      ],
      [
       86.89994300840036,
       20.691871122241242
      ],
      [
       86.89994330465426,
       20.691419324247878
      ],
      [
       86.89975137620239,
       20.691238493427743
      ],
      [
       86.89955932925244,
       20.691238381597557
      ],
      [
       86.89946312717555,
       20.69150940440276
      ],
      [
       86.89965493677992,
       20.691870954731165
      ]
     ],
     [
      [
       86.96312694642248,
       20.691173348495806
      ],
      [
       86.96322303531736,
       20.690902289841326
      ],
      [
       86.96293498709109,
       20.690811868395315
      ],
      [
       86.9629349431951,
       20.69099258784721
      ],
      [
       86.96312694642248,
       20.691173348495806
      ]
     ],
     [
      [
       86.96533552943329,
       20.690993087465237
      ],
      [
       86.96543159382354,
       20.69081238729754
      ],
      [
       86.96581568717372,
       20.69081246391829
      ],
      [
       86.96600777410596,
       20.690631782445923
      ],
      [
       86.96600789487293,
       20.690089624038077
      ],
      [
       86.96581584910692,
       20.690089586050185
      ],
      [
       86.96581580862427,
       20.690270305522894
      ],
      [
       86.9654317166387,
       20.690270228904335
      ],
      [
       86.96533552943329,
       20.690993087465237
      ]
     ],
     [
      [
       86.95851801209217,
       20.69044942283549
      ],
      [
       86.9587099849467,
       20.69072054813094
      ],
      [
       86.95871005829483,
       20.690449468956874
      ],
      [
       86.95851801209217,
       20.69044942283549
      ]
     ],
     [
      [
       86.89869607776907,
       20.689792122000483
      ],
      [
       86.89898420526929,
       20.689701931481434
      ],
      [
       86.89869619773523,
       20.68961140276936
      ],
      [
       86.89869637768204,
       20.689340323915573
      ],
      [
       86.89850433312718,
       20.68934021091952
      ],
      [
       86.89840807023823,
       20.689701592807843
      ],
      [
       86.89860017528707,
       20.68961134629728
      ],
      [
       86.89869607776907,
       20.689792122000483
      ]
     ],
     [
      [
       86.89946449638725,
       20.689431133380733
      ],
      [
       86.8995603403119,
       20.689702268228924
      ],
      [
       86.8995605187246,
       20.68943118937076
      ],
      [
       86.89946449638725,
       20.689431133380733
      ]
     ],
     [
      [
       86.94689953232026,
       20.68954263717966
      ],
      [
       86.94699552345048,
       20.68963302645966
      ],
      [
       86.9469955548348,
       20.689542666739808
      ],
      [
       86.94689953232026,
       20.68954263717966
      ]
     ],
     [
      [
       86.89936853363422,
       20.689340717716455
      ],
      [
       86.89946449638725,
       20.689431133380733
      ],
      [
       86.89946455591438,
       20.689340773759714
      ],
      [
       86.89936853363422,
       20.689340717716455
      ]
     ],
     [
      [
       86.89917648907485,
       20.68934060546942
      ],
      [
       86.89936853363422,
       20.689340717716455
      ],
      [
       86.8993687123842,
       20.689069638848526
      ],
      [
       86.89917666816596,
       20.689069526603095
      ],
      [
       86.89917648907485,
       20.68934060546942
      ]
     ],
     [
      [
       86.94603548945871,
       20.689090570124357
      ],
      [
       86.94613157547728,
       20.68890988071583
      ],
      [
       86.94574748701812,
       20.688909760232164
      ],
      [
       86.9457474548959,
       20.689000119956802
      ],
      [
       86.94603548945871,
       20.689090570124357
      ]
     ],
     [
      [
       86.94641967354752,
       20.688819610790244
      ],
      [
       86.94651566393915,
       20.688910000343487
      ],
      [
       86.9465156956064,
       20.688819640616764
      ],
      [
       86.94641967354752,
       20.688819610790244
      ]
     ],
     [
      [
       86.9557340236732,
       20.68809937691746
      ],
      [
       86.95631015338992,
       20.688099523931232
      ],
      [
       86.95659826964287,
       20.687918877217488
      ],
      [
       86.956598321035,
       20.687738157715298
      ],
      [
       86.95631030858966,
       20.687557365426738
      ],
      [
       86.95631038618765,
       20.68728628616171
      ],
      [
       86.95592640612746,
       20.686924749339276
      ],
      [
       86.95563831722403,
       20.687015035194644
      ],
      [
       86.95535036014877,
       20.68665352176931
      ],
      [
       86.95515829218421,
       20.68674383167372
      ],
      [
       86.95515805325445,
       20.68755706948169
      ],
      [
       86.9557340236732,
       20.68809937691746
      ]
     ],
     [
      [
       86.9463242235167,
       20.68719310567239
      ],
      [
       86.94642018110987,
       20.687373855036153
      ],
      [
       86.9464202445521,
       20.68719313554985
      ],
      [
       86.9463242235167,
       20.68719310567239
      ]
     ],
     [
      [
       86.94651626558766,
       20.687193165373817
      ],
      [
       86.94670824455817,
       20.687373944348415
      ],
      [
       86.94670833920964,
       20.687102865116273
      ],
      [
       86.94651626558766,
       20.687193165373817
      ]
     ],
     [
      [
       86.96466422309486,
       20.68728820135157
      ],
      [
       86.96485626533337,
       20.687288240617768
      ],
      [
       86.96504836964972,
       20.68701720036798
      ],
      [
       86.96552847439632,
       20.687017297060944
      ],
      [
       86.9656245360482,
       20.68683659669854
      ],
      [
       86.96581657772042,
       20.68683663489391
      ],
      [
       86.96572061776624,
       20.686565536504848
      ],
      [
       86.96495257693466,
       20.686023223356344
      ],
      [
       86.96495263917794,
       20.685752144014867
      ],
      [
       86.9642805192544,
       20.685661646250896
      ],
      [
       86.9641845415632,
       20.685480906759164
      ],
      [
       86.96370446314239,
       20.685390446545643
      ],
      [
       86.9635124664934,
       20.685209686429136
      ],
      [
       86.96293630375199,
       20.68539028307765
      ],
      [
       86.9628402178352,
       20.685661341749967
      ],
      [
       86.96264817764795,
       20.685661300240493
      ],
      [
       86.96236018421412,
       20.685390158230042
      ],
      [
       86.9621681219735,
       20.685480475968678
      ],
      [
       86.96216816676461,
       20.68529975640288
      ],
      [
       86.96149602770878,
       20.685299607565344
      ],
      [
       86.96111187918838,
       20.685570600682457
      ],
      [
       86.96072779905046,
       20.685570513598556
      ],
      [
       86.96072772930464,
       20.685841592932714
      ],
      [
       86.9598635474669,
       20.685841393861853
      ],
      [
       86.9599594491513,
       20.686293215061934
      ],
      [
       86.96024751061577,
       20.686293281741435
      ],
      [
       86.96043950475257,
       20.68647404546824
      ],
      [
       86.96063159257018,
       20.68629336989851
      ],
      [
       86.96082363354813,
       20.6862934136561
      ],
      [
       86.96091960776559,
       20.686474154996972
      ],
      [
       86.96120771550554,
       20.686293500529345
      ],
      [
       86.9617838384453,
       20.68629362923441
      ],
      [
       86.96207187746319,
       20.68638405263764
      ],
      [
       86.96216783081962,
       20.68665515305408
      ],
      [
       86.9633200143007,
       20.686926481432227
      ],
      [
       86.96341599187352,
       20.687107221374923
      ],
      [
       86.96389611826929,
       20.687016962848332
      ],
      [
       86.96408811764313,
       20.68719772250363
      ],
      [
       86.96437622300915,
       20.68701706275102
      ],
      [
       86.96466422309486,
       20.68728820135157
      ]
     ],
     [
      [
       86.94670833920964,
       20.687102865116273
      ],
      [
       86.94690041260472,
       20.68701256464323
      ],
      [
       86.94680439168216,
       20.687012535033524
      ],
      [
       86.94670846540922,
       20.686741426126815
      ],
      [
       86.94661244465755,
       20.68674139641055
      ],
      [
       86.94651632891552,
       20.687012445883447
      ],
      [
       86.94670833920964,
       20.687102865116273
      ]
     ],
     [
      [
       86.9464204031547,
       20.68674133681753
      ],
      [
       86.94661244465755,
       20.68674139641055
      ],
      [
       86.94661247626387,
       20.68665103666097
      ],
      [
       86.94632444595707,
       20.686560587441505
      ],
      [
       86.9464204031547,
       20.68674133681753
      ]
     ],
     [
      [
       86.96610466029631,
       20.686746332013623
      ],
      [
       86.9663927226359,
       20.686746388423742
      ],
      [
       86.96648880293334,
       20.686475327796988
      ],
      [
       86.96600869988671,
       20.686475233781483
      ],
      [
       86.96610466029631,
       20.686746332013623
      ]
     ],
     [
      [
       86.94632482726404,
       20.68547627036637
      ],
      [
       86.94642075206548,
       20.68574737952312
      ],
      [
       86.94642084721939,
       20.685476300241127
      ],
      [
       86.94632482726404,
       20.68547627036637
      ]
     ],
     [
      [
       86.95256671434579,
       20.6835805455722
      ],
      [
       86.9527587798532,
       20.68349023851788
      ],
      [
       86.95275883577862,
       20.683309518932536
      ],
      [
       86.95256679857516,
       20.683309466196352
      ],
      [
       86.95256671434579,
       20.6835805455722
      ]
     ],
     [
      [
       86.95227905347605,
       20.682315428910783
      ],
      [
       86.9523750150753,
       20.682496175069847
      ],
      [
       86.9523750714521,
       20.682315455464682
      ],
      [
       86.95227905347605,
       20.682315428910783
      ]
     ],
     [
      [
       86.98569334154527,
       20.682050361021666
      ],
      [
       86.98578935097413,
       20.68214072879807
      ],
      [
       86.98578935938502,
       20.68205036896366
      ],
      [
       86.98569334154527,
       20.682050361021666
      ]
     ],
     [
      [
       86.95247125821402,
       20.681773323126126
      ],
      [
       86.95256721970173,
       20.68195406918933
      ],
      [
       86.95256727584938,
       20.681773349572303
      ],
      [
       86.95247125821402,
       20.681773323126126
      ]
     ],
     [
      [
       86.9856934008181,
       20.68141784215452
      ],
      [
       86.98578936779589,
       20.681960009128296
      ],
      [
       86.98578941826005,
       20.681417850096253
      ],
      [
       86.9856934008181,
       20.68141784215452
      ]
     ],
     [
      [
       86.94440587612362,
       20.681499831323762
      ],
      [
       86.94450186072788,
       20.681590222062237
      ],
      [
       86.94450189357477,
       20.68149986226186
      ],
      [
       86.94440587612362,
       20.681499831323762
      ]
     ],
     [
      [
       86.9662019414818,
       20.681053683312697
      ],
      [
       86.96629791878829,
       20.68123442177335
      ],
      [
       86.96639397588024,
       20.68105372085469
      ],
      [
       86.9662019414818,
       20.681053683312697
      ]
     ],
     [
      [
       86.98550140025819,
       20.68105638673746
      ],
      [
       86.98559744304461,
       20.680785315246066
      ],
      [
       86.98521341862406,
       20.680333483480155
      ],
      [
       86.98521345362755,
       20.679972044062023
      ],
      [
       86.98492542187273,
       20.67979129940116
      ],
      [
       86.98482944136558,
       20.679429851538632
      ],
      [
       86.98444541342043,
       20.679068377860546
      ],
      [
       86.98444544103482,
       20.678797298259585
      ],
      [
       86.98396540002324,
       20.678435814798288
      ],
      [
       86.98396541900036,
       20.678255095052425
      ],
      [
       86.98377338809595,
       20.678255077086263
      ],
      [
       86.98377340730015,
       20.67807435733679
      ],
      [
       86.98329338003818,
       20.677622512096928
      ],
      [
       86.98281342680335,
       20.676538146282795
      ],
      [
       86.98252539402684,
       20.676447757439355
      ],
      [
       86.98242941090088,
       20.67617666800135
      ],
      [
       86.98223738261163,
       20.676176648326276
      ],
      [
       86.98223740363139,
       20.675995928534714
      ],
      [
       86.981949372219,
       20.67590553872434
      ],
      [
       86.98185341192935,
       20.675453729147122
      ],
      [
       86.98166140625027,
       20.67527298902512
      ],
      [
       86.98127735194618,
       20.67527294775219
      ],
      [
       86.98137338756327,
       20.675092238341005
      ],
      [
       86.98079734087406,
       20.674821095428506
      ],
      [
       86.98079730679025,
       20.675092175149118
      ],
      [
       86.98098933371436,
       20.675092196426927
      ],
      [
       86.98118131610168,
       20.67545365710593
      ],
      [
       86.98137335450146,
       20.675363318054004
      ],
      [
       86.98146932427824,
       20.6757247680033
      ],
      [
       86.98166135199847,
       20.67572478853333
      ],
      [
       86.98175733347733,
       20.675995878411857
      ],
      [
       86.98214135790032,
       20.676266998302843
      ],
      [
       86.98223733006127,
       20.6766284477886
      ],
      [
       86.982429348522,
       20.676718827353866
      ],
      [
       86.9826213157941,
       20.677261006134657
      ],
      [
       86.98300532481956,
       20.677712843825102
      ],
      [
       86.9830052644804,
       20.678255003082757
      ],
      [
       86.9832933306082,
       20.678074311486068
      ],
      [
       86.98319729538397,
       20.678255021904455
      ],
      [
       86.98338932628775,
       20.678255040512276
      ],
      [
       86.98348531242169,
       20.678526129352694
      ],
      [
       86.98386934627523,
       20.678797245322038
      ],
      [
       86.98386932718384,
       20.67897796505645
      ],
      [
       86.98425337217424,
       20.679158720293344
      ],
      [
       86.98444535819031,
       20.679610537036908
      ],
      [
       86.98492541295155,
       20.679881659258886
      ],
      [
       86.98550140025819,
       20.68105638673746
      ]
     ],
     [
      [
       86.95179953415203,
       20.680508099094435
      ],
      [
       86.95189552252134,
       20.68059848573454
      ],
      [
       86.95189555099076,
       20.68050812591319
      ],
      [
       86.95179953415203,
       20.680508099094435
      ]
     ],
     [
      [
       86.9782041824062,
       20.680423099656526
      ],
      [
       86.97849224557231,
       20.68033277598481
      ],
      [
       86.97849228375803,
       20.680061696432734
      ],
      [
       86.97820420820452,
       20.680242379958326
      ],
      [
       86.9782041824062,
       20.680423099656526
      ]
     ],
     [
      [
       86.95122354859015,
       20.680146497767623
      ],
      [
       86.9514155818113,
       20.680146551992344
      ],
      [
       86.95131965162898,
       20.67987544542794
      ],
      [
       86.95122363518894,
       20.67987541828923
      ],
      [
       86.95122354859015,
       20.680146497767623
      ]
     ],
     [
      [
       86.95554437513904,
       20.6798765865908
      ],
      [
       86.95583242447951,
       20.679876660627357
      ],
      [
       86.95583245061798,
       20.679786300793424
      ],
      [
       86.95564044408981,
       20.679695891654777
      ],
      [
       86.95554437513904,
       20.6798765865908
      ]
     ],
     [
      [
       86.96351412931467,
       20.678251980088042
      ],
      [
       86.96361012321537,
       20.678342360238858
      ],
      [
       86.96361014474924,
       20.678252000380187
      ],
      [
       86.96351412931467,
       20.678251980088042
      ]
     ],
     [
      [
       86.96361016628299,
       20.678161640520575
      ],
      [
       86.96370616018392,
       20.67825202061885
      ],
      [
       86.96370618166085,
       20.67816166075914
      ],
      [
       86.96361016628299,
       20.678161640520575
      ]
     ],
     [
      [
       86.94767198696212,
       20.677073221608715
      ],
      [
       86.94824810562342,
       20.676983035631473
      ],
      [
       86.94824819748955,
       20.67671195606611
      ],
      [
       86.94796021573522,
       20.67653114965622
      ],
      [
       86.94796030811018,
       20.6762600700779
      ],
      [
       86.94824838121735,
       20.67616979690984
      ],
      [
       86.94844080600836,
       20.674995176145657
      ],
      [
       86.94815285793275,
       20.674724010151127
      ],
      [
       86.9479608315402,
       20.67472395230656
      ],
      [
       86.94796076996268,
       20.674904672058556
      ],
      [
       86.94767263715546,
       20.675175664509574
      ],
      [
       86.94700051144444,
       20.675265819112358
      ],
      [
       86.94700044872879,
       20.675446538850217
      ],
      [
       86.94680842143133,
       20.675446479720343
      ],
      [
       86.94680829554352,
       20.675807919183583
      ],
      [
       86.94728820898129,
       20.676259865921377
      ],
      [
       86.94728805303382,
       20.67671166520899
      ],
      [
       86.94748008192363,
       20.676711723808147
      ],
      [
       86.94767198696212,
       20.677073221608715
      ]
     ],
     [
      [
       86.94354352322456,
       20.676620119929165
      ],
      [
       86.94431163827967,
       20.676620369722887
      ],
      [
       86.94469582670474,
       20.676259053920045
      ],
      [
       86.94527191164426,
       20.676259237733085
      ],
      [
       86.94536782882479,
       20.676530347748333
      ],
      [
       86.94565587180871,
       20.676530438773973
      ],
      [
       86.94594401074824,
       20.676259449748972
      ],
      [
       86.94594410670075,
       20.675988370170987
      ],
      [
       86.94632819441024,
       20.675898130283187
      ],
      [
       86.94642443023578,
       20.67526564108287
      ],
      [
       86.94613645337125,
       20.67508483160729
      ],
      [
       86.94604056765138,
       20.67472336209951
      ],
      [
       86.94575256016896,
       20.67463291184988
      ],
      [
       86.94575268854737,
       20.674271472343705
      ],
      [
       86.94584882960413,
       20.673910062999703
      ],
      [
       86.9461368676484,
       20.673910153210908
      ],
      [
       86.94623294394896,
       20.67372946340663
      ],
      [
       86.94623326203264,
       20.672825864511022
      ],
      [
       86.94594535394293,
       20.672464334882324
      ],
      [
       86.94594567370662,
       20.671560735858545
      ],
      [
       86.9462338663446,
       20.67110902634872
      ],
      [
       86.94604197217278,
       20.670747526721645
      ],
      [
       86.9461380465869,
       20.67056683689988
      ],
      [
       86.94633006774761,
       20.670566896762843
      ],
      [
       86.94642620508554,
       20.670205486933675
      ],
      [
       86.94613823774405,
       20.67002467737605
      ],
      [
       86.94613842889507,
       20.669482517818157
      ],
      [
       86.94575451764078,
       20.66912095773582
      ],
      [
       86.94575474222773,
       20.668488438186095
      ],
      [
       86.94661885726721,
       20.668398347839698
      ],
      [
       86.94652303781893,
       20.66785615843521
      ],
      [
       86.946331051806,
       20.66776573884762
      ],
      [
       86.94633114702879,
       20.66749465900113
      ],
      [
       86.94661923611925,
       20.667314028476998
      ],
      [
       86.94661933082847,
       20.667042948615045
      ],
      [
       86.94729138939745,
       20.66704315529096
      ],
      [
       86.94757947650399,
       20.666862523149263
      ],
      [
       86.94815543405137,
       20.667133777126697
      ],
      [
       86.94805936418936,
       20.667314468153908
      ],
      [
       86.94815528074346,
       20.667585576898325
      ],
      [
       86.94834748145095,
       20.667043474776943
      ],
      [
       86.94892356187701,
       20.66695328635743
      ],
      [
       86.94911566878297,
       20.666682263225457
      ],
      [
       86.95036386272582,
       20.666411547000912
      ],
      [
       86.95084387353428,
       20.666502044436097
      ],
      [
       86.95103594751343,
       20.666321379112823
      ],
      [
       86.95132397127307,
       20.666321460631153
      ],
      [
       86.9514200366515,
       20.666140767755703
      ],
      [
       86.9512281364072,
       20.665779273677963
      ],
      [
       86.95151613047413,
       20.665869714848412
      ],
      [
       86.95170820286356,
       20.665689048760168
      ],
      [
       86.95170814574753,
       20.66586976871175
      ],
      [
       86.95199608349454,
       20.666140929027403
      ],
      [
       86.95266811016074,
       20.66623147471916
      ],
      [
       86.9526682221236,
       20.665870034822284
      ],
      [
       86.95295630067925,
       20.665689393658585
      ],
      [
       86.9529564119572,
       20.665327953737517
      ],
      [
       86.95324443385236,
       20.665328032045522
      ],
      [
       86.95334038596656,
       20.665508778004742
      ],
      [
       86.9544923403675,
       20.665960885688726
      ],
      [
       86.95439625176319,
       20.66623194026118
      ],
      [
       86.95391623967724,
       20.666141452706235
      ],
      [
       86.9540121658993,
       20.66641255824985
      ],
      [
       86.95372411458983,
       20.666502841191193
      ],
      [
       86.9535319885922,
       20.666864229445302
      ],
      [
       86.95401202991532,
       20.666864358098856
      ],
      [
       86.95410811960086,
       20.66659330376232
      ],
      [
       86.95449220580659,
       20.666412685564413
      ],
      [
       86.95478017626797,
       20.66659348125627
      ],
      [
       86.95487610430605,
       20.666864586308623
      ],
      [
       86.95554816217353,
       20.666864760812544
      ],
      [
       86.95574025723316,
       20.666593730276833
      ],
      [
       86.95612418583165,
       20.666955268272815
      ],
      [
       86.95670026139096,
       20.66686505387013
      ],
      [
       86.95660420179355,
       20.667045749681957
      ],
      [
       86.95698820988679,
       20.66713620584118
      ],
      [
       86.95775635235766,
       20.666865315746264
      ],
      [
       86.95785246033111,
       20.666503899336554
      ],
      [
       86.95804452604186,
       20.666323226193807
      ],
      [
       86.95833254983297,
       20.66632329600942
      ],
      [
       86.95871650831312,
       20.66659446828086
      ],
      [
       86.95938861306038,
       20.6664139078644
      ],
      [
       86.95948457312875,
       20.6665946503972
      ],
      [
       86.95929250877595,
       20.666775325140037
      ],
      [
       86.95977257364662,
       20.66668507778576
      ],
      [
       86.95986851060559,
       20.66695618007424
      ],
      [
       86.96034855225764,
       20.666956291093594
      ],
      [
       86.96044463076716,
       20.666685233210625
      ],
      [
       86.96015660628618,
       20.666685166920598
      ],
      [
       86.96006069260442,
       20.666323704803474
      ],
      [
       86.95967670856643,
       20.66614289549497
      ],
      [
       86.95958086806517,
       20.665510353130188
      ],
      [
       86.9600609051732,
       20.665510464942592
      ],
      [
       86.96006085793658,
       20.66569118491829
      ],
      [
       86.9603489039916,
       20.665600891377462
      ],
      [
       86.96054096561862,
       20.66542021542933
      ],
      [
       86.96044507520615,
       20.664968393478343
      ],
      [
       86.96015703040064,
       20.665058687188424
      ],
      [
       86.96015707752194,
       20.664877967199264
      ],
      [
       86.95986908017939,
       20.66478754043898
      ],
      [
       86.9595812265816,
       20.664154953199787
      ],
      [
       86.95881317402812,
       20.664154771534303
      ],
      [
       86.95881322273644,
       20.663974051529237
      ],
      [
       86.95862123429396,
       20.66388364557526
      ],
      [
       86.95871738715377,
       20.663341508534064
      ],
      [
       86.9585253750388,
       20.663341462478495
      ],
      [
       86.95852542408537,
       20.663160742457066
      ],
      [
       86.95833341219799,
       20.66316069618822
      ],
      [
       86.95823745564114,
       20.6629799529491
      ],
      [
       86.95804544398162,
       20.662979906360135
      ],
      [
       86.9580453943679,
       20.663160626384244
      ],
      [
       86.95756536465377,
       20.66316050897572
      ],
      [
       86.95737320154052,
       20.66370262168325
      ],
      [
       86.95718118897513,
       20.66370257413077
      ],
      [
       86.95718111301842,
       20.663973654139788
      ],
      [
       86.9569890492474,
       20.664154326373737
      ],
      [
       86.95670105515279,
       20.66406389432241
      ],
      [
       86.95641288098368,
       20.664605981771466
      ],
      [
       86.95622086728565,
       20.664605933148078
      ],
      [
       86.95622099672278,
       20.664154133167163
      ],
      [
       86.95593300308563,
       20.66406369983442
      ],
      [
       86.95583691823518,
       20.664334755275807
      ],
      [
       86.95564490487943,
       20.664334706011932
      ],
      [
       86.95545281249908,
       20.664605736517245
      ],
      [
       86.95506878510916,
       20.66460563691945
      ],
      [
       86.95468494529082,
       20.663973016500055
      ],
      [
       86.95410890659805,
       20.66397286422311
      ],
      [
       86.95401295453446,
       20.66379211865931
      ],
      [
       86.95305291895485,
       20.66370150005927
      ],
      [
       86.9522848123201,
       20.66388200932708
      ],
      [
       86.95170885965395,
       20.663610769045114
      ],
      [
       86.95161291065837,
       20.66343002214475
      ],
      [
       86.95122891508196,
       20.663339554004285
      ],
      [
       86.95065287880588,
       20.663339390191815
      ],
      [
       86.95036480197238,
       20.663520027561418
      ],
      [
       86.94998107309137,
       20.662616316624156
      ],
      [
       86.94998122096148,
       20.6621645165796
      ],
      [
       86.94978924003587,
       20.662074100791987
      ],
      [
       86.94978932909615,
       20.661803020751865
      ],
      [
       86.94930939361275,
       20.661531800332632
      ],
      [
       86.94930963336635,
       20.660808920166684
      ],
      [
       86.94902168028253,
       20.660628115256337
      ],
      [
       86.94902174055923,
       20.660447395202418
      ],
      [
       86.94873366726337,
       20.660628029916147
      ],
      [
       86.94873360664548,
       20.660808749965472
      ],
      [
       86.94854159773982,
       20.660808692804363
      ],
      [
       86.94863751109422,
       20.661079801478113
      ],
      [
       86.94834946668892,
       20.661170075514683
      ],
      [
       86.94815736537879,
       20.661441097978184
      ],
      [
       86.94777331510485,
       20.66153134217156
      ],
      [
       86.94748536248558,
       20.661350534713172
      ],
      [
       86.94710134332126,
       20.661350417395994
      ],
      [
       86.94690911401626,
       20.6619828785016
      ],
      [
       86.94662106689373,
       20.662073149637173
      ],
      [
       86.94662097221247,
       20.66234422965519
      ],
      [
       86.94642892970995,
       20.66243453014255
      ],
      [
       86.94642873966066,
       20.662976690145676
      ],
      [
       86.94623663267086,
       20.66324771040145
      ],
      [
       86.94623653730179,
       20.66351879038088
      ],
      [
       86.94642851792877,
       20.663609210106294
      ],
      [
       86.94623606043342,
       20.664874190150357
      ],
      [
       86.9457560574963,
       20.664783679892626
      ],
      [
       86.94575624995036,
       20.664241520008986
      ],
      [
       86.94527637872115,
       20.663789568472357
      ],
      [
       86.94518030757092,
       20.663970257963264
      ],
      [
       86.94498829470426,
       20.663970196838772
      ],
      [
       86.94517995099254,
       20.664964217745588
      ],
      [
       86.94383585219792,
       20.664963785363355
      ],
      [
       86.94383598504444,
       20.66460234546399
      ],
      [
       86.94335598439956,
       20.664511828530213
      ],
      [
       86.94316410529093,
       20.664150325459474
      ],
      [
       86.94316444135964,
       20.663246725608037
      ],
      [
       86.9427803836254,
       20.663336958650817
      ],
      [
       86.94268458093045,
       20.662794766834544
      ],
      [
       86.94249256954899,
       20.66279470293563
      ],
      [
       86.94249270555724,
       20.6624332629539
      ],
      [
       86.94268475037266,
       20.662342966853494
      ],
      [
       86.9425888128548,
       20.66216221493278
      ],
      [
       86.94230079697549,
       20.662162118847192
      ],
      [
       86.94230072874578,
       20.662342838845007
      ],
      [
       86.94220479168276,
       20.66216208671181
      ],
      [
       86.94191677580564,
       20.66216198998511
      ],
      [
       86.9418206329182,
       20.662523397624817
      ],
      [
       86.9413405359592,
       20.662703955062096
      ],
      [
       86.94095665307486,
       20.662342384083637
      ],
      [
       86.94105276303678,
       20.662071336921738
      ],
      [
       86.94076474733664,
       20.662071238272205
      ],
      [
       86.94076485240389,
       20.66180015827299
      ],
      [
       86.94095689743841,
       20.66170986408988
      ],
      [
       86.94066888241998,
       20.661709765281948
      ],
      [
       86.94057277200695,
       20.661980812240245
      ],
      [
       86.94038079690488,
       20.661890385994266
      ],
      [
       86.93980462383408,
       20.662251625959378
      ],
      [
       86.93942060245666,
       20.66225149154042
      ],
      [
       86.93932502759324,
       20.661167137805474
      ],
      [
       86.93913305425399,
       20.661076710166917
      ],
      [
       86.93913312622468,
       20.660895990152984
      ],
      [
       86.93894111724111,
       20.660895922307247
      ],
      [
       86.93903704964859,
       20.661076676270433
      ],
      [
       86.93884504043838,
       20.66107660831721
      ],
      [
       86.93884489581356,
       20.66143804833178
      ],
      [
       86.93865281360942,
       20.661618700164524
      ],
      [
       86.93807678394245,
       20.661618494375773
      ],
      [
       86.93769287468184,
       20.661347276116846
      ],
      [
       86.93769298519354,
       20.661076196110393
      ],
      [
       86.93692491108831,
       20.661166277033836
      ],
      [
       86.9367328269634,
       20.661346926729724
      ],
      [
       86.93682868233927,
       20.661708401898224
      ],
      [
       86.9373086332011,
       20.66188929698648
      ],
      [
       86.93740452728593,
       20.662160411825486
      ],
      [
       86.93798048564967,
       20.662341339847526
      ],
      [
       86.9381723502206,
       20.66270284872399
      ],
      [
       86.93884417264287,
       20.663245248177656
      ],
      [
       86.939131830634,
       20.664148949824916
      ],
      [
       86.93980355602693,
       20.664962425379194
      ],
      [
       86.9401872305166,
       20.665866158586223
      ],
      [
       86.94047518296406,
       20.6660469781317
      ],
      [
       86.94057087438627,
       20.666860250804728
      ],
      [
       86.94085875920683,
       20.667221789585636
      ],
      [
       86.94095438354654,
       20.66821578181245
      ],
      [
       86.94114629730915,
       20.668486927239417
      ],
      [
       86.94104986964278,
       20.669571213563515
      ],
      [
       86.94124154198235,
       20.670474878247294
      ],
      [
       86.94104945121417,
       20.6706555325388
      ],
      [
       86.94104878864712,
       20.67237237063772
      ],
      [
       86.94133671965692,
       20.672643548529745
      ],
      [
       86.94124029063775,
       20.67372783443508
      ],
      [
       86.94191200052548,
       20.67472202074184
      ],
      [
       86.94210375286035,
       20.675444964236636
      ],
      [
       86.9423917596961,
       20.675535420570757
      ],
      [
       86.94354352322456,
       20.676620119929165
      ]
     ],
     [
      [
       86.980221319635,
       20.674369230761194
      ],
      [
       86.98031732099729,
       20.67445960165948
      ],
      [
       86.98031733264222,
       20.674369241747186
      ],
      [
       86.980221319635,
       20.674369230761194
      ]
     ],
     [
      [
       86.97983726760684,
       20.674369186282647
      ],
      [
       86.98012530662787,
       20.67436921972175
      ],
      [
       86.97983738689275,
       20.67346558711035
      ],
      [
       86.97926132452963,
       20.673375158869874
      ],
      [
       86.97705301261753,
       20.673555598996746
      ],
      [
       86.97705298546623,
       20.673736318833573
      ],
      [
       86.97638089721684,
       20.673736228088597
      ],
      [
       86.9761888015677,
       20.674188001253043
      ],
      [
       86.97647682632308,
       20.67427840069807
      ],
      [
       86.97695693196103,
       20.674007385778328
      ],
      [
       86.97868518719068,
       20.67382688822678
      ],
      [
       86.9790692007033,
       20.674098015019027
      ],
      [
       86.97954926488406,
       20.674098072621135
      ],
      [
       86.97983726760684,
       20.674369186282647
      ]
     ],
     [
      [
       86.96629945434782,
       20.67427671201825
      ],
      [
       86.96639558657247,
       20.67373457131797
      ],
      [
       86.96658761176741,
       20.67373460863166
      ],
      [
       86.96658776990135,
       20.673011729326795
      ],
      [
       86.96601167693713,
       20.673101976664405
      ],
      [
       86.96581961209685,
       20.67328265853905
      ],
      [
       86.96591554375178,
       20.673644117189067
      ],
      [
       86.96572353895019,
       20.67355371921721
      ],
      [
       86.965819409881,
       20.674186257625124
      ],
      [
       86.96591546309222,
       20.674005556820074
      ],
      [
       86.96620350139438,
       20.674005613513092
      ],
      [
       86.96629945434782,
       20.67427671201825
      ]
     ],
     [
      [
       86.95737088209322,
       20.67201573810818
      ],
      [
       86.95756290510708,
       20.67201578546768
      ],
      [
       86.95746699424222,
       20.671654322136135
      ],
      [
       86.95727497168299,
       20.671654274670633
      ],
      [
       86.95737088209322,
       20.67201573810818
      ]
     ],
     [
      [
       86.95717901106461,
       20.671473531013444
      ],
      [
       86.95727499695678,
       20.67156391474886
      ],
      [
       86.95727502223043,
       20.671473554826147
      ],
      [
       86.95717901106461,
       20.671473531013444
      ]
     ],
     [
      [
       86.95679496640267,
       20.671473435228116
      ],
      [
       86.95698698873338,
       20.67147348322768
      ],
      [
       86.957083050673,
       20.67129278729947
      ],
      [
       86.95727507277734,
       20.67129283497788
      ],
      [
       86.95737115947867,
       20.671021778957062
      ],
      [
       86.95756318124306,
       20.67102182631408
      ],
      [
       86.95727519914223,
       20.670841035340644
      ],
      [
       86.95727524968723,
       20.67066031547913
      ],
      [
       86.957083228378,
       20.670660267802315
      ],
      [
       86.95708312683311,
       20.67102170752065
      ],
      [
       86.95689107956991,
       20.671112019556123
      ],
      [
       86.95679496640267,
       20.671473435228116
      ]
     ],
     [
      [
       86.95852333914198,
       20.670841340031537
      ],
      [
       86.959003392994,
       20.670841454815104
      ],
      [
       86.95929147346651,
       20.670660803177682
      ],
      [
       86.95929154570516,
       20.67038972337135
      ],
      [
       86.95881154199732,
       20.670208889517717
      ],
      [
       86.95881159072316,
       20.670028169639398
      ],
      [
       86.9584275250968,
       20.670118437434986
      ],
      [
       86.95833136689767,
       20.670660573879992
      ],
      [
       86.95852333914198,
       20.670841340031537
      ]
     ],
     [
      [
       86.93999336981784,
       20.670564808400723
      ],
      [
       86.9401854263365,
       20.67047451519623
      ],
      [
       86.94018648767869,
       20.667763717488324
      ],
      [
       86.93989856788953,
       20.667492537550093
      ],
      [
       86.93961018481424,
       20.668396036297903
      ],
      [
       86.93980216762075,
       20.668486463352313
      ],
      [
       86.93980209641262,
       20.668667183209582
      ],
      [
       86.93999415065498,
       20.668576890192647
      ],
      [
       86.93980184717809,
       20.669299702680245
      ],
      [
       86.9398017759665,
       20.669480422520493
      ],
      [
       86.93999376024793,
       20.66957084935392
      ],
      [
       86.93999336981784,
       20.670564808400723
      ]
     ],
     [
      [
       86.93845734635615,
       20.670202827438764
      ],
      [
       86.93884131536004,
       20.670383683870075
      ],
      [
       86.93893739805051,
       20.670202998071648
      ],
      [
       86.9389375786412,
       20.66975119850901
      ],
      [
       86.93874559476191,
       20.66966077050278
      ],
      [
       86.93845745556298,
       20.66993174770645
      ],
      [
       86.93845734635615,
       20.670202827438764
      ]
     ],
     [
      [
       86.94633022647777,
       20.670115097160593
      ],
      [
       86.94652224707127,
       20.67011515680834
      ],
      [
       86.94652231033498,
       20.669934436960247
      ],
      [
       86.94633028996864,
       20.66993437731307
      ],
      [
       86.94633022647777,
       20.670115097160593
      ]
     ],
     [
      [
       86.94633032171382,
       20.669844017387884
      ],
      [
       86.94652234196658,
       20.66984407703478
      ],
      [
       86.94642642690428,
       20.66957296745641
      ],
      [
       86.94633041694834,
       20.669572937606667
      ],
      [
       86.94633032171382,
       20.669844017387884
      ]
     ],
     [
      [
       86.97359720326122,
       20.669850347015622
      ],
      [
       86.97503735570469,
       20.669850561471986
      ],
      [
       86.97532542997962,
       20.669579523044906
      ],
      [
       86.97532545916859,
       20.66939880312332
      ],
      [
       86.97609353820945,
       20.66939891129761
      ],
      [
       86.97618961850557,
       20.66894712475548
      ],
      [
       86.97647763338296,
       20.669037524244473
      ],
      [
       86.976477689033,
       20.668676084371743
      ],
      [
       86.97666973548344,
       20.668495390510014
      ],
      [
       86.97647795335443,
       20.6669592447696
      ],
      [
       86.97686200042908,
       20.666868936723475
      ],
      [
       86.97667001144153,
       20.666688190879032
      ],
      [
       86.97676606083976,
       20.66641712386032
      ],
      [
       86.97647803681876,
       20.666417084824296
      ],
      [
       86.97599803936806,
       20.666145938711043
      ],
      [
       86.9758060093881,
       20.666236271881495
      ],
      [
       86.97542200688711,
       20.666055497597895
      ],
      [
       86.97484596021488,
       20.66605541455776
      ],
      [
       86.97446197440877,
       20.665784278136268
      ],
      [
       86.97446200461312,
       20.66560355813642
      ],
      [
       86.97398196714278,
       20.66560348639979
      ],
      [
       86.97359790594169,
       20.665784148047255
      ],
      [
       86.97273386972964,
       20.665603293632635
      ],
      [
       86.97263782987511,
       20.66578399842753
      ],
      [
       86.97196577663367,
       20.6657838905143
      ],
      [
       86.97167765332314,
       20.666326003428658
      ],
      [
       86.97138962948553,
       20.66632595589632
      ],
      [
       86.97119754546084,
       20.66668736389676
      ],
      [
       86.97081351277095,
       20.66668729934346
      ],
      [
       86.9705254359611,
       20.666958330322714
      ],
      [
       86.97023725251623,
       20.66777152067779
      ],
      [
       86.97023716450278,
       20.668223320540676
      ],
      [
       86.97052513961609,
       20.668494449908792
      ],
      [
       86.97110116127915,
       20.668675267323533
      ],
      [
       86.97110111000174,
       20.66894634721783
      ],
      [
       86.97129312918618,
       20.66894637928454
      ],
      [
       86.97138918954485,
       20.668675315342757
      ],
      [
       86.97177322723375,
       20.66867537862016
      ],
      [
       86.97234912022414,
       20.669579071557237
      ],
      [
       86.97311720015333,
       20.66957919298725
      ],
      [
       86.9735012244464,
       20.66966961237763
      ],
      [
       86.97359720326122,
       20.669850347015622
      ]
     ],
     [
      [
       86.97532542997962,
       20.669579523044906
      ],
      [
       86.9754214254352,
       20.669669896713327
      ],
      [
       86.97542143997302,
       20.669579536753883
      ],
      [
       86.97532542997962,
       20.669579523044906
      ]
     ],
     [
      [
       86.94613877932264,
       20.668488558540243
      ],
      [
       86.94623475679738,
       20.668578948434394
      ],
      [
       86.94623478859678,
       20.66848858849517
      ],
      [
       86.94613877932264,
       20.668488558540243
      ]
     ],
     [
      [
       86.94738686878186,
       20.66857930372664
      ],
      [
       86.94815494345157,
       20.66857953631266
      ],
      [
       86.94815509676853,
       20.668127736593057
      ],
      [
       86.94738702437019,
       20.66812750401257
      ],
      [
       86.94738686878186,
       20.66857930372664
      ]
     ],
     [
      [
       86.94796320177282,
       20.66776623897698
      ],
      [
       86.94815521941915,
       20.667766296800348
      ],
      [
       86.94815525008138,
       20.66767593684981
      ],
      [
       86.94786725461492,
       20.667585490083944
      ],
      [
       86.94796320177282,
       20.66776623897698
      ]
     ],
     [
      [
       86.97676597839745,
       20.666959283806737
      ],
      [
       86.97686197306142,
       20.667049656700062
      ],
      [
       86.97686198674528,
       20.66695929671224
      ],
      [
       86.97676597839745,
       20.666959283806737
      ]
     ],
     [
      [
       86.97734206868495,
       20.66668828046811
      ],
      [
       86.97753404518205,
       20.66695938555445
      ],
      [
       86.97753408504086,
       20.666688305584053
      ],
      [
       86.97734206868495,
       20.66668828046811
      ]
     ],
     [
      [
       86.93961082769387,
       20.666769557400894
      ],
      [
       86.93970680021974,
       20.666859950933834
      ],
      [
       86.93970683587686,
       20.666769590986913
      ],
      [
       86.93961082769387,
       20.666769557400894
      ]
     ],
     [
      [
       86.93951489105186,
       20.666588803865388
      ],
      [
       86.9397068715338,
       20.66667923103904
      ],
      [
       86.93970690719054,
       20.666588871090227
      ],
      [
       86.93951489105186,
       20.666588803865388
      ]
     ],
     [
      [
       86.93951492682199,
       20.666498443915945
      ],
      [
       86.93961111339823,
       20.666046677792732
      ],
      [
       86.93932323374194,
       20.665685136893035
      ],
      [
       86.93932337726774,
       20.665323697053047
      ],
      [
       86.93913136272033,
       20.665323629405215
      ],
      [
       86.93913150669724,
       20.664962189551375
      ],
      [
       86.9388435217229,
       20.66487172771548
      ],
      [
       86.93874744229207,
       20.66505241358133
      ],
      [
       86.93913118274483,
       20.66577542920123
      ],
      [
       86.93913103876098,
       20.666136869021003
      ],
      [
       86.93932305433036,
       20.666136936671737
      ],
      [
       86.93951492682199,
       20.666498443915945
      ]
     ],
     [
      [
       86.96054105895436,
       20.66505877546068
      ],
      [
       86.96063704281615,
       20.66514915738885
      ],
      [
       86.96063706609311,
       20.66505879739516
      ],
      [
       86.96054105895436,
       20.66505877546068
      ]
     ],
     [
      [
       86.93663577318098,
       20.6638769710957
      ],
      [
       86.9368277859015,
       20.663877041516745
      ],
      [
       86.93682786060904,
       20.66369632156934
      ],
      [
       86.93673185436222,
       20.663696286385868
      ],
      [
       86.93663577318098,
       20.6638769710957
      ]
     ],
     [
      [
       86.93596380439493,
       20.663696002994623
      ],
      [
       86.93605977283231,
       20.663786398578363
      ],
      [
       86.93605981064013,
       20.66369603860553
      ],
      [
       86.93596380439493,
       20.663696002994623
      ]
     ],
     [
      [
       86.93605981064013,
       20.66369603860553
      ],
      [
       86.93634782937697,
       20.663696145117687
      ],
      [
       86.9363479046514,
       20.66351542516818
      ],
      [
       86.93615589238705,
       20.66351535421418
      ],
      [
       86.93605981064013,
       20.66369603860553
      ]
     ],
     [
      [
       86.93586813943303,
       20.662882727535347
      ],
      [
       86.93644417384067,
       20.66288294071079
      ],
      [
       86.93682834618862,
       20.66252164181901
      ],
      [
       86.93721233110205,
       20.66261214199706
      ],
      [
       86.93721240534987,
       20.662431422021836
      ],
      [
       86.93702039444429,
       20.662431352033565
      ],
      [
       86.93702046891838,
       20.66225063205523
      ],
      [
       86.93673245290208,
       20.662250526673137
      ],
      [
       86.93644454961895,
       20.66197934083863
      ],
      [
       86.93596456164413,
       20.661888803342872
      ],
      [
       86.93586848069965,
       20.66206948766379
      ],
      [
       86.93510040054942,
       20.662159560438383
      ],
      [
       86.93510032380519,
       20.662340280411833
      ],
      [
       86.93529233458915,
       20.662340352536795
      ],
      [
       86.93510028543277,
       20.66243064039714
      ],
      [
       86.93510020868732,
       20.66261136036491
      ],
      [
       86.93538822537442,
       20.66261146847377
      ],
      [
       86.93586813943303,
       20.662882727535347
      ]
     ],
     [
      [
       86.93980473060533,
       20.661980545970575
      ],
      [
       86.9399007002464,
       20.662070939438642
      ],
      [
       86.93990073577986,
       20.66198057944127
      ],
      [
       86.93980473060533,
       20.661980545970575
      ]
     ],
     [
      [
       86.94086082250134,
       20.661890551209957
      ],
      [
       86.9410527978891,
       20.66198097692248
      ],
      [
       86.94105283274124,
       20.661890616922268
      ],
      [
       86.94086082250134,
       20.661890551209957
      ]
     ],
     [
      [
       86.9420128839519,
       20.661890942278326
      ],
      [
       86.94210885484623,
       20.661981334522014
      ],
      [
       86.94210888907398,
       20.6618909745201
      ],
      [
       86.9420128839519,
       20.661890942278326
      ]
     ],
     [
      [
       86.93942081735977,
       20.661709331558157
      ],
      [
       86.93961275596038,
       20.661890118871078
      ],
      [
       86.93961282736694,
       20.66170939887256
      ],
      [
       86.93942081735977,
       20.661709331558157
      ]
     ],
     [
      [
       86.94114883786146,
       20.661890649698282
      ],
      [
       86.94134084810248,
       20.661890715090042
      ],
      [
       86.94143692247286,
       20.661710027701275
      ],
      [
       86.94191691317108,
       20.661800549980576
      ],
      [
       86.9419169818527,
       20.66161982997264
      ],
      [
       86.9414369570974,
       20.66161966769761
      ],
      [
       86.9413410215089,
       20.661438915072466
      ],
      [
       86.94114901183549,
       20.661438849682263
      ],
      [
       86.94114883786146,
       20.661890649698282
      ]
     ],
     [
      [
       86.9271333417382,
       20.65926485921829
      ],
      [
       86.92722930216296,
       20.659355259737765
      ],
      [
       86.92722934518216,
       20.659264899735263
      ],
      [
       86.9271333417382,
       20.65926485921829
      ]
     ],
     [
      [
       86.92137480868966,
       20.656009370167318
      ],
      [
       86.92156681146321,
       20.65600945754292
      ],
      [
       86.92166295175473,
       20.65573842107015
      ],
      [
       86.92195100153772,
       20.655648191541562
      ],
      [
       86.92204732520993,
       20.65501571470154
      ],
      [
       86.92166327585625,
       20.655105900849314
      ],
      [
       86.92175913794729,
       20.655377024502457
      ],
      [
       86.92156713596714,
       20.655376937343398
      ],
      [
       86.92166322955677,
       20.6551962608837
      ],
      [
       86.92137527339779,
       20.65510576987227
      ],
      [
       86.92137480868966,
       20.656009370167318
      ]
     ],
     [
      [
       86.92003102563204,
       20.655556952435465
      ],
      [
       86.92012712114783,
       20.65537627684118
      ],
      [
       86.9199351664975,
       20.6552858278376
      ],
      [
       86.91993507185467,
       20.655466547894086
      ],
      [
       86.92003102563204,
       20.655556952435465
      ]
     ],
     [
      [
       86.92003182910351,
       20.654020831847273
      ],
      [
       86.9201277820341,
       20.6541112363472
      ],
      [
       86.92012782923837,
       20.654020876304823
      ],
      [
       86.92003182910351,
       20.654020831847273
      ]
     ],
     [
      [
       86.9194560187027,
       20.6536591238075
      ],
      [
       86.91955197106546,
       20.653749528629497
      ],
      [
       86.91955201860912,
       20.653659168584618
      ],
      [
       86.9194560187027,
       20.6536591238075
      ]
     ],
     [
      [
       86.91907230603823,
       20.6531167838823
      ],
      [
       86.91916821006484,
       20.653297548970187
      ],
      [
       86.91916830560321,
       20.653116828871728
      ],
      [
       86.91907230603823,
       20.6531167838823
      ]
     ]
    ]
   },
   "properties": {
    "id": "P02",
    "area_ha": 3455.3700000290023,
    "quality": 0.9909965630458235,
    "confidence": 0.9909965630458235,
    "habitat_class": "mangrove",
    "name": null,
    "protected": false,
    "perimeter_km": 116.14096107872767,
    "bbox": [
     20.648245307295937,
     86.89610371478375,
     20.71194851859081,
     87.02007027199332
    ],
    "extra": {
     "pixel_count": 345537,
     "label_value": 73,
     "centroid_pixel": [
      1899.3442815096503,
      1716.9011914787707
     ]
    },
    "centroid_lat": 20.68499244324469,
    "centroid_lon": 86.96224931056891,
    "criticality_rank": 2,
    "criticality_score": 0.3365368407800527,
    "delta_connectivity": 0.002980755356837948,
    "delta_pct": 33.65368407800527,
    "degree": 3,
    "is_cut_vertex": false,
    "component_count_after": 4,
    "rank_by_area": 2,
    "criticality_level": "critical"
   }
  },
  {
   "type": "Feature",
   "id": "P03",
   "geometry": {
    "type": "Polygon",
    "coordinates": [
     [
      [
       86.99298386798596,
       20.830149311341856
      ],
      [
       86.9919266570686,
       20.82987818995267
      ],
      [
       86.99154222730515,
       20.829607096555968
      ],
      [
       86.99096556099028,
       20.82960706712796
      ],
      [
       86.99048502275521,
       20.829335966258945
      ],
      [
       86.99019669011456,
       20.8293359500091
      ],
      [
       86.98971616025023,
       20.828974488684256
      ],
      [
       86.98933172401094,
       20.828884106892534
      ],
      [
       86.98923562625879,
       20.828703384293952
      ],
      [
       86.98846675618961,
       20.828522617686904
      ],
      [
       86.98837065969863,
       20.828341894596306
      ],
      [
       86.988082328952,
       20.82834187479031
      ],
      [
       86.98760179989284,
       20.82807076580157
      ],
      [
       86.9859679285957,
       20.82807063982642
      ],
      [
       86.98385355508768,
       20.827618662166522
      ],
      [
       86.98337305573001,
       20.827166824687936
      ],
      [
       86.98308480793176,
       20.82644392997052
      ],
      [
       86.98289260004911,
       20.826353552576574
      ],
      [
       86.98289268166802,
       20.825630686003063
      ],
      [
       86.98270047493143,
       20.825540308385914
      ],
      [
       86.98270052651436,
       20.82508851674223
      ],
      [
       86.98241226489573,
       20.82454633739902
      ],
      [
       86.98250839359582,
       20.82436563055733
      ],
      [
       86.9829889322171,
       20.82436567891701
      ],
      [
       86.98289286529783,
       20.824004235989943
      ],
      [
       86.98308509037464,
       20.823913896720843
      ],
      [
       86.9826046361684,
       20.823190981853717
      ],
      [
       86.98298908437208,
       20.82301030372695
      ],
      [
       86.98356588234563,
       20.821564626200093
      ],
      [
       86.98443091942544,
       20.820751481571715
      ],
      [
       86.98481535021092,
       20.820661157671864
      ],
      [
       86.98558425338177,
       20.820028715366032
      ],
      [
       86.98596867328277,
       20.82002874725732
      ],
      [
       86.98673754471422,
       20.819667374902053
      ],
      [
       86.98779477696736,
       20.818673511065935
      ],
      [
       86.98779480607132,
       20.8183120774553
      ],
      [
       86.98750653164724,
       20.817860264655902
      ],
      [
       86.98769881951,
       20.816866335993147
      ],
      [
       86.98760275348792,
       20.81641453696144
      ],
      [
       86.98789109041238,
       20.816053123857056
      ],
      [
       86.9878911481524,
       20.81533025639955
      ],
      [
       86.98750676250326,
       20.815059153512813
      ],
      [
       86.98769903213824,
       20.814245941420175
      ],
      [
       86.98769915676706,
       20.812709847677827
      ],
      [
       86.98750696354027,
       20.812619475320655
      ],
      [
       86.98750700076617,
       20.81216768298675
      ],
      [
       86.98779533710936,
       20.811715911387058
      ],
      [
       86.98779535892841,
       20.811444835960728
      ],
      [
       86.98817978524139,
       20.811083428968235
      ],
      [
       86.98798762242147,
       20.810631623199043
      ],
      [
       86.98837203928481,
       20.8103605742291
      ],
      [
       86.98846819310423,
       20.809637712778727
      ],
      [
       86.98875648827239,
       20.80963773191924
      ],
      [
       86.98875650167145,
       20.809457014924934
      ],
      [
       86.98990968097294,
       20.8094570866406
      ],
      [
       86.99010189521707,
       20.809186022339656
      ],
      [
       86.99048629330045,
       20.809095685589018
      ],
      [
       86.99096681044475,
       20.80864391904207
      ],
      [
       86.99115900596546,
       20.808643929055997
      ],
      [
       86.9913512220989,
       20.808282504817434
      ],
      [
       86.99163952465587,
       20.808101802086824
      ],
      [
       86.99183175355661,
       20.807469301731057
      ],
      [
       86.99221616480932,
       20.807017526992674
      ],
      [
       86.99269669632164,
       20.806023604292108
      ],
      [
       86.99298498880225,
       20.80593325778752
      ],
      [
       86.99327328895427,
       20.80566219372095
      ],
      [
       86.99327329696892,
       20.8054814766407
      ],
      [
       86.99356158424028,
       20.805481487702636
      ],
      [
       86.99384989715809,
       20.80484898846856
      ],
      [
       86.99404208787112,
       20.804848995250833
      ],
      [
       86.99442648921833,
       20.804306856864763
      ],
      [
       86.99452260380835,
       20.803764708620744
      ],
      [
       86.99471479629605,
       20.80367435608923
      ],
      [
       86.99500310096897,
       20.80304185478209
      ],
      [
       86.99500312477986,
       20.802318986215397
      ],
      [
       86.99529141726005,
       20.801957560062874
      ],
      [
       86.99509923604792,
       20.80177683752212
      ],
      [
       86.99519535807507,
       20.80087325438871
      ],
      [
       86.99548363927974,
       20.80078290362859
      ],
      [
       86.99577193776797,
       20.800060042216842
      ],
      [
       86.99596412241452,
       20.800060046844848
      ],
      [
       86.99625241277577,
       20.799517901774767
      ],
      [
       86.9964445967357,
       20.799517905864516
      ],
      [
       86.99644460097046,
       20.799337188654043
      ],
      [
       86.99663678470154,
       20.79933719252851
      ],
      [
       86.99692506762314,
       20.798975763504078
      ],
      [
       86.99778989103737,
       20.799066135431932
      ],
      [
       86.99807816840834,
       20.798885421682527
      ],
      [
       86.99846253472656,
       20.798885425556904
      ],
      [
       86.99884690379162,
       20.798523994118298
      ],
      [
       87.0007687262279,
       20.797620410074032
      ],
      [
       87.00326708452108,
       20.797530022070536
      ],
      [
       87.00384364029163,
       20.797981803239388
      ],
      [
       87.0038436448694,
       20.798162520478336
      ],
      [
       87.0044201968631,
       20.79834322383069
      ],
      [
       87.00442020212765,
       20.79852394106189
      ],
      [
       87.00461238482839,
       20.798523936003775
      ],
      [
       87.00470848178668,
       20.79870465062133
      ],
      [
       87.00538111883527,
       20.798614272232967
      ],
      [
       87.00557328837432,
       20.798252831636844
      ],
      [
       87.00624593034303,
       20.79834316708885
      ],
      [
       87.00653423128847,
       20.798975666644235
      ],
      [
       87.00691861019354,
       20.799246727401393
      ],
      [
       87.00691862255447,
       20.79951780321708
      ],
      [
       87.00807175514842,
       20.80005990445279
      ],
      [
       87.00836002215796,
       20.799879173451988
      ],
      [
       87.00855221676046,
       20.8000598811782
      ],
      [
       87.00912877069403,
       20.800059851472824
      ],
      [
       87.00922485202831,
       20.799879129136514
      ],
      [
       87.00999358373713,
       20.799788727485904
      ],
      [
       87.01085833548913,
       20.798704371668954
      ],
      [
       87.01085832255652,
       20.798523654444264
      ],
      [
       87.01114658996471,
       20.798433277346934
      ],
      [
       87.01133875229058,
       20.798162188908947
      ],
      [
       87.01162702564949,
       20.798162169618518
      ],
      [
       87.01162701180172,
       20.797981452382896
      ],
      [
       87.01201136151657,
       20.797800708670085
      ],
      [
       87.01229956827076,
       20.796987460627605
      ],
      [
       87.01229953165144,
       20.796535667470742
      ],
      [
       87.01297209275904,
       20.7957223902039
      ],
      [
       87.01306812786626,
       20.795089872396208
      ],
      [
       87.01345246854105,
       20.79490912539957
      ],
      [
       87.01345244451244,
       20.794638049443936
      ],
      [
       87.01364462228712,
       20.79463803427268
      ],
      [
       87.01393285576704,
       20.79427657649221
      ],
      [
       87.0142211217418,
       20.794276552848086
      ],
      [
       87.01460543289569,
       20.793824727274252
      ],
      [
       87.01508585679176,
       20.79364396839213
      ],
      [
       87.01566238633472,
       20.79364391674799
      ],
      [
       87.01575845582788,
       20.79346319062478
      ],
      [
       87.016142798787,
       20.79337279623955
      ],
      [
       87.01623882886591,
       20.792830635165124
      ],
      [
       87.01671920785412,
       20.7922884369942
      ],
      [
       87.01671917799462,
       20.792017360959946
      ],
      [
       87.0170074194254,
       20.79183661527812
      ],
      [
       87.01700739917635,
       20.791655897913667
      ],
      [
       87.01796822636616,
       20.791294365276727
      ],
      [
       87.01796820497377,
       20.791113647901796
      ],
      [
       87.01700729793428,
       20.790752311034367
      ],
      [
       87.01681509505417,
       20.790481253885083
      ],
      [
       87.01710328255147,
       20.78984871451312
      ],
      [
       87.01710319092838,
       20.789035486155353
      ],
      [
       87.01739135378251,
       20.788222228759686
      ],
      [
       87.01787171408107,
       20.787680027085518
      ],
      [
       87.0182560737349,
       20.78786070409047
      ],
      [
       87.0186403233609,
       20.787137792978925
      ],
      [
       87.01912068714769,
       20.786685946482297
      ],
      [
       87.01931285484953,
       20.786685924971753
      ],
      [
       87.01940890404735,
       20.786414837928806
      ],
      [
       87.02008148980056,
       20.78641476057262
      ],
      [
       87.02008353438714,
       20.80186609065609
      ],
      [
       87.0197952068412,
       20.801504689853598
      ],
      [
       87.01979518326101,
       20.801323972695428
      ],
      [
       87.01998736949749,
       20.80132395041493
      ],
      [
       87.01998734568863,
       20.801143233253157
      ],
      [
       87.0196990314795,
       20.800872190842625
      ],
      [
       87.01979507715332,
       20.80051074543659
      ],
      [
       87.01931461413646,
       20.800510800193706
      ],
      [
       87.01941068361901,
       20.800330072170407
      ],
      [
       87.01883416233525,
       20.800601212194078
      ],
      [
       87.01883425207491,
       20.801324080868895
      ],
      [
       87.01864205473375,
       20.801233743276654
      ],
      [
       87.0182577259835,
       20.801595218927986
      ],
      [
       87.01777724893965,
       20.80150491080404
      ],
      [
       87.01739282420726,
       20.8010531572902
      ],
      [
       87.01729669005238,
       20.800691732659867
      ],
      [
       87.01681618639437,
       20.80033034606105
      ],
      [
       87.01662385290783,
       20.798974985800285
      ],
      [
       87.01633555855436,
       20.798794296271193
      ],
      [
       87.01595112598838,
       20.798161822148664
      ],
      [
       87.01537457012628,
       20.798071516157666
      ],
      [
       87.01527849726232,
       20.798252241971117
      ],
      [
       87.01527857915003,
       20.79906546946357
      ],
      [
       87.01575911268185,
       20.799788294826847
      ],
      [
       87.01595136347737,
       20.800420787231843
      ],
      [
       87.01614355818846,
       20.800511127848477
      ],
      [
       87.01614379857216,
       20.80277009231147
      ],
      [
       87.01633601583619,
       20.803041149815094
      ],
      [
       87.01672040262679,
       20.80313147134826
      ],
      [
       87.01672043250592,
       20.80340254703169
      ],
      [
       87.016912621379,
       20.80340252819346
      ],
      [
       87.01700873607861,
       20.803583235810873
      ],
      [
       87.01681660708044,
       20.80412540608642
      ],
      [
       87.01662441729138,
       20.804125424817713
      ],
      [
       87.01681661709793,
       20.804215764638005
      ],
      [
       87.0167205619877,
       20.804577208227624
      ],
      [
       87.01681663713306,
       20.804396481738326
      ],
      [
       87.01720101739748,
       20.804396443629297
      ],
      [
       87.01768154539151,
       20.804848187514022
      ],
      [
       87.01796983144708,
       20.80484815755897
      ],
      [
       87.01806594832307,
       20.805028864552103
      ],
      [
       87.01854642565335,
       20.805028813280842
      ],
      [
       87.01883470083068,
       20.804938423330107
      ],
      [
       87.01893075113027,
       20.804576978575483
      ],
      [
       87.01921903666833,
       20.804576946521614
      ],
      [
       87.01931510883554,
       20.80439621863531
      ],
      [
       87.01950729896485,
       20.804396196889478
      ],
      [
       87.01969952429897,
       20.804667250567338
      ],
      [
       87.0200838813152,
       20.804486488907223
      ],
      [
       87.02008449156045,
       20.8090947735467
      ],
      [
       87.01979619743629,
       20.809094807061832
      ],
      [
       87.01950794980674,
       20.809456274078418
      ],
      [
       87.01950798467875,
       20.809727349557928
      ],
      [
       87.02008457533258,
       20.809727283010023
      ],
      [
       87.0200847668235,
       20.811173018751152
      ],
      [
       87.0198925681067,
       20.811173041150855
      ],
      [
       87.01960423498421,
       20.810901998912858
      ],
      [
       87.01950805442449,
       20.81026950049128
      ],
      [
       87.01931587987224,
       20.81045023921419
      ],
      [
       87.01931591440272,
       20.81072131466263
      ],
      [
       87.01912371625758,
       20.81072133620029
      ],
      [
       87.01912373904915,
       20.810902053161364
      ],
      [
       87.0188354414874,
       20.810902085064328
      ],
      [
       87.01864323200309,
       20.810811747583433
      ],
      [
       87.018739264134,
       20.810269586209156
      ],
      [
       87.01835484711279,
       20.810088910800673
      ],
      [
       87.01816274717453,
       20.810902157620017
      ],
      [
       87.01797055950757,
       20.810992536345307
      ],
      [
       87.0179706023429,
       20.811353970254597
      ],
      [
       87.01777840339437,
       20.811353990285287
      ],
      [
       87.01749013623926,
       20.81162509535016
      ],
      [
       87.0170096278707,
       20.81153478520407
      ],
      [
       87.01662525923528,
       20.811805898314788
      ],
      [
       87.01672150847364,
       20.813161265934188
      ],
      [
       87.01691372987446,
       20.813341963998223
      ],
      [
       87.01681766923177,
       20.813703407261734
      ],
      [
       87.01700987115949,
       20.81370338830563
      ],
      [
       87.01700991171066,
       20.81406482210262
      ],
      [
       87.01672162806392,
       20.81424556734958
      ],
      [
       87.01652946485548,
       20.814607019758146
      ],
      [
       87.01652952396742,
       20.81514917039217
      ],
      [
       87.0163373494193,
       20.81542026411557
      ],
      [
       87.01633749549133,
       20.81677564050927
      ],
      [
       87.01585706600306,
       20.81758891135345
      ],
      [
       87.01556877428168,
       20.81776965459338
      ],
      [
       87.01508839149025,
       20.81912507358071
      ],
      [
       87.01480009593085,
       20.81930581549823
      ],
      [
       87.0144157466183,
       20.820028715366032
      ],
      [
       87.01412744853786,
       20.820209456134968
      ],
      [
       87.0140313769098,
       20.820570897555125
      ],
      [
       87.01383917452243,
       20.820661271557707
      ],
      [
       87.01383919927562,
       20.820932346691134
      ],
      [
       87.01364699631526,
       20.821022720474776
      ],
      [
       87.01364702072519,
       20.821293795597
      ],
      [
       87.01345481719184,
       20.82138416916171
      ],
      [
       87.01307045619602,
       20.822107065845106
      ],
      [
       87.01278215255762,
       20.822287804311085
      ],
      [
       87.01268607640608,
       20.822649244892254
      ],
      [
       87.01134065785949,
       20.823643281071696
      ],
      [
       87.01086017980052,
       20.82445653728883
      ],
      [
       87.00980305847386,
       20.8254505426942
      ],
      [
       87.00961087030089,
       20.82590234521804
      ],
      [
       87.00893814669989,
       20.82653488987443
      ],
      [
       87.00874592849298,
       20.82653489978997
      ],
      [
       87.00816930310455,
       20.827077078140686
      ],
      [
       87.0079770842094,
       20.827077087194265
      ],
      [
       87.00768877420919,
       20.827438533616796
      ],
      [
       87.00653548147153,
       20.827980731314618
      ],
      [
       87.00653548926756,
       20.828161447921115
      ],
      [
       87.00615105606164,
       20.828342178751782
      ],
      [
       87.00567050480868,
       20.828342195324154
      ],
      [
       87.00528607326461,
       20.828613282509455
      ],
      [
       87.0028833161326,
       20.828794056366636
      ],
      [
       87.00000000000003,
       20.828794080619453
      ],
      [
       87.00000000000003,
       20.828613364025106
      ],
      [
       86.99971166890256,
       20.82852300548398
      ],
      [
       86.99961555807815,
       20.8287037218916
      ],
      [
       86.9990388946221,
       20.828794077924698
      ],
      [
       86.9988466721707,
       20.8289747933295
      ],
      [
       86.99807778809796,
       20.828884428136114
      ],
      [
       86.99798167509516,
       20.829065143619786
      ],
      [
       86.99759723082319,
       20.82915549695417
      ],
      [
       86.99750111558461,
       20.82942657045251
      ],
      [
       86.9972127827677,
       20.82942656600602
      ],
      [
       86.99702055733542,
       20.82960727934917
      ],
      [
       86.99634777996049,
       20.829607266332935
      ],
      [
       86.99625166443528,
       20.8297879808309
      ],
      [
       86.99596333093082,
       20.829787974282297
      ],
      [
       86.99557887834686,
       20.83005903964841
      ],
      [
       86.99298386798596,
       20.830149311341856
      ]
     ],
     [
      [
       86.98760307859496,
       20.812438765363396
      ],
      [
       86.9877952789235,
       20.812438779148735
      ],
      [
       86.98789139352,
       20.81225806902586
      ],
      [
       86.98760309337074,
       20.812258048428816
      ],
      [
       86.98760307859496,
       20.812438765363396
      ]
     ],
     [
      [
       87.01883534047337,
       20.810088858708177
      ],
      [
       87.01893145042611,
       20.810179206615928
      ],
      [
       87.0189314391453,
       20.81008884812815
      ],
      [
       87.01883534047337,
       20.810088858708177
      ]
     ],
     [
      [
       87.01864314312932,
       20.810088879706704
      ],
      [
       87.01883534047337,
       20.810088858708177
      ],
      [
       87.01883528435657,
       20.8096370662548
      ],
      [
       87.01854698919934,
       20.809637097671086
      ],
      [
       87.01864314312932,
       20.810088879706704
      ]
     ]
    ]
   },
   "properties": {
    "id": "P03",
    "area_ha": 1003.7999999992321,
    "quality": 0.9957002609029997,
    "confidence": 0.9957002609029997,
    "habitat_class": "mangrove",
    "name": null,
    "protected": false,
    "perimeter_km": 18.85296453832968,
    "bbox": [
     20.78641476057262,
     86.98241226489573,
     20.830149311341856,
     87.0200847668235
    ],
    "extra": {
     "pixel_count": 100380,
     "label_value": 1,
     "centroid_pixel": [
      2323.7166068938036,
      301.71712492528394
     ]
    },
    "centroid_lat": 20.81287136043186,
    "centroid_lon": 87.00299992967818,
    "criticality_rank": 3,
    "criticality_score": 0.053333375206685935,
    "delta_connectivity": 0.0004723813995433455,
    "delta_pct": 5.333337520668594,
    "degree": 3,
    "is_cut_vertex": false,
    "component_count_after": 4,
    "rank_by_area": 3,
    "criticality_level": "medium"
   }
  },
  {
   "type": "Feature",
   "id": "P04",
   "geometry": {
    "type": "Polygon",
    "coordinates": [
     [
      [
       86.98578099358866,
       20.771686858946783
      ],
      [
       86.98510849959848,
       20.77141572527526
      ],
      [
       86.98309094154186,
       20.77141553852521
      ],
      [
       86.98289881349558,
       20.771234801709795
      ],
      [
       86.98116948009601,
       20.771234620845256
      ],
      [
       86.98097735456557,
       20.771053881878824
      ],
      [
       86.98059305871467,
       20.771053838893003
      ],
      [
       86.98030486025063,
       20.77087308829066
      ],
      [
       86.97895983889417,
       20.770782569914736
      ],
      [
       86.97799915332673,
       20.770421013948685
      ],
      [
       86.9774226851119,
       20.770601656960782
      ],
      [
       86.97675018321566,
       20.77051120835532
      ],
      [
       86.97655806386034,
       20.770330464436455
      ],
      [
       86.9761737698501,
       20.770330411565908
      ],
      [
       86.97502096209259,
       20.769878453270355
      ],
      [
       86.97482886056237,
       20.769607348497356
      ],
      [
       86.9744445987766,
       20.769426573938524
      ],
      [
       86.97415647218648,
       20.768884377334896
      ],
      [
       86.97473298282463,
       20.768432668481047
      ],
      [
       86.97492521687946,
       20.767890543079798
      ],
      [
       86.97521343275696,
       20.767890584903423
      ],
      [
       86.97550169233163,
       20.767619549453002
      ],
      [
       86.97569412491552,
       20.76581239791943
      ],
      [
       86.97627071807045,
       20.764728171013974
      ],
      [
       86.97694320780009,
       20.76472826257022
      ],
      [
       86.9768472341802,
       20.7640957368885
      ],
      [
       86.97636692851688,
       20.763824594581436
      ],
      [
       86.97646312382344,
       20.763011376980117
      ],
      [
       86.9761749313567,
       20.762920978280917
      ],
      [
       86.9761750871298,
       20.76192702942773
      ],
      [
       86.97665548358523,
       20.761565659376156
      ],
      [
       86.97694383820998,
       20.760571749270486
      ],
      [
       86.9774242151374,
       20.760300736017435
      ],
      [
       86.98078657733825,
       20.76021078581135
      ],
      [
       86.98097868894746,
       20.760391525208234
      ],
      [
       86.98174721588973,
       20.760481967564836
      ],
      [
       86.98193932898424,
       20.760662705883263
      ],
      [
       86.98261180075357,
       20.760662775240643
      ],
      [
       86.98280395598545,
       20.760482076553977
      ],
      [
       86.98366857122937,
       20.760391801882
      ],
      [
       86.98395681104383,
       20.760030392971682
      ],
      [
       86.98462928002336,
       20.760030454432687
      ],
      [
       86.98482139597631,
       20.760211189540705
      ],
      [
       86.98482136891349,
       20.76048226658013
      ],
      [
       86.98501349457237,
       20.760572642454033
      ],
      [
       86.98520566442282,
       20.760211223050565
      ],
      [
       86.98491747205162,
       20.760120838983635
      ],
      [
       86.98510960616069,
       20.76012085573849
      ],
      [
       86.98520573476125,
       20.759488350902366
      ],
      [
       86.98482152226373,
       20.758946163243706
      ],
      [
       86.98482168461939,
       20.757319700588457
      ],
      [
       86.98472565563998,
       20.75695825589082
      ],
      [
       86.98453353471785,
       20.756867879660106
      ],
      [
       86.9842453958893,
       20.756325699171363
      ],
      [
       86.98424544269507,
       20.755873903883796
      ],
      [
       86.98386119480051,
       20.7557835091738
      ],
      [
       86.98366909528316,
       20.755512413840826
      ],
      [
       86.98386127151323,
       20.75506063665808
      ],
      [
       86.98462980063664,
       20.75487998895657
      ],
      [
       86.98472590975496,
       20.754428202155058
      ],
      [
       86.98491803667123,
       20.75442821911964
      ],
      [
       86.98501411793661,
       20.754247509368703
      ],
      [
       86.9850141624537,
       20.753795713970344
      ],
      [
       86.98520632372747,
       20.75343429427618
      ],
      [
       86.98597482637314,
       20.753434358695287
      ],
      [
       86.98607091402982,
       20.75316328924305
      ],
      [
       86.98587880548904,
       20.752982555387987
      ],
      [
       86.98626308015406,
       20.75271150924564
      ],
      [
       86.98616707530387,
       20.75207898786198
      ],
      [
       86.98655135516096,
       20.751717581941207
      ],
      [
       86.98712774093629,
       20.751536907853055
      ],
      [
       86.9878962340014,
       20.751536963677385
      ],
      [
       86.98818440486343,
       20.751717701937825
      ],
      [
       86.98818439082527,
       20.751898420146016
      ],
      [
       86.98866470013408,
       20.751898452487165
      ],
      [
       86.98876078202596,
       20.751627381480095
      ],
      [
       86.9890489736036,
       20.751537040972618
      ],
      [
       86.9890489866143,
       20.75135632275629
      ],
      [
       86.9887608154086,
       20.751175585937343
      ],
      [
       86.98876088884725,
       20.750181635659775
      ],
      [
       86.98885693638691,
       20.750362360153616
      ],
      [
       86.98904905817068,
       20.750362372498625
      ],
      [
       86.98914515774923,
       20.749820223856045
      ],
      [
       86.98943332056855,
       20.750091319181273
      ],
      [
       86.98933723451283,
       20.750452749732737
      ],
      [
       86.98943328290841,
       20.750633473899274
      ],
      [
       86.98962540503496,
       20.750633485600353
      ],
      [
       86.98972142946404,
       20.75117564605472
      ],
      [
       86.98962533108056,
       20.75171779493452
      ],
      [
       86.98991349834917,
       20.751988889397
      ],
      [
       86.99039387642375,
       20.75090460760469
      ],
      [
       86.99058600448544,
       20.750814259117668
      ],
      [
       86.99068205459304,
       20.75099498257963
      ],
      [
       86.99097023846886,
       20.750994997957722
      ],
      [
       86.99106631037452,
       20.75081428474758
      ],
      [
       86.99097027601559,
       20.750362484140396
      ],
      [
       86.99058604922136,
       20.75009138616538
      ],
      [
       86.99058606040504,
       20.749910667917817
      ],
      [
       86.99029788434675,
       20.749820292771407
      ],
      [
       86.99039395630848,
       20.749639579912323
      ],
      [
       86.99068213761632,
       20.74963959577237
      ],
      [
       86.99058611073012,
       20.749097435756827
      ],
      [
       86.9908742910111,
       20.7490974512944
      ],
      [
       86.99097036183139,
       20.74891673809761
      ],
      [
       86.9914506668078,
       20.748826403515714
      ],
      [
       86.99164279658089,
       20.748645694686914
      ],
      [
       86.99183491619823,
       20.748645703918
      ],
      [
       86.99183490649882,
       20.748826422192735
      ],
      [
       86.9922191369472,
       20.749007158282154
      ],
      [
       86.99279549716975,
       20.749007183399765
      ],
      [
       86.99289156565122,
       20.7488264691268
      ],
      [
       86.99327580534369,
       20.748826484583645
      ],
      [
       86.99327579735586,
       20.749007202855182
      ],
      [
       86.99356398129055,
       20.748916854749037
      ],
      [
       86.99317977377666,
       20.748193966819805
      ],
      [
       86.99346796010727,
       20.74801325972086
      ],
      [
       86.99356403862946,
       20.747561467604996
      ],
      [
       86.99433253182175,
       20.747019339734514
      ],
      [
       86.99404436608599,
       20.746748252522647
      ],
      [
       86.99404437669693,
       20.746477175042358
      ],
      [
       86.9942364969998,
       20.746386822427212
      ],
      [
       86.99452471441943,
       20.745212162651747
      ],
      [
       86.99471682970234,
       20.745212168661602
      ],
      [
       86.99471681715265,
       20.74557360535365
      ],
      [
       86.99490893289197,
       20.745573611148973
      ],
      [
       86.99529317555144,
       20.74521218540334
      ],
      [
       86.99567743435347,
       20.744218244508502
      ],
      [
       86.99654195774853,
       20.74376646812665
      ],
      [
       86.99654198649486,
       20.742501439369345
      ],
      [
       86.99692621569247,
       20.74223036905084
      ],
      [
       86.99683016557923,
       20.74195928968352
      ],
      [
       86.99711833576639,
       20.741778576332905
      ],
      [
       86.99711834089922,
       20.74150749869494
      ],
      [
       86.99750256359516,
       20.74141714548904
      ],
      [
       86.9977907332691,
       20.741146071782733
      ],
      [
       86.9976946823,
       20.740874992864
      ],
      [
       86.99827101583081,
       20.740513562732794
      ],
      [
       86.998655234535,
       20.740513566166143
      ],
      [
       86.99875129069375,
       20.740332848439255
      ],
      [
       86.99913550842855,
       20.74042321002571
      ],
      [
       86.99913550945504,
       20.74024249157268
      ],
      [
       86.99951972747502,
       20.740242493074753
      ],
      [
       86.99980789144622,
       20.73988105672055
      ],
      [
       86.99980789201648,
       20.73942926055236
      ],
      [
       87.0001921077555,
       20.73924854207844
      ],
      [
       87.0001921075274,
       20.739067823600735
      ],
      [
       86.9999039463504,
       20.738887105199687
      ],
      [
       86.99990394652147,
       20.738616027470318
      ],
      [
       86.99951973317738,
       20.738435308335642
      ],
      [
       86.99961578699806,
       20.738254590082246
      ],
      [
       86.99932762924227,
       20.737802792943654
      ],
      [
       86.999135521772,
       20.738073869840385
      ],
      [
       86.998463149817,
       20.73807386514695
      ],
      [
       86.99779079884446,
       20.736628109701037
      ],
      [
       86.99759869439627,
       20.73662810712655
      ],
      [
       86.9974065837905,
       20.73698954139122
      ],
      [
       86.99721448053968,
       20.736899179125604
      ],
      [
       86.99702236867954,
       20.737260612949637
      ],
      [
       86.99596579222028,
       20.737170232155364
      ],
      [
       86.99567763708804,
       20.737079865895826
      ],
      [
       86.99558159244724,
       20.73680878566989
      ],
      [
       86.99558161342833,
       20.736085911533554
      ],
      [
       86.99577371719191,
       20.73608591636059
      ],
      [
       86.99567767044122,
       20.735905195430295
      ],
      [
       86.99596583771694,
       20.735453406053683
      ],
      [
       86.99596585208334,
       20.734911250371493
      ],
      [
       86.99615795664509,
       20.734820895485484
      ],
      [
       86.99644610778697,
       20.734911260963493
      ],
      [
       86.99625399661204,
       20.735272694012966
      ],
      [
       86.99654214250889,
       20.73563413715681
      ],
      [
       86.99846317171101,
       20.735905242868842
      ],
      [
       86.99846316897442,
       20.736176320683487
      ],
      [
       86.9988473760466,
       20.736266682956654
      ],
      [
       86.99875132108578,
       20.73662811935538
      ],
      [
       86.99923158175048,
       20.73671848143616
      ],
      [
       86.99942368733912,
       20.736447404389402
      ],
      [
       86.99932763682534,
       20.736085966963973
      ],
      [
       86.99951974058953,
       20.73608596760758
      ],
      [
       86.99951974515034,
       20.734640219148545
      ],
      [
       86.9994236948645,
       20.734459500279137
      ],
      [
       86.99923159315267,
       20.73445949952833
      ],
      [
       86.99923159543292,
       20.73400770307563
      ],
      [
       86.99951974714558,
       20.734007704121375
      ],
      [
       86.99971184897142,
       20.73364626737114
      ],
      [
       87.00000000000003,
       20.73355590831527
      ],
      [
       87.00000000000003,
       20.73274267459792
      ],
      [
       87.00057629658508,
       20.73220051777847
      ],
      [
       87.00048024316442,
       20.730935487614104
      ],
      [
       87.00019209703781,
       20.73075476952489
      ],
      [
       87.00019209669586,
       20.730483691539447
      ],
      [
       87.0004802405997,
       20.730122253649284
      ],
      [
       87.00048023888996,
       20.72958009763006
      ],
      [
       87.00019209521408,
       20.729309020170604
      ],
      [
       87.0001920949861,
       20.729128301484238
      ],
      [
       86.999903952507,
       20.729128301564668
      ],
      [
       86.9998079069515,
       20.727592192497102
      ],
      [
       86.99923163190869,
       20.726778956608282
      ],
      [
       86.99913558999982,
       20.72605608117214
      ],
      [
       86.99865536621047,
       20.72560428119629
      ],
      [
       86.9986553686035,
       20.725333203048788
      ],
      [
       86.9982711933324,
       20.72488140268679
      ],
      [
       86.99836725267521,
       20.723526012688424
      ],
      [
       86.99807913104885,
       20.722712775049615
      ],
      [
       86.99798311631109,
       20.720544147804706
      ],
      [
       86.99750292071852,
       20.719640547119468
      ],
      [
       86.99779106752003,
       20.71810444037999
      ],
      [
       86.99750295033459,
       20.71783335805829
      ],
      [
       86.99711881618325,
       20.71638760053561
      ],
      [
       86.99644655681588,
       20.7156647121203
      ],
      [
       86.9964465610297,
       20.71548399314802
      ],
      [
       86.99615844891231,
       20.715303267984012
      ],
      [
       86.9955822529199,
       20.7140382212243
      ],
      [
       86.99433379949488,
       20.71295387056968
      ],
      [
       86.9926051281639,
       20.712953805001845
      ],
      [
       86.99231700261171,
       20.713224870921152
      ],
      [
       86.99154869786857,
       20.713315194432102
      ],
      [
       86.99135661257327,
       20.713495903912786
      ],
      [
       86.99020413769804,
       20.7138572802197
      ],
      [
       86.98809130468385,
       20.71385714704209
      ],
      [
       86.98789921460781,
       20.714037852652034
      ],
      [
       86.98703485743681,
       20.714218508730568
      ],
      [
       86.9869388038582,
       20.71439922046601
      ],
      [
       86.98540217527332,
       20.71457981602431
      ],
      [
       86.98521008109937,
       20.714760518616494
      ],
      [
       86.98482592737172,
       20.71476048518658
      ],
      [
       86.98472987083271,
       20.714941195676527
      ],
      [
       86.98348136974344,
       20.71494108041186
      ],
      [
       86.98300115686183,
       20.715121752644492
      ],
      [
       86.98290513847442,
       20.714941024159064
      ],
      [
       86.98252099465944,
       20.71485062609651
      ],
      [
       86.98156055512312,
       20.715302323347608
      ],
      [
       86.98098432249425,
       20.715302260664732
      ],
      [
       86.98040805501854,
       20.715573274500464
      ],
      [
       86.98040803178554,
       20.71575399346061
      ],
      [
       86.98021594194388,
       20.715844330972832
      ],
      [
       86.97906346018506,
       20.71593455415081
      ],
      [
       86.9786792655857,
       20.71620558542764
      ],
      [
       86.97733471484369,
       20.716205413657672
      ],
      [
       86.97675845125391,
       20.716386055769867
      ],
      [
       86.97589409619188,
       20.71638593690671
      ],
      [
       86.97550990934583,
       20.716566601622734
      ],
      [
       86.97464555326779,
       20.716566476489746
      ],
      [
       86.97426136448937,
       20.716747138413638
      ],
      [
       86.97262872244475,
       20.71656616763549
      ],
      [
       86.97243661063312,
       20.716746855917403
      ],
      [
       86.97176433290447,
       20.716746746964144
      ],
      [
       86.97128410047488,
       20.71692738645634
      ],
      [
       86.9697474638683,
       20.716927123272914
      ],
      [
       86.96907524037181,
       20.716655925436037
      ],
      [
       86.96821086498564,
       20.716746127454886
      ],
      [
       86.96773070489685,
       20.71656531919047
      ],
      [
       86.96686632923884,
       20.716655514458914
      ],
      [
       86.96667421049105,
       20.71683619629963
      ],
      [
       86.96619409203883,
       20.716474664832898
      ],
      [
       86.96561781427502,
       20.716655269630028
      ],
      [
       86.96542577605305,
       20.716474512241582
      ],
      [
       86.96484958075284,
       20.71629367662634
      ],
      [
       86.96456144159059,
       20.716383977017625
      ],
      [
       86.96427336563923,
       20.716203198543273
      ],
      [
       86.9634089683207,
       20.716383735915926
      ],
      [
       86.96302487633993,
       20.716112575453185
      ],
      [
       86.96187245035671,
       20.715931605145045
      ],
      [
       86.96168041749476,
       20.71575084357144
      ],
      [
       86.96139230038216,
       20.71575077919943
      ],
      [
       86.96110411408326,
       20.71602179273159
      ],
      [
       86.96052787883863,
       20.716021661574764
      ],
      [
       86.96014365111446,
       20.716292651440032
      ],
      [
       86.95985553298286,
       20.71629258449445
      ],
      [
       86.95966350206326,
       20.716111820681725
      ],
      [
       86.95822303698885,
       20.715659679822192
      ],
      [
       86.9580310088052,
       20.71547891417981
      ],
      [
       86.95803113322403,
       20.71502711685321
      ],
      [
       86.95841538615598,
       20.714665772192426
      ],
      [
       86.95937574557769,
       20.71475636095874
      ],
      [
       86.95937579374916,
       20.71457564201272
      ],
      [
       86.96081634494882,
       20.714666335381875
      ],
      [
       86.96187281205293,
       20.714485853624375
      ],
      [
       86.96302524902899,
       20.714576464466326
      ],
      [
       86.96321736924328,
       20.714395786652414
      ],
      [
       86.9666747835102,
       20.71421577162726
      ],
      [
       86.9669629369112,
       20.714035108181864
      ],
      [
       86.96840352508642,
       20.71394501909508
      ],
      [
       86.96917188317364,
       20.71367407990538
      ],
      [
       86.96994018506993,
       20.713674215760225
      ],
      [
       86.97003625833585,
       20.71349351351147
      ],
      [
       86.97214911910137,
       20.713313149255388
      ],
      [
       86.97262935534106,
       20.713042147758284
      ],
      [
       86.97310954204926,
       20.71304222342413
      ],
      [
       86.97320561116061,
       20.712861519388817
      ],
      [
       86.97358976007357,
       20.71286157874242
      ],
      [
       86.97378186561644,
       20.7126808890854
      ],
      [
       86.97503039252241,
       20.71240999614241
      ],
      [
       86.97522249578958,
       20.71222930486618
      ],
      [
       86.9755106062837,
       20.712229346085564
      ],
      [
       86.97560667203658,
       20.71204864069
      ],
      [
       86.97675916776359,
       20.71168736203139
      ],
      [
       86.97685523169474,
       20.711506655926087
      ],
      [
       86.97714334082639,
       20.711506694412115
      ],
      [
       86.97781564807181,
       20.71114534424186
      ],
      [
       86.97839186497373,
       20.711145417516594
      ],
      [
       86.97858396266486,
       20.71096472245826
      ],
      [
       86.97887207077558,
       20.710964758050796
      ],
      [
       86.97896813174685,
       20.710784050748877
      ],
      [
       86.97935227544026,
       20.71078409724102
      ],
      [
       86.97983250287683,
       20.710422716019778
      ],
      [
       86.98031268135814,
       20.71042277158969
      ],
      [
       86.9814651646524,
       20.70997110180444
      ],
      [
       86.98184930630296,
       20.709971142724346
      ],
      [
       86.98223347954725,
       20.709700104160902
      ],
      [
       86.98271365575901,
       20.709700153033786
      ],
      [
       86.98290575664102,
       20.709429093572137
      ],
      [
       86.98338593200084,
       20.709429140569778
      ],
      [
       86.98357802161257,
       20.709248439897966
      ],
      [
       86.98511459859849,
       20.7090678604763
      ],
      [
       86.98549876376528,
       20.708796814594333
      ],
      [
       86.98626705744377,
       20.708616158465656
      ],
      [
       86.98636310817018,
       20.708435446982104
      ],
      [
       86.98809177057835,
       20.707893417822255
      ],
      [
       86.98857196820461,
       20.707532012088645
      ],
      [
       86.98876402930385,
       20.707622384295643
      ],
      [
       86.98886007644462,
       20.707441671396758
      ],
      [
       86.98924421173444,
       20.70744169581691
      ],
      [
       86.9899164664213,
       20.707170657775546
      ],
      [
       86.99366177887103,
       20.70717083634536
      ],
      [
       86.99404589936823,
       20.70753228834293
      ],
      [
       86.99491019826272,
       20.707713035195408
      ],
      [
       86.9950062263381,
       20.7078937571419
      ],
      [
       86.99529432866399,
       20.707893765255374
      ],
      [
       86.99529432308606,
       20.708074484386582
      ],
      [
       86.9955824257536,
       20.708074492018127
      ],
      [
       86.99577448418101,
       20.70843593508934
      ],
      [
       86.99596655308152,
       20.708435939695136
      ],
      [
       86.99596654830026,
       20.70861665881514
      ],
      [
       86.99635068223084,
       20.70879738650044
      ],
      [
       86.99635067790486,
       20.708978105612946
      ],
      [
       86.99721497452421,
       20.709881717266914
      ],
      [
       86.99721496957177,
       20.71015279590037
      ],
      [
       86.99759910600697,
       20.710514239849704
      ],
      [
       86.99779116967035,
       20.711056399639496
      ],
      [
       86.99827134505303,
       20.711508202786153
      ],
      [
       86.9982713419788,
       20.711779281368646
      ],
      [
       86.99865548422046,
       20.71223108241543
      ],
      [
       86.99884755243764,
       20.71295395994872
      ],
      [
       86.999039626462,
       20.713044320640535
      ],
      [
       86.99903962475393,
       20.71331539917479
      ],
      [
       86.99971188554726,
       20.71430935616494
      ],
      [
       87.00000000000003,
       20.715574389307324
      ],
      [
       87.00028811752767,
       20.71593582700391
      ],
      [
       87.00038415807023,
       20.71647798369448
      ],
      [
       87.00076831932948,
       20.7171104987232
      ],
      [
       87.00105644722191,
       20.71828517022855
      ],
      [
       87.00105645160734,
       20.71891768641041
      ],
      [
       87.00153666781891,
       20.72000199613977
      ],
      [
       87.00153667237564,
       20.72045379332714
      ],
      [
       87.00182480169269,
       20.720724868814692
      ],
      [
       87.00182480602176,
       20.721086306536094
      ],
      [
       87.00230502360088,
       20.72144773848115
      ],
      [
       87.00278523519874,
       20.72135737195508
      ],
      [
       87.00316941496956,
       20.721809162425394
      ],
      [
       87.0035536244206,
       20.723435624342137
      ],
      [
       87.00345758872123,
       20.723797063905643
      ],
      [
       87.00364968347799,
       20.724068138134683
      ],
      [
       87.00364970512794,
       20.72497173205764
      ],
      [
       87.00384179942922,
       20.725152446649833
      ],
      [
       87.00393786777543,
       20.72605603828781
      ],
      [
       87.00412996133615,
       20.726146393160604
      ],
      [
       87.00412999563882,
       20.727411424320195
      ],
      [
       87.0044181558391,
       20.72813429202799
      ],
      [
       87.00461025230611,
       20.728224646342323
      ],
      [
       87.00451421341837,
       20.72849572694458
      ],
      [
       87.00470631877549,
       20.728857159192046
      ],
      [
       87.0047063913835,
       20.731206501884834
      ],
      [
       87.00499454964924,
       20.73156793104172
      ],
      [
       87.00499459707305,
       20.7330136800112
      ],
      [
       87.00528275317357,
       20.73319439000842
      ],
      [
       87.00537885750012,
       20.734730495013086
      ],
      [
       87.00576309923224,
       20.735724434647192
      ],
      [
       87.00566707112488,
       20.73635695273628
      ],
      [
       87.00595523435233,
       20.736537661535277
      ],
      [
       87.0060513116626,
       20.737170173020857
      ],
      [
       87.00643554102582,
       20.737621955359202
      ],
      [
       87.006339544625,
       20.73897734763582
      ],
      [
       87.00662771361203,
       20.73915805525174
      ],
      [
       87.00662773328521,
       20.73960985143113
      ],
      [
       87.00720408785385,
       20.740242342867624
      ],
      [
       87.00720410923913,
       20.740694138989547
      ],
      [
       87.00739622760003,
       20.740874849277308
      ],
      [
       87.0074923091932,
       20.741417000422913
      ],
      [
       87.00749234922964,
       20.742230233313794
      ],
      [
       87.00720420761876,
       20.742772400844935
      ],
      [
       87.00633973282397,
       20.743495308459956
      ],
      [
       87.00633974035298,
       20.743676026843595
      ],
      [
       87.00576342427972,
       20.744308561438718
      ],
      [
       87.00566738067042,
       20.744670001361072
      ],
      [
       87.00489894845943,
       20.745483257558018
      ],
      [
       87.00480290205576,
       20.745844696948787
      ],
      [
       87.0037462880787,
       20.746838674011588
      ],
      [
       87.00365024024961,
       20.747290471855944
      ],
      [
       87.00326601219331,
       20.747651916189454
      ],
      [
       87.00326601995242,
       20.74801335277997
      ],
      [
       87.0030739029576,
       20.748103715467288
      ],
      [
       87.00307390843474,
       20.74837479289743
      ],
      [
       87.00288179258104,
       20.748555514506904
      ],
      [
       87.00249757433923,
       20.74982054838623
      ],
      [
       87.00230545323633,
       20.749820551069845
      ],
      [
       87.00230545597519,
       20.750001269321604
      ],
      [
       87.00211333589934,
       20.750091630915026
      ],
      [
       87.00172910122551,
       20.750814508170617
      ],
      [
       87.00172910430689,
       20.751085585515618
      ],
      [
       87.0011527423677,
       20.751898822330393
      ],
      [
       87.00096062777074,
       20.753344569070823
      ],
      [
       87.00076850312975,
       20.753525288214966
      ],
      [
       87.00038425430442,
       20.754609598490898
      ],
      [
       87.00000000000003,
       20.754971035219196
      ],
      [
       86.99990393591024,
       20.75542283054451
      ],
      [
       86.99961574272763,
       20.755784266406486
      ],
      [
       86.99942361032411,
       20.756778215519006
      ],
      [
       86.99951967298675,
       20.757501088214486
      ],
      [
       86.99923147403867,
       20.758043241427682
      ],
      [
       86.99923147221187,
       20.75840467758218
      ],
      [
       86.99894327177944,
       20.758766112191115
      ],
      [
       86.99875113046953,
       20.75985041922901
      ],
      [
       86.99875112230501,
       20.760844368408346
      ],
      [
       86.99894325168232,
       20.761657600758564
      ],
      [
       86.99865504040106,
       20.76247082972895
      ],
      [
       86.99836683283134,
       20.762651545217576
      ],
      [
       86.99836682991909,
       20.76292262218954
      ],
      [
       86.99798255100856,
       20.763193695070985
      ],
      [
       86.99721397582722,
       20.764458710044263
      ],
      [
       86.99702183622928,
       20.764458706821447
      ],
      [
       86.99692575729286,
       20.764910499982573
      ],
      [
       86.99634933461589,
       20.765000847670148
      ],
      [
       86.99567679736384,
       20.76662729332112
      ],
      [
       86.99461998251468,
       20.767530852931664
      ],
      [
       86.99442781915606,
       20.768073000432697
      ],
      [
       86.99404352019899,
       20.768344064338653
      ],
      [
       86.99404350957428,
       20.768615141129786
      ],
      [
       86.99365918970977,
       20.769337998776813
      ],
      [
       86.9927945123438,
       20.769789759280535
      ],
      [
       86.99231411908207,
       20.770331891941265
      ],
      [
       86.99116121593059,
       20.770693272125353
      ],
      [
       86.99077690452128,
       20.770964328637405
      ],
      [
       86.98962400525966,
       20.77114498067405
      ],
      [
       86.98875930562124,
       20.771596720763533
      ],
      [
       86.98578099358866,
       20.771686858946783
      ]
     ],
     [
      [
       86.98030531695849,
       20.767349090454857
      ],
      [
       86.98155424802775,
       20.76734922908402
      ],
      [
       86.98174641297489,
       20.767168531727577
      ],
      [
       86.98174646723591,
       20.766716737015507
      ],
      [
       86.98165046146852,
       20.766174573096308
      ],
      [
       86.98145836380307,
       20.765813116659455
      ],
      [
       86.98126622250304,
       20.76581309581707
      ],
      [
       86.98126626705073,
       20.765451659993317
      ],
      [
       86.98097808971062,
       20.765180551450126
      ],
      [
       86.98078594921076,
       20.765180530071273
      ],
      [
       86.98049778483497,
       20.764819061751414
      ],
      [
       86.9800174347295,
       20.764819006559573
      ],
      [
       86.98011330377237,
       20.766355119953925
      ],
      [
       86.97992113791454,
       20.766535815500156
      ],
      [
       86.97992107822807,
       20.76698761021689
      ],
      [
       86.98030531695849,
       20.767349090454857
      ]
     ],
     [
      [
       86.9845327073889,
       20.765000190276652
      ],
      [
       86.98482091780251,
       20.765000215979377
      ],
      [
       86.98462885062631,
       20.764277327154225
      ],
      [
       86.98424456253709,
       20.764367651319223
      ],
      [
       86.98424453443964,
       20.764638728226895
      ],
      [
       86.98453273497293,
       20.764729113380007
      ],
      [
       86.9845327073889,
       20.765000190276652
      ]
     ],
     [
      [
       86.9831878054173,
       20.764277192199906
      ],
      [
       86.98337995465745,
       20.7641868519204
      ],
      [
       86.98337997441656,
       20.76400613397418
      ],
      [
       86.98376425245296,
       20.764006170713454
      ],
      [
       86.98395641054509,
       20.763825470810282
      ],
      [
       86.9840524609808,
       20.76400619770394
      ],
      [
       86.98434067881752,
       20.763915865236044
      ],
      [
       86.98472493846752,
       20.76409661777597
      ],
      [
       86.98482108021636,
       20.76337375446909
      ],
      [
       86.98462894199643,
       20.76337373738912
      ],
      [
       86.9844368315294,
       20.763102643146496
      ],
      [
       86.9834761617905,
       20.762921835481954
      ],
      [
       86.983284004271,
       20.763102534867443
      ],
      [
       86.98328395458995,
       20.763554329773125
      ],
      [
       86.98347608321474,
       20.763644707335555
      ],
      [
       86.98328394465359,
       20.76364468875142
      ],
      [
       86.98337998429604,
       20.76391577499965
      ],
      [
       86.98309176588981,
       20.764006105855735
      ],
      [
       86.9831878054173,
       20.764277192199906
      ]
     ],
     [
      [
       86.98472492938744,
       20.764186976749198
      ],
      [
       86.98482098998838,
       20.764277344235012
      ],
      [
       86.98482099901138,
       20.764186985262686
      ],
      [
       86.98472492938744,
       20.764186976749198
      ]
     ],
     [
      [
       86.98808750787136,
       20.76238006309218
      ],
      [
       86.98837571332156,
       20.762380082829797
      ],
      [
       86.98847180236137,
       20.76210901231793
      ],
      [
       86.98876000729811,
       20.762109031410787
      ],
      [
       86.98876002065957,
       20.761928313416753
      ],
      [
       86.98885607561043,
       20.76210903766766
      ],
      [
       86.98904821223516,
       20.762109050020282
      ],
      [
       86.98904823176338,
       20.76183797302754
      ],
      [
       86.98876003402087,
       20.761747595418917
      ],
      [
       86.98876006074305,
       20.761386159411867
      ],
      [
       86.98904826430973,
       20.76138617802065
      ],
      [
       86.98904824478203,
       20.761657255027632
      ],
      [
       86.98924038083591,
       20.761657267165138
      ],
      [
       86.98924039362602,
       20.761476549161316
      ],
      [
       86.98943253573245,
       20.761386202080494
      ],
      [
       86.98962466527739,
       20.761476572791633
      ],
      [
       86.98952862225913,
       20.761115130945242
      ],
      [
       86.98933648689022,
       20.76111511913031
      ],
      [
       86.98952864092975,
       20.76084405392075
      ],
      [
       86.98904830987313,
       20.76075366497113
      ],
      [
       86.98895226211516,
       20.760482581786736
      ],
      [
       86.9898168858341,
       20.76021155814916
      ],
      [
       86.99010508129442,
       20.760301934000562
      ],
      [
       86.99029723293559,
       20.76003086790499
      ],
      [
       86.99048936693485,
       20.760030878645228
      ],
      [
       86.99020120087665,
       20.759488708327304
      ],
      [
       86.99029729059848,
       20.759127277674043
      ],
      [
       86.99058548988467,
       20.759127293703088
      ],
      [
       86.9905855066691,
       20.758856216615065
      ],
      [
       86.99039338557202,
       20.75867548791956
      ],
      [
       86.99068158953955,
       20.75858514475397
      ],
      [
       86.99096980926356,
       20.758223723995755
      ],
      [
       86.99154620943574,
       20.758133394275703
      ],
      [
       86.9915462245066,
       20.75786231715564
      ],
      [
       86.9917383557663,
       20.757862326498586
      ],
      [
       86.99193050620684,
       20.757500899453028
      ],
      [
       86.9922187116594,
       20.75732019464962
      ],
      [
       86.99221874402562,
       20.75668768129534
      ],
      [
       86.99241088282041,
       20.75650697177617
      ],
      [
       86.99241089634864,
       20.756235894604274
      ],
      [
       86.99260302555378,
       20.75623590297999
      ],
      [
       86.99269909883262,
       20.756055188967853
      ],
      [
       86.992507014377,
       20.755151590045735
      ],
      [
       86.99202671373854,
       20.75479013214883
      ],
      [
       86.99183460576576,
       20.754428686826788
      ],
      [
       86.99193071716796,
       20.753525100539736
      ],
      [
       86.99154648569656,
       20.753163645717223
      ],
      [
       86.99154650076301,
       20.752892568440547
      ],
      [
       86.99125832887131,
       20.75262147674217
      ],
      [
       86.99106620423287,
       20.752621466864994
      ],
      [
       86.99106621484754,
       20.75244074867033
      ],
      [
       86.99068196049194,
       20.752531087369725
      ],
      [
       86.99068194388498,
       20.75280216465715
      ],
      [
       86.99058589263724,
       20.75262144123265
      ],
      [
       86.9903937679992,
       20.752621430603952
      ],
      [
       86.9902016258982,
       20.752892497044733
      ],
      [
       86.99000950091798,
       20.752892485986433
      ],
      [
       86.98981740618426,
       20.75244067923553
      ],
      [
       86.98933708882679,
       20.752531009211584
      ],
      [
       86.98933706982295,
       20.752802086497898
      ],
      [
       86.98904888252478,
       20.752802068380625
      ],
      [
       86.98904886300701,
       20.75307314565814
      ],
      [
       86.98885673117918,
       20.75316349240192
      ],
      [
       86.98885671793882,
       20.75334421058017
      ],
      [
       86.98866459238883,
       20.753344198018503
      ],
      [
       86.9885684684895,
       20.754157423411478
      ],
      [
       86.98828022988218,
       20.754789917537398
      ],
      [
       86.98828018113855,
       20.755422431023792
      ],
      [
       86.9880880458859,
       20.755512776882128
      ],
      [
       86.98808803173043,
       20.75569349501053
      ],
      [
       86.98760769571112,
       20.755874179176544
      ],
      [
       86.98799186758006,
       20.756958515118335
      ],
      [
       86.98760759262179,
       20.757139205940238
      ],
      [
       86.98760756316628,
       20.757500642124263
      ],
      [
       86.9874154323661,
       20.757500628163807
      ],
      [
       86.98722327878903,
       20.757771691116226
      ],
      [
       86.98722324082642,
       20.758223486309998
      ],
      [
       86.98751143097518,
       20.758313866529114
      ],
      [
       86.9875114087108,
       20.758584943631433
      ],
      [
       86.98712710612077,
       20.759036710430234
      ],
      [
       86.98683890700973,
       20.759036688601846
      ],
      [
       86.98703102433596,
       20.759217421261443
      ],
      [
       86.98703100121402,
       20.75948849833478
      ],
      [
       86.98664671078366,
       20.759759545971736
      ],
      [
       86.98664668697587,
       20.760030623027568
      ],
      [
       86.98607027670882,
       20.760120936290647
      ],
      [
       86.98587810902733,
       20.760482356666014
      ],
      [
       86.98568597446075,
       20.760482340770086
      ],
      [
       86.98597412629462,
       20.761024518589444
      ],
      [
       86.98597408461337,
       20.761476313610018
      ],
      [
       86.98616622043633,
       20.76147632918455
      ],
      [
       86.98635833193536,
       20.761747421545646
      ],
      [
       86.98683866452782,
       20.76183781800435
      ],
      [
       86.98712684599447,
       20.7621089168268
      ],
      [
       86.98799146080088,
       20.762108979422365
      ],
      [
       86.98808750787136,
       20.76238006309218
      ]
     ],
     [
      [
       86.98530172279915,
       20.760301590308064
      ],
      [
       86.98549385713697,
       20.76030160663346
      ],
      [
       86.9854938657582,
       20.76021124761909
      ],
      [
       86.98530174026995,
       20.76012087227853
      ],
      [
       86.98530172279915,
       20.760301590308064
      ]
     ],
     [
      [
       86.98578209244359,
       20.759940194655154
      ],
      [
       86.9858781509916,
       20.76003056159341
      ],
      [
       86.98587815938431,
       20.759940202576047
      ],
      [
       86.98578209244359,
       20.759940194655154
      ]
     ],
     [
      [
       86.98712716732007,
       20.758313838177436
      ],
      [
       86.98722322564112,
       20.75840420438086
      ],
      [
       86.98722323323379,
       20.7583138453459
      ],
      [
       86.98712716732007,
       20.758313838177436
      ]
     ],
     [
      [
       86.99068216528924,
       20.749187800122503
      ],
      [
       86.9907782199625,
       20.74927816443362
      ],
      [
       86.99077822543997,
       20.74918780530172
      ],
      [
       86.99068216528924,
       20.749187800122503
      ]
     ],
     [
      [
       86.99414043165702,
       20.746567537503694
      ],
      [
       86.99423648673118,
       20.74665789991045
      ],
      [
       86.99423649015408,
       20.746567540750316
      ],
      [
       86.99414043165702,
       20.746567537503694
      ]
     ],
     [
      [
       86.99740659148749,
       20.736537745071725
      ],
      [
       86.99759869582162,
       20.736537747860744
      ],
      [
       86.99759869867232,
       20.736357029326278
      ],
      [
       86.99750264661928,
       20.736357027958594
      ],
      [
       86.99740659148749,
       20.736537745071725
      ]
     ]
    ]
   },
   "properties": {
    "id": "P04",
    "area_ha": 841.0999999993801,
    "quality": 0.9921966318298415,
    "confidence": 0.9921966318298415,
    "habitat_class": "mangrove",
    "name": null,
    "protected": false,
    "perimeter_km": 35.659720779637325,
    "bbox": [
     20.707170657775546,
     86.9580310088052,
     20.771686858946783,
     87.00749234922964
    ],
    "extra": {
     "pixel_count": 84110,
     "label_value": 36,
     "centroid_pixel": [
      2200.609725359648,
      1086.766805373915
     ]
    },
    "centroid_lat": 20.7419349840671,
    "centroid_lon": 86.99117342702381,
    "criticality_rank": 4,
    "criticality_score": 0.04686599943096397,
    "delta_connectivity": 0.0004150989191364935,
    "delta_pct": 4.686599943096397,
    "degree": 2,
    "is_cut_vertex": true,
    "component_count_after": 5,
    "rank_by_area": 4,
    "criticality_level": "medium"
   }
  },
  {
   "type": "Feature",
   "id": "P05",
   "geometry": {
    "type": "Polygon",
    "coordinates": [
     [
      [
       86.88690904680426,
       20.787101555165467
      ],
      [
       86.88633281381959,
       20.786739740187958
      ],
      [
       86.88517974110681,
       20.786829331461675
      ],
      [
       86.88508379413732,
       20.786648550059194
      ],
      [
       86.88489162686118,
       20.786648421319
      ],
      [
       86.88489176387192,
       20.78646770420398
      ],
      [
       86.88441113988537,
       20.786738457081984
      ],
      [
       86.88364253960205,
       20.786647579264578
      ],
      [
       86.88287428878338,
       20.786104905242414
      ],
      [
       86.88287484640628,
       20.785382036765633
      ],
      [
       86.88277876357704,
       20.785381971189928
      ],
      [
       86.88249079480894,
       20.78502033988396
      ],
      [
       86.882202547013,
       20.785020142354014
      ],
      [
       86.88229820934686,
       20.785562359625985
      ],
      [
       86.88181779464387,
       20.785562029593457
      ],
      [
       86.8817214301483,
       20.785923397649036
      ],
      [
       86.88133716809763,
       20.785832773881804
      ],
      [
       86.88152982783407,
       20.785200396692563
      ],
      [
       86.88114549699785,
       20.785200131058385
      ],
      [
       86.8807609532903,
       20.7854709402348
      ],
      [
       86.88095269396895,
       20.786013224911496
      ],
      [
       86.87989592150053,
       20.78583177167108
      ],
      [
       86.87970404165175,
       20.78547020292821
      ],
      [
       86.87912754441382,
       20.785469798018585
      ],
      [
       86.87864684118591,
       20.785830893301675
      ],
      [
       86.87720559475011,
       20.785829868506084
      ],
      [
       86.87710936538862,
       20.786010516833386
      ],
      [
       86.87682126238204,
       20.785829593183866
      ],
      [
       86.87586006209743,
       20.786280693778746
      ],
      [
       86.87480321952425,
       20.786189567745694
      ],
      [
       86.87461120214557,
       20.78600871044453
      ],
      [
       86.87355413650637,
       20.78618865230901
      ],
      [
       86.87297809023407,
       20.78564607558855
      ],
      [
       86.87211341970823,
       20.785555075090823
      ],
      [
       86.87192140634907,
       20.785374214788554
      ],
      [
       86.87057617037925,
       20.785463564536077
      ],
      [
       86.87009598812016,
       20.785192126143
      ],
      [
       86.86951941450218,
       20.78528204749531
      ],
      [
       86.86884714768269,
       20.78492010094554
      ],
      [
       86.86827065277492,
       20.78491965959076
      ],
      [
       86.86683004954286,
       20.784195679602732
      ],
      [
       86.86644619830041,
       20.783653229945312
      ],
      [
       86.86644667511784,
       20.783111078780536
      ],
      [
       86.8666389964895,
       20.78293051107907
      ],
      [
       86.86654331231743,
       20.782478643750707
      ],
      [
       86.86702419170955,
       20.781936865220818
      ],
      [
       86.8674085929687,
       20.781846803875343
      ],
      [
       86.86827402317614,
       20.781034242438555
      ],
      [
       86.8690428192192,
       20.780854113236405
      ],
      [
       86.8694274496179,
       20.780492971637575
      ],
      [
       86.87000400508853,
       20.780403050447973
      ],
      [
       86.87029216681829,
       20.78049362698436
      ],
      [
       86.87038801517042,
       20.780764775244158
      ],
      [
       86.87067625476035,
       20.780764992567253
      ],
      [
       86.87086895227326,
       20.780132627159894
      ],
      [
       86.871253270135,
       20.780132915731745
      ],
      [
       86.87163735889868,
       20.780404279180495
      ],
      [
       86.87202175359941,
       20.780314207456772
      ],
      [
       86.87221421686642,
       20.779952916231505
      ],
      [
       86.87240629966958,
       20.780043417702956
      ],
      [
       86.87307915761328,
       20.779682481762595
      ],
      [
       86.87307945964271,
       20.77932104739394
      ],
      [
       86.87346415186867,
       20.778869538019084
      ],
      [
       86.87480925336315,
       20.778870523871817
      ],
      [
       86.8751937908297,
       20.778599727786133
      ],
      [
       86.87557810487725,
       20.77860000665918
      ],
      [
       86.87567447922743,
       20.778238641792797
      ],
      [
       86.87548239673194,
       20.77814814395965
      ],
      [
       86.87500200560436,
       20.778147794973467
      ],
      [
       86.87480999810036,
       20.777966937775954
      ],
      [
       86.87346482933552,
       20.778056310579146
      ],
      [
       86.87336905248927,
       20.777694805319843
      ],
      [
       86.87365773721793,
       20.7771528659129
      ],
      [
       86.87471541048913,
       20.77615969524047
      ],
      [
       86.87625323083599,
       20.775437940593168
      ],
      [
       86.8763494544431,
       20.775257292494945
      ],
      [
       86.87682983645443,
       20.77525763766613
      ],
      [
       86.8769260592623,
       20.77507698923706
      ],
      [
       86.87711821184179,
       20.775077126820534
      ],
      [
       86.87721458025058,
       20.774715760912198
      ],
      [
       86.87702235498415,
       20.774805982094453
      ],
      [
       86.87673419994572,
       20.774715416825675
      ],
      [
       86.87673434657403,
       20.774534699513506
      ],
      [
       86.87625404044967,
       20.774443995430833
      ],
      [
       86.87644626570825,
       20.774353775104643
      ],
      [
       86.87644641267627,
       20.774173057786836
      ],
      [
       86.87683071554328,
       20.774173333800594
      ],
      [
       86.87711916194678,
       20.773902464255936
      ],
      [
       86.87750346413905,
       20.773902738761052
      ],
      [
       86.87759939409379,
       20.77408352458431
      ],
      [
       86.87836799941435,
       20.774084070590288
      ],
      [
       86.87865600990725,
       20.774355350456354
      ],
      [
       86.87923268042958,
       20.774084680735868
      ],
      [
       86.87932889963712,
       20.77390403091818
      ],
      [
       86.88105825971046,
       20.773905237171668
      ],
      [
       86.88125055208745,
       20.7737246527656
      ],
      [
       86.88211523114846,
       20.77372524838998
      ],
      [
       86.88240373726197,
       20.77336401121881
      ],
      [
       86.88326855315222,
       20.773183883644194
      ],
      [
       86.88346104991876,
       20.77273222064097
      ],
      [
       86.88365319957875,
       20.772732350899318
      ],
      [
       86.88374941267854,
       20.77255169854753
      ],
      [
       86.88422985511384,
       20.772461664278108
      ],
      [
       86.88461401652137,
       20.772642640264372
      ],
      [
       86.88490244619909,
       20.77237175752001
      ],
      [
       86.88740038609355,
       20.77237341312398
      ],
      [
       86.88826485830597,
       20.77264505390173
      ],
      [
       86.88845720689129,
       20.772374102636626
      ],
      [
       86.88893771209116,
       20.772193696461535
      ],
      [
       86.8926845543272,
       20.772286436936007
      ],
      [
       86.89374150108864,
       20.772106376464254
      ],
      [
       86.89652759925544,
       20.77219843611524
      ],
      [
       86.89652772232265,
       20.772017718625992
      ],
      [
       86.8996981783637,
       20.772019599160927
      ],
      [
       86.9003705216419,
       20.772291066804197
      ],
      [
       86.90075452495651,
       20.772743083030946
      ],
      [
       86.90171515698424,
       20.772924352950145
      ],
      [
       86.90296367044765,
       20.773647933065092
      ],
      [
       86.90402032938705,
       20.773919603103224
      ],
      [
       86.90411623395221,
       20.774190732998175
      ],
      [
       86.90257890504505,
       20.774370585459096
      ],
      [
       86.90209840896398,
       20.774551029788352
      ],
      [
       86.90142593532988,
       20.774460286396245
      ],
      [
       86.9007532263979,
       20.774730975296727
      ],
      [
       86.89921606800641,
       20.774639721434973
      ],
      [
       86.89892771952007,
       20.774820269513718
      ],
      [
       86.90065709116345,
       20.774821278481923
      ],
      [
       86.90094520195026,
       20.775002162405457
      ],
      [
       86.9058450946988,
       20.775004918392106
      ],
      [
       86.90632542066778,
       20.775095539803257
      ],
      [
       86.90651746225444,
       20.77527636197482
      ],
      [
       86.9071901082331,
       20.775096009226985
      ],
      [
       86.90872727634297,
       20.775187191754966
      ],
      [
       86.9106489650191,
       20.774917125886084
      ],
      [
       86.91305082073225,
       20.775008717377283
      ],
      [
       86.91449206784563,
       20.77482872337359
      ],
      [
       86.92102525329469,
       20.77483185163968
      ],
      [
       86.92246653564675,
       20.774561431896448
      ],
      [
       86.92285074826795,
       20.774742322513436
      ],
      [
       86.92371543419442,
       20.77474270873496
      ],
      [
       86.92400352723905,
       20.77501391285925
      ],
      [
       86.9243878327902,
       20.775014082473458
      ],
      [
       86.92467615155756,
       20.77483349155052
      ],
      [
       86.92534868548633,
       20.774833785174874
      ],
      [
       86.92544485044908,
       20.774653109329968
      ],
      [
       86.92582919921446,
       20.774562916926072
      ],
      [
       86.92698202564762,
       20.774744128508274
      ],
      [
       86.92861549130346,
       20.774383379911864
      ],
      [
       86.93111346734163,
       20.774384399928174
      ],
      [
       86.9313057010634,
       20.774203759277256
      ],
      [
       86.93226650026388,
       20.774113782031588
      ],
      [
       86.93293919065407,
       20.773752610680837
      ],
      [
       86.93438028577833,
       20.773843526106855
      ],
      [
       86.93524508234223,
       20.773572777817172
      ],
      [
       86.93639795052137,
       20.773663567412747
      ],
      [
       86.93649410161836,
       20.773482885318423
      ],
      [
       86.93745485607577,
       20.77348323784694
      ],
      [
       86.93755100580286,
       20.773302555153666
      ],
      [
       86.93860783447408,
       20.773302936133437
      ],
      [
       86.93908806624626,
       20.773664542464306
      ],
      [
       86.93908813869885,
       20.773483824812313
      ],
      [
       86.94014493306366,
       20.773574555165865
      ],
      [
       86.94129801374733,
       20.773123158892016
      ],
      [
       86.94321945076504,
       20.7733045224969
      ],
      [
       86.94331559353188,
       20.773123836556234
      ],
      [
       86.94408419537562,
       20.773124088480415
      ],
      [
       86.94427641211777,
       20.772943433243995
      ],
      [
       86.94446852932731,
       20.773033854312928
      ],
      [
       86.94533327092925,
       20.77285341399558
      ],
      [
       86.94658224675058,
       20.77285380694983
      ],
      [
       86.94792720476192,
       20.773125296512845
      ],
      [
       86.94802321817669,
       20.773306043299463
      ],
      [
       86.94840751958797,
       20.773306159159908
      ],
      [
       86.94898388068769,
       20.77357740786654
      ],
      [
       86.94907989564537,
       20.773758154056225
      ],
      [
       86.94965628960527,
       20.77393904166049
      ],
      [
       86.94975230559129,
       20.77411978746881
      ],
      [
       86.95013657941496,
       20.77421025830157
      ],
      [
       86.9507128590984,
       20.774752577689277
      ],
      [
       86.9507127418392,
       20.775114013007
      ],
      [
       86.95052055941038,
       20.775204316585256
      ],
      [
       86.95032825857615,
       20.775656055239885
      ],
      [
       86.94994392143585,
       20.77574630248507
      ],
      [
       86.94955949383363,
       20.77610762531907
      ],
      [
       86.94907907791455,
       20.776197842376998
      ],
      [
       86.9490790173372,
       20.77637856000284
      ],
      [
       86.94773384192533,
       20.776649232356725
      ],
      [
       86.94667683121351,
       20.77710070149316
      ],
      [
       86.94610036471522,
       20.777100521540472
      ],
      [
       86.94600422272784,
       20.77728120895817
      ],
      [
       86.94523559982669,
       20.777280965578992
      ],
      [
       86.9447551447942,
       20.777461529310514
      ],
      [
       86.94465900097899,
       20.77764221596348
      ],
      [
       86.93995092476123,
       20.778273145841645
      ],
      [
       86.9390860372594,
       20.77872463517732
      ],
      [
       86.9389898859055,
       20.778905318611947
      ],
      [
       86.93774082346006,
       20.778995229094356
      ],
      [
       86.93697207951242,
       20.77926602500198
      ],
      [
       86.93610736759129,
       20.77926570545294
      ],
      [
       86.93581905392374,
       20.779446315488105
      ],
      [
       86.93370531124054,
       20.77944551248221
      ],
      [
       86.93332091506265,
       20.77962608119212
      ],
      [
       86.93245616097144,
       20.77971610200247
      ],
      [
       86.9282287538916,
       20.779533669679637
      ],
      [
       86.92563421590286,
       20.78034579448268
      ],
      [
       86.92419306457955,
       20.780254805572163
      ],
      [
       86.92380883642907,
       20.78007391802577
      ],
      [
       86.92342451808157,
       20.780073747076347
      ],
      [
       86.92332834726551,
       20.78025442165804
      ],
      [
       86.92275182310887,
       20.780344522020247
      ],
      [
       86.92227147057518,
       20.780253946516282
      ],
      [
       86.92179093249914,
       20.78052480455561
      ],
      [
       86.92092621369713,
       20.7805244085403
      ],
      [
       86.92025346486064,
       20.780885532375432
      ],
      [
       86.91958090421834,
       20.7808852187129
      ],
      [
       86.91871594160415,
       20.78133660509524
      ],
      [
       86.91737076722596,
       20.781426321779335
      ],
      [
       86.9170824272748,
       20.781606900230184
      ],
      [
       86.91612157196734,
       20.78169679227111
      ],
      [
       86.91477608869567,
       20.7823286407371
      ],
      [
       86.91429568373731,
       20.782328401621566
      ],
      [
       86.91419950064235,
       20.782509071002156
      ],
      [
       86.91352688146101,
       20.782599092282247
      ],
      [
       86.91343069728039,
       20.782779761222677
      ],
      [
       86.91150901919433,
       20.782869140290614
      ],
      [
       86.91006737123342,
       20.783591260782234
      ],
      [
       86.90968304411933,
       20.783591059046238
      ],
      [
       86.9087219547784,
       20.784042344214416
      ],
      [
       86.90862576397089,
       20.784223010408738
      ],
      [
       86.90766488729005,
       20.78431285502051
      ],
      [
       86.90728039285091,
       20.78458372383212
      ],
      [
       86.90679998085666,
       20.784583463717873
      ],
      [
       86.90651162239766,
       20.784764024283515
      ],
      [
       86.90487810653295,
       20.784943844356395
      ],
      [
       86.90410933144878,
       20.78512413402549
      ],
      [
       86.90401313447333,
       20.785304797589202
      ],
      [
       86.90334061207503,
       20.785214061616045
      ],
      [
       86.90286002471741,
       20.785484866338866
      ],
      [
       86.90170697075524,
       20.78557456871207
      ],
      [
       86.9012264381422,
       20.785755010220587
      ],
      [
       86.89940091871634,
       20.785663591597125
      ],
      [
       86.89882423972563,
       20.785934328646093
      ],
      [
       86.89786328587297,
       20.7861144769194
      ],
      [
       86.89728684695828,
       20.786023774376453
      ],
      [
       86.89719064130765,
       20.7862044340632
      ],
      [
       86.89661414093659,
       20.78620408786008
      ],
      [
       86.89632576735623,
       20.786384631222337
      ],
      [
       86.89526884879304,
       20.78638398970805
      ],
      [
       86.89411565772308,
       20.78665435821167
      ],
      [
       86.89200188130731,
       20.786562682868407
      ],
      [
       86.8914251858204,
       20.786833394964184
      ],
      [
       86.8896955466086,
       20.78701300957129
      ],
      [
       86.88844658892368,
       20.786831485326218
      ],
      [
       86.88825428838275,
       20.787012077477627
      ],
      [
       86.88777393578337,
       20.786921405528616
      ],
      [
       86.8876777182657,
       20.78710205981325
      ],
      [
       86.88690904680426,
       20.787101555165467
      ]
     ],
     [
      [
       86.88277883333541,
       20.785291612626366
      ],
      [
       86.88297099887988,
       20.78529174372338
      ],
      [
       86.88287526460779,
       20.78483988536812
      ],
      [
       86.88268309963584,
       20.784839754166676
      ],
      [
       86.88277883333541,
       20.785291612626366
      ]
     ],
     [
      [
       86.88162591054409,
       20.785200462966674
      ],
      [
       86.88181807596523,
       20.785200595353587
      ],
      [
       86.88181814629462,
       20.785110236791237
      ],
      [
       86.88162605143121,
       20.785019745842295
      ],
      [
       86.88162591054409,
       20.785200462966674
      ]
     ],
     [
      [
       86.88162619231684,
       20.78483902871411
      ],
      [
       86.88172220441305,
       20.784929453498073
      ],
      [
       86.8817222747985,
       20.784839094933194
      ],
      [
       86.88162619231684,
       20.78483902871411
      ]
     ],
     [
      [
       86.88181835728055,
       20.784839161098507
      ],
      [
       86.88210660472895,
       20.784839359271835
      ],
      [
       86.88220296760699,
       20.784477990946783
      ],
      [
       86.8821067450413,
       20.78465864213672
      ],
      [
       86.8817224859526,
       20.78456801923285
      ],
      [
       86.88181835728055,
       20.784839161098507
      ]
     ],
     [
      [
       86.87941643885722,
       20.784656773716975
      ],
      [
       86.87951244951606,
       20.784747199731648
      ],
      [
       86.87951252121582,
       20.78465684117215
      ],
      [
       86.87941643885722,
       20.784656773716975
      ]
     ],
     [
      [
       86.8825872966301,
       20.784478254205016
      ],
      [
       86.88268323926208,
       20.784659037027815
      ],
      [
       86.88268337888682,
       20.78447831988515
      ],
      [
       86.8825872966301,
       20.784478254205016
      ]
     ],
     [
      [
       86.88393237918903,
       20.784569527409694
      ],
      [
       86.88450894183491,
       20.784479557591467
      ],
      [
       86.88450914801024,
       20.784208481852744
      ],
      [
       86.88470131219579,
       20.78420861100662
      ],
      [
       86.88470151802476,
       20.783937535257504
      ],
      [
       86.8848937503633,
       20.783847305608923
      ],
      [
       86.88489388735135,
       20.78366658843497
      ],
      [
       86.88441382249482,
       20.783214472750018
      ],
      [
       86.88441416637868,
       20.782762679782397
      ],
      [
       86.88460639739529,
       20.78267245043702
      ],
      [
       86.88479842254338,
       20.78285329666721
      ],
      [
       86.8848940928307,
       20.783395512666914
      ],
      [
       86.88537443252496,
       20.783486192651072
      ],
      [
       86.88547037786294,
       20.78366697394995
      ],
      [
       86.88556577866343,
       20.784570623867307
      ],
      [
       86.88614227262076,
       20.78457100714222
      ],
      [
       86.88643078993147,
       20.78420976371308
      ],
      [
       86.88671896882245,
       20.784300312724604
      ],
      [
       86.88700748424854,
       20.783939068306285
      ],
      [
       86.88739181197273,
       20.783939320803402
      ],
      [
       86.88739301806304,
       20.782312865976753
      ],
      [
       86.88662464068669,
       20.781950925727248
      ],
      [
       86.88643241177292,
       20.78204115734954
      ],
      [
       86.88624045337703,
       20.781769954313695
      ],
      [
       86.88595214385523,
       20.78186012171836
      ],
      [
       86.88595227956952,
       20.781679404495904
      ],
      [
       86.88576018654696,
       20.781588918144937
      ],
      [
       86.88508741836698,
       20.781859545194227
      ],
      [
       86.88479938217299,
       20.78158827622763
      ],
      [
       86.88431891117132,
       20.78167831186039
      ],
      [
       86.88335824508057,
       20.78149694466604
      ],
      [
       86.88335803688032,
       20.781768020479213
      ],
      [
       86.88306979524889,
       20.781767824434542
      ],
      [
       86.88297392359205,
       20.781496683169337
      ],
      [
       86.88278176285002,
       20.781496552098414
      ],
      [
       86.88268554287944,
       20.781677203687703
      ],
      [
       86.88239730142733,
       20.781677006514965
      ],
      [
       86.88249317216503,
       20.781948148092063
      ],
      [
       86.88220450966959,
       20.782490102160853
      ],
      [
       86.88201269869103,
       20.782038177255956
      ],
      [
       86.8812443356526,
       20.781676212985445
      ],
      [
       86.88114797231043,
       20.78203758088787
      ],
      [
       86.8805714880737,
       20.782037180889812
      ],
      [
       86.88037925549035,
       20.782127405716956
      ],
      [
       86.88037911314096,
       20.782308122893962
      ],
      [
       86.88009087051549,
       20.7823079218437
      ],
      [
       86.88028288980016,
       20.782488773103537
      ],
      [
       86.87999443261754,
       20.782759647638944
      ],
      [
       86.87999421839883,
       20.78303072337925
      ],
      [
       86.87980198421513,
       20.783120947541864
      ],
      [
       86.87960939161783,
       20.78366296435282
      ],
      [
       86.87932107461897,
       20.78375312056716
      ],
      [
       86.87941672588111,
       20.78429533947076
      ],
      [
       86.87960874685876,
       20.784476191451063
      ],
      [
       86.88008937215307,
       20.7842054519527
      ],
      [
       86.88095404000494,
       20.78429641228078
      ],
      [
       86.88095418168498,
       20.784115695141796
      ],
      [
       86.88124249841893,
       20.784025536187503
      ],
      [
       86.88143452124292,
       20.784206386140436
      ],
      [
       86.88172283786854,
       20.784116226379933
      ],
      [
       86.88201087330972,
       20.784387500424472
      ],
      [
       86.88249128429993,
       20.78438782989898
      ],
      [
       86.88277974016022,
       20.784116951213534
      ],
      [
       86.88287561309882,
       20.784388092510735
      ],
      [
       86.88345203695393,
       20.784478843390524
      ],
      [
       86.88364433995416,
       20.784298256576506
      ],
      [
       86.88393237918903,
       20.784569527409694
      ]
     ],
     [
      [
       86.87605495787982,
       20.78293756632133
      ],
      [
       86.87615089175122,
       20.7831183527837
      ],
      [
       86.87615103913849,
       20.78293763565221
      ],
      [
       86.87605495787982,
       20.78293756632133
      ]
     ],
     [
      [
       86.87865016285912,
       20.781674399238437
      ],
      [
       86.87874653190185,
       20.781313032750457
      ],
      [
       86.87922693310858,
       20.781313371311207
      ],
      [
       86.87913128434379,
       20.780771152126302
      ],
      [
       86.87922779536343,
       20.78022906811261
      ],
      [
       86.87942009795202,
       20.78004848593855
      ],
      [
       86.87961225683839,
       20.780048620762532
      ],
      [
       86.87970847941276,
       20.77986797087382
      ],
      [
       86.87999664600972,
       20.779958531154893
      ],
      [
       86.87999678879662,
       20.779777813931013
      ],
      [
       86.88028509784057,
       20.77968765650154
      ],
      [
       86.88047682962834,
       20.78022994203083
      ],
      [
       86.88086114787664,
       20.780230209100978
      ],
      [
       86.8806690597464,
       20.780139717062585
      ],
      [
       86.88086143139572,
       20.7798687746494
      ],
      [
       86.8803810347295,
       20.779868440683654
      ],
      [
       86.88038131938569,
       20.779507006223202
      ],
      [
       86.88018923245654,
       20.779416513646293
      ],
      [
       86.88018937501023,
       20.779235796409736
      ],
      [
       86.87990120966543,
       20.7791452364506
      ],
      [
       86.87990135255978,
       20.778964519210252
      ],
      [
       86.87970926660385,
       20.7788740260955
      ],
      [
       86.87970940972454,
       20.77869330885072
      ],
      [
       86.87913351342286,
       20.77797003508325
      ],
      [
       86.87874905666017,
       20.778150481428234
      ],
      [
       86.87865240091736,
       20.778873282539767
      ],
      [
       86.87807600127658,
       20.778782515606018
      ],
      [
       86.87759553527756,
       20.778872532479827
      ],
      [
       86.87749923795764,
       20.77914353980785
      ],
      [
       86.87692276478381,
       20.77914312761441
      ],
      [
       86.87682639281336,
       20.77950449315536
      ],
      [
       86.87653808209718,
       20.77959464477141
      ],
      [
       86.8762495501737,
       20.77995587170017
      ],
      [
       86.8762492556782,
       20.780317306086097
      ],
      [
       86.8759607954854,
       20.780588173898543
      ],
      [
       86.87596050029292,
       20.780949608253913
      ],
      [
       86.87576826637945,
       20.781039827923617
      ],
      [
       86.8758639771492,
       20.781491690325318
      ],
      [
       86.87740118974364,
       20.78158315339006
      ],
      [
       86.87759349621624,
       20.781402573309293
      ],
      [
       86.87807389768558,
       20.781402915097303
      ],
      [
       86.87865016285912,
       20.781674399238437
      ]
     ],
     [
      [
       86.88652896509842,
       20.781408710576162
      ],
      [
       86.88662497797067,
       20.78149913265818
      ],
      [
       86.88662504542637,
       20.78140877404151
      ],
      [
       86.88652896509842,
       20.781408710576162
      ]
     ],
     [
      [
       86.88633680444357,
       20.781408583484183
      ],
      [
       86.88652896509842,
       20.781408710576162
      ],
      [
       86.88652903261094,
       20.781318351958852
      ],
      [
       86.8863369396969,
       20.781227866249807
      ],
      [
       86.88633680444357,
       20.781408583484183
      ]
     ],
     [
      [
       86.88652923514633,
       20.78104727610121
      ],
      [
       86.88672153013843,
       20.78086668573135
      ],
      [
       86.88700977009661,
       20.78086687563814
      ],
      [
       86.88691382467321,
       20.780686095140247
      ],
      [
       86.88710605158442,
       20.780595862955586
      ],
      [
       86.88749030391116,
       20.780686473821294
      ],
      [
       86.88758651754672,
       20.780505819489267
      ],
      [
       86.88787475682862,
       20.78050600794098
      ],
      [
       86.88797103654333,
       20.780234994753936
      ],
      [
       86.88758705257773,
       20.779782950421758
      ],
      [
       86.88739482698087,
       20.779873183159435
      ],
      [
       86.88729908286373,
       20.7794213269404
      ],
      [
       86.88624221308142,
       20.779420630077006
      ],
      [
       86.88556999998352,
       20.778968390046384
      ],
      [
       86.88537777423362,
       20.779058620533984
      ],
      [
       86.88508912755292,
       20.77960057970864
      ],
      [
       86.88508864900386,
       20.780233090104474
      ],
      [
       86.88537681954904,
       20.780323641371695
      ],
      [
       86.88547269477361,
       20.780594781349006
      ],
      [
       86.885953161677,
       20.780504742457293
      ],
      [
       86.88614518570945,
       20.780685587221686
      ],
      [
       86.88624140094055,
       20.780504933650686
      ],
      [
       86.88614498249245,
       20.780956663087117
      ],
      [
       86.88652923514633,
       20.78104727610121
      ]
     ],
     [
      [
       86.88287909749685,
       20.779870162629972
      ],
      [
       86.8829750375954,
       20.780050945374423
      ],
      [
       86.88297517683912,
       20.779870228132964
      ],
      [
       86.88287909749685,
       20.779870162629972
      ]
     ],
     [
      [
       86.87836452662887,
       20.778421285526402
      ],
      [
       86.87855653895896,
       20.77860213876422
      ],
      [
       86.87855668344908,
       20.778421421521436
      ],
      [
       86.87836452662887,
       20.778421285526402
      ]
     ],
     [
      [
       86.8758665619527,
       20.77832913941131
      ],
      [
       86.87596256650764,
       20.778419567446967
      ],
      [
       86.8759626402953,
       20.778329208832936
      ],
      [
       86.8758665619527,
       20.77832913941131
      ]
     ],
     [
      [
       86.92707636681767,
       20.77835852022428
      ],
      [
       86.9274608103132,
       20.77808760672093
      ],
      [
       86.927269086284,
       20.777183937833307
      ],
      [
       86.92611615309809,
       20.77718344570259
      ],
      [
       86.92592377724858,
       20.777635156733794
      ],
      [
       86.92601972327364,
       20.77790627442127
      ],
      [
       86.92649993948913,
       20.778267915713503
      ],
      [
       86.92698037518416,
       20.77817776189056
      ],
      [
       86.92707636681767,
       20.77835852022428
      ]
     ],
     [
      [
       86.9191020438614,
       20.777993513851374
      ],
      [
       86.91967856120978,
       20.77790342569591
      ],
      [
       86.91987081295221,
       20.777722797973134
      ],
      [
       86.91977502119457,
       20.777180600632732
      ],
      [
       86.9183338550047,
       20.777179921373207
      ],
      [
       86.91823767998851,
       20.777360593151222
      ],
      [
       86.9191020438614,
       20.777993513851374
      ]
     ],
     [
      [
       86.88240254827006,
       20.77490010878145
      ],
      [
       86.88451643074978,
       20.774630466927718
      ],
      [
       86.88470871995966,
       20.774449878650124
      ],
      [
       86.88547746355796,
       20.774269675476276
      ],
      [
       86.88547759978272,
       20.774088958097217
      ],
      [
       86.88518937270115,
       20.7740887656784
      ],
      [
       86.88499735810996,
       20.77390791975067
      ],
      [
       86.88307570753715,
       20.774087339828444
      ],
      [
       86.88249911366512,
       20.774267663806054
      ],
      [
       86.88249897389613,
       20.77444838116224
      ],
      [
       86.88211453002538,
       20.77462883517741
      ],
      [
       86.88240254827006,
       20.77490010878145
      ]
     ],
     [
      [
       86.89614157164188,
       20.774728248612767
      ],
      [
       86.89854341472451,
       20.774820042933886
      ],
      [
       86.89844751972682,
       20.77454890998561
      ],
      [
       86.8989279599771,
       20.77445883461449
      ],
      [
       86.89556561175617,
       20.774005029326073
      ],
      [
       86.89537346040919,
       20.774004912386648
      ],
      [
       86.89546934957383,
       20.77427604704388
      ],
      [
       86.89489283199728,
       20.774366053969942
      ],
      [
       86.89518093501465,
       20.774546947540024
      ],
      [
       86.89546922523306,
       20.774456764479567
      ],
      [
       86.89614157164188,
       20.774728248612767
      ]
     ],
     [
      [
       86.93822298201492,
       20.774658180651535
      ],
      [
       86.93860728678109,
       20.77465831844709
      ],
      [
       86.93860735980937,
       20.77447760081762
      ],
      [
       86.93879951196507,
       20.7744776693923
      ],
      [
       86.93889569706987,
       20.774206627146235
      ],
      [
       86.93870361816866,
       20.77402584104071
      ],
      [
       86.93870372753526,
       20.773754764574644
      ],
      [
       86.93793497492477,
       20.77411592384763
      ],
      [
       86.93822298201492,
       20.774658180651535
      ]
     ],
     [
      [
       86.89441245250121,
       20.774365759331847
      ],
      [
       86.89460460429864,
       20.77436587734831
      ],
      [
       86.89460472966728,
       20.77418515991574
      ],
      [
       86.8943165023145,
       20.77418498281211
      ],
      [
       86.89441245250121,
       20.774365759331847
      ]
     ],
     [
      [
       86.89393219918215,
       20.774184745921573
      ],
      [
       86.89402840101774,
       20.77400408779181
      ],
      [
       86.89354802267962,
       20.774003790740984
      ],
      [
       86.89354795936757,
       20.77409414945656
      ],
      [
       86.89393219918215,
       20.774184745921573
      ]
     ],
     [
      [
       86.89518130906353,
       20.774004795232273
      ],
      [
       86.89527726016885,
       20.774185571276607
      ],
      [
       86.89527738473619,
       20.774004853836335
      ],
      [
       86.89518130906353,
       20.774004795232273
      ]
     ],
     [
      [
       86.88615019736433,
       20.77399904650047
      ],
      [
       86.88663064299368,
       20.773909005545747
      ],
      [
       86.88663077784418,
       20.773728288151826
      ],
      [
       86.88778368351238,
       20.773729045237488
      ],
      [
       86.88912900394445,
       20.773368483893353
      ],
      [
       86.89057013274758,
       20.77336940806538
      ],
      [
       86.89057039306793,
       20.773007973202496
      ],
      [
       86.88855281756524,
       20.773006676000744
      ],
      [
       86.88816845097912,
       20.773096784937632
      ],
      [
       86.88807224277203,
       20.773277439775946
      ],
      [
       86.88739971645163,
       20.773277000222034
      ],
      [
       86.8872073648352,
       20.773547950260653
      ],
      [
       86.8870152813152,
       20.77345746527195
      ],
      [
       86.88691907150968,
       20.77363811944944
      ],
      [
       86.88672698804933,
       20.77354763413955
      ],
      [
       86.8863425514352,
       20.773728097671277
      ],
      [
       86.88615019736433,
       20.77399904650047
      ]
     ],
     [
      [
       86.89441276649174,
       20.77391396574609
      ],
      [
       86.89470093070526,
       20.774004501405866
      ],
      [
       86.89470099333127,
       20.773914142685975
      ],
      [
       86.89441276649174,
       20.77391396574609
      ]
     ],
     [
      [
       86.89220315571195,
       20.773731875710766
      ],
      [
       86.89277960866167,
       20.773732236519574
      ],
      [
       86.89268366081872,
       20.773551459084526
      ],
      [
       86.89297188695431,
       20.773551638922964
      ],
      [
       86.89297201425966,
       20.773370921482876
      ],
      [
       86.89220366858741,
       20.77300900596101
      ],
      [
       86.89143506833052,
       20.77300852189155
      ],
      [
       86.89133886405467,
       20.773189178579024
      ],
      [
       86.89105063862225,
       20.77318899600336
      ],
      [
       86.89105050903275,
       20.773369713435805
      ],
      [
       86.89220328393287,
       20.773551158279023
      ],
      [
       86.89220315571195,
       20.773731875710766
      ]
     ]
    ]
   },
   "properties": {
    "id": "P05",
    "area_ha": 769.1199999994456,
    "quality": 0.9906097608082739,
    "confidence": 0.9906097608082739,
    "habitat_class": "mangrove",
    "name": null,
    "protected": false,
    "perimeter_km": 33.1130818945832,
    "bbox": [
     20.772017718625992,
     86.86644619830041,
     20.78710205981325,
     86.9507128590984
    ],
    "extra": {
     "pixel_count": 76912,
     "label_value": 21,
     "centroid_pixel": [
      1283.023910443104,
      676.9276445808197
     ]
    },
    "centroid_lat": 20.778940484475118,
    "centroid_lon": 86.90301062635218,
    "criticality_rank": 5,
    "criticality_score": 0.03836738993434135,
    "delta_connectivity": 0.00033982550858205167,
    "delta_pct": 3.836738993434135,
    "degree": 3,
    "is_cut_vertex": true,
    "component_count_after": 5,
    "rank_by_area": 5,
    "criticality_level": "medium"
   }
  },
  {
   "type": "Feature",
   "id": "P06",
   "geometry": {
    "type": "Polygon",
    "coordinates": [
     [
      [
       86.88689099688648,
       20.682104206744757
      ],
      [
       86.88660301093897,
       20.682013657840685
      ],
      [
       86.88621934447457,
       20.681471246796413
      ],
      [
       86.88631569818156,
       20.68101951180655
      ],
      [
       86.88660395053189,
       20.68074862250537
      ],
      [
       86.88679591720489,
       20.68083910838632
      ],
      [
       86.88679605120012,
       20.680658389038246
      ],
      [
       86.88650813519966,
       20.6804774802978
      ],
      [
       86.88650833669907,
       20.68020640126562
      ],
      [
       86.88631630371232,
       20.68020627474099
      ],
      [
       86.88622042189155,
       20.68002549204074
      ],
      [
       86.88602838913427,
       20.680025365196457
      ],
      [
       86.88574013714006,
       20.68029625355958
      ],
      [
       86.88516410582224,
       20.680205511101192
      ],
      [
       86.88506829338696,
       20.679934368089878
      ],
      [
       86.88420462623243,
       20.679301272089837
      ],
      [
       86.88410922754647,
       20.67848797040947
      ],
      [
       86.88382159382626,
       20.67794561840246
      ],
      [
       86.88401389848669,
       20.67758430890661
      ],
      [
       86.88478215354608,
       20.677404104514505
      ],
      [
       86.88555020364122,
       20.677494975803707
      ],
      [
       86.88555006819395,
       20.677675695210187
      ],
      [
       86.88574209799303,
       20.677675822573466
      ],
      [
       86.88602994037298,
       20.677947092324526
      ],
      [
       86.88622210517059,
       20.67776649974989
      ],
      [
       86.8862223071489,
       20.677495420635235
      ],
      [
       86.88747063259758,
       20.677315520377764
      ],
      [
       86.88766292784423,
       20.67695420674156
      ],
      [
       86.8880469856574,
       20.676954456539473
      ],
      [
       86.8882388161735,
       20.677225660268153
      ],
      [
       86.88843091144211,
       20.677135424917736
      ],
      [
       86.88843104347625,
       20.676954705481926
      ],
      [
       86.88823901456611,
       20.676954581117638
      ],
      [
       86.88804758183863,
       20.67614121904214
      ],
      [
       86.88823967585172,
       20.676050983887706
      ],
      [
       86.88833602008397,
       20.67559924744169
      ],
      [
       86.8885279153806,
       20.675780091154977
      ],
      [
       86.88891197025238,
       20.67578033901275
      ],
      [
       86.88891216743498,
       20.675509259810593
      ],
      [
       86.88843216570915,
       20.675418590124675
      ],
      [
       86.88824053547,
       20.67487630734731
      ],
      [
       86.88843269378334,
       20.67469571221486
      ],
      [
       86.88872073289055,
       20.674695898338147
      ],
      [
       86.88862498342863,
       20.674334397370522
      ],
      [
       86.88881707482578,
       20.674244161542024
      ],
      [
       86.88881720638281,
       20.674063442043277
      ],
      [
       86.88920132249237,
       20.673973329485165
      ],
      [
       86.88958563412034,
       20.673612136800497
      ],
      [
       86.88948981789753,
       20.67334099602194
      ],
      [
       86.8897779848742,
       20.67316046084433
      ],
      [
       86.88977818049256,
       20.672889381551926
      ],
      [
       86.8901622281117,
       20.67288962659228
      ],
      [
       86.89006647634439,
       20.672528126339078
      ],
      [
       86.88987445298922,
       20.672528003821235
      ],
      [
       86.88987458328332,
       20.672347284280086
      ],
      [
       86.89016281290318,
       20.672076388653466
      ],
      [
       86.89016307280146,
       20.67171494954495
      ],
      [
       86.88977909333663,
       20.671624344741435
      ],
      [
       86.8895874629989,
       20.671082063222382
      ],
      [
       86.88939550689025,
       20.670991580395587
      ],
      [
       86.88939603028241,
       20.670268702091274
      ],
      [
       86.88882036332866,
       20.669726172937914
      ],
      [
       86.88882049485044,
       20.66954545334454
      ],
      [
       86.88843658763103,
       20.669364485759594
      ],
      [
       86.88805281375059,
       20.66900279772048
      ],
      [
       86.88795706937022,
       20.668641296167173
      ],
      [
       86.88757316545006,
       20.6684603266565
      ],
      [
       86.887381347047,
       20.668189121968016
      ],
      [
       86.88718932916348,
       20.66818899648542
      ],
      [
       86.88709352055265,
       20.667917854240265
      ],
      [
       86.88680556118861,
       20.667827305649034
      ],
      [
       86.88670982048521,
       20.66746580337119
      ],
      [
       86.88613397160478,
       20.667194344614597
      ],
      [
       86.88584614920083,
       20.666923074793104
      ],
      [
       86.88575041132559,
       20.666561571958088
      ],
      [
       86.88498282415665,
       20.66592854277952
      ],
      [
       86.8849829601908,
       20.66574782313066
      ],
      [
       86.88459920356583,
       20.66538612733629
      ],
      [
       86.88459954477301,
       20.664934328184767
      ],
      [
       86.88431193457016,
       20.664391976256805
      ],
      [
       86.88402418924693,
       20.664030343507413
      ],
      [
       86.8838321766122,
       20.664030214312184
      ],
      [
       86.88373644528357,
       20.663668710269388
      ],
      [
       86.88306481752119,
       20.663126096974715
      ],
      [
       86.88239291638266,
       20.66294492044714
      ],
      [
       86.881913237341,
       20.662492793299595
      ],
      [
       86.88152928601276,
       20.662402170166093
      ],
      [
       86.88104968156246,
       20.66185968075665
      ],
      [
       86.88095515462103,
       20.65996205741489
      ],
      [
       86.88066756664557,
       20.659419699206573
      ],
      [
       86.88047563048504,
       20.659329206426047
      ],
      [
       86.880379980703,
       20.65887734049483
      ],
      [
       86.8797085992125,
       20.658063634331555
      ],
      [
       86.87970895474223,
       20.657611834876608
      ],
      [
       86.8801893202037,
       20.657160369351953
      ],
      [
       86.8801898867464,
       20.65643749012429
      ],
      [
       86.87971023457028,
       20.65598535664299
      ],
      [
       86.87980666206155,
       20.65544326405526
      ],
      [
       86.88009466479197,
       20.655443464409494
      ],
      [
       86.88019052407785,
       20.655624250920823
      ],
      [
       86.88057445759304,
       20.655714877017573
      ],
      [
       86.88057459876491,
       20.65553415718354
      ],
      [
       86.88076660070436,
       20.65553428995257
      ],
      [
       86.88076688258964,
       20.655172850270606
      ],
      [
       86.8805748811041,
       20.655172717504104
      ],
      [
       86.88057502227143,
       20.654991997658723
      ],
      [
       86.881343097444,
       20.654902167511313
      ],
      [
       86.88143923816314,
       20.654721513636346
      ],
      [
       86.88163123908808,
       20.654721645438407
      ],
      [
       86.8816315189172,
       20.654360205711075
      ],
      [
       86.88220752033934,
       20.654360599828063
      ],
      [
       86.88239875626478,
       20.655354690014455
      ],
      [
       86.8822067545395,
       20.655354559062488
      ],
      [
       86.88211061432277,
       20.65553521335428
      ],
      [
       86.88249461822721,
       20.655535475260713
      ],
      [
       86.88259082738462,
       20.655264460825883
      ],
      [
       86.88297503811177,
       20.6549936418703
      ],
      [
       86.88326228106527,
       20.655987796131896
      ],
      [
       86.88345414582197,
       20.656168645756615
      ],
      [
       86.88383815133598,
       20.65616890468093
      ],
      [
       86.88403049681797,
       20.655717234197933
      ],
      [
       86.88403090807317,
       20.655175074617084
      ],
      [
       86.88383890656226,
       20.655174945482145
      ],
      [
       86.88374318065098,
       20.654813441098785
      ],
      [
       86.88355124841965,
       20.654722951710188
      ],
      [
       86.88364738642247,
       20.654542296588193
      ],
      [
       86.88383938713758,
       20.65454242593244
      ],
      [
       86.88335959215895,
       20.654271022354717
      ],
      [
       86.88355173017356,
       20.654090432133856
      ],
      [
       86.88383966174395,
       20.654180986168946
      ],
      [
       86.88383945578973,
       20.654452065992988
      ],
      [
       86.88412704579783,
       20.654994419235987
      ],
      [
       86.88431897871332,
       20.65508490798458
      ],
      [
       86.88489505095129,
       20.654994933207398
      ],
      [
       86.88508718807572,
       20.654814341287835
      ],
      [
       86.88623912726149,
       20.654905464490668
      ],
      [
       86.88643126269321,
       20.6547248710648
      ],
      [
       86.88652712904508,
       20.654905654104855
      ],
      [
       86.88691113142823,
       20.65490590617611
      ],
      [
       86.88719926655457,
       20.65472537477528
      ],
      [
       86.88758326849384,
       20.654725625348817
      ],
      [
       86.88758313561254,
       20.65490634524474
      ],
      [
       86.8878710711402,
       20.654996892563368
      ],
      [
       86.88787034213604,
       20.65599085192271
      ],
      [
       86.88825421516582,
       20.656171820891146
      ],
      [
       86.88921422914211,
       20.65617243989561
      ],
      [
       86.88911803112697,
       20.65644345804677
      ],
      [
       86.88931003426622,
       20.656443581315337
      ],
      [
       86.88978965126235,
       20.656986048161414
      ],
      [
       86.88998106979811,
       20.65779941004115
      ],
      [
       86.89046108192052,
       20.65779971543043
      ],
      [
       86.89065321604417,
       20.657619117358053
      ],
      [
       86.89055747249917,
       20.657257616775833
      ],
      [
       86.89065373311935,
       20.65689623790342
      ],
      [
       86.89084573683722,
       20.6568963594658
      ],
      [
       86.89084560779749,
       20.65707707933629
      ],
      [
       86.89103754733681,
       20.657167560620596
      ],
      [
       86.89103741852198,
       20.657348280486566
      ],
      [
       86.89084541423527,
       20.657348159134933
      ],
      [
       86.8908450916247,
       20.657799958780426
      ],
      [
       86.89103716088817,
       20.657709720207162
      ],
      [
       86.8910369676592,
       20.657980799987673
      ],
      [
       86.8912291013344,
       20.65780020127582
      ],
      [
       86.89151710862032,
       20.657800382586526
      ],
      [
       86.89180479612753,
       20.658252363052767
      ],
      [
       86.89180460425432,
       20.658523442823167
      ],
      [
       86.89199654617846,
       20.658613923036167
      ],
      [
       86.89199635464165,
       20.65888500279694
      ],
      [
       86.89170834530758,
       20.658884822277102
      ],
      [
       86.89161247034248,
       20.65870404215972
      ],
      [
       86.89113239100544,
       20.658794099878477
      ],
      [
       86.89084418826901,
       20.65906499766202
      ],
      [
       86.89084399468396,
       20.659336077398248
      ],
      [
       86.89093986913072,
       20.65951685792713
      ],
      [
       86.89141995085065,
       20.6594268007622
      ],
      [
       86.89141975828304,
       20.659697880492267
      ],
      [
       86.89122775104254,
       20.65969775955296
      ],
      [
       86.89122762243538,
       20.659878479367123
      ],
      [
       86.89084347844194,
       20.66005895665323
      ],
      [
       86.8905552080965,
       20.66042021380045
      ],
      [
       86.89036332958707,
       20.660239372097355
      ],
      [
       86.89017132167315,
       20.66023924997935
      ],
      [
       86.89007518774325,
       20.66041990863608
      ],
      [
       86.8895952326694,
       20.66032924224021
      ],
      [
       86.88949909800306,
       20.66050990057073
      ],
      [
       86.889691041038,
       20.660600383332767
      ],
      [
       86.8896909106077,
       20.66078110311873
      ],
      [
       86.88988291919922,
       20.66078122577443
      ],
      [
       86.88997905358528,
       20.66060056723444
      ],
      [
       86.89017093208913,
       20.660781409357334
      ],
      [
       86.89036294068414,
       20.66078153147883
      ],
      [
       86.89036307031985,
       20.660600811688784
      ],
      [
       86.89084309124588,
       20.66060111605475
      ],
      [
       86.89113091071378,
       20.660872377723873
      ],
      [
       86.89161093250502,
       20.66087267995733
      ],
      [
       86.89170712893454,
       20.660601660547986
      ],
      [
       86.89228315407577,
       20.660602021139546
      ],
      [
       86.89257123016291,
       20.66051184081109
      ],
      [
       86.8925713571857,
       20.66033112100215
      ],
      [
       86.89295524670763,
       20.660512079494865
      ],
      [
       86.89372334264382,
       20.66042219439084
      ],
      [
       86.89439493419242,
       20.661055126382937
      ],
      [
       86.8942022997226,
       20.66195860772641
      ],
      [
       86.89439443469882,
       20.6617780055784
      ],
      [
       86.8946823249738,
       20.661958901429223
      ],
      [
       86.89497046432413,
       20.66177835721706
      ],
      [
       86.89477882770765,
       20.661236080820235
      ],
      [
       86.89497089899827,
       20.661145837912617
      ],
      [
       86.89516334194458,
       20.660513435339524
      ],
      [
       86.89573930517918,
       20.660604144302873
      ],
      [
       86.89583506305074,
       20.660965641932243
      ],
      [
       86.89612289210274,
       20.661236895303674
      ],
      [
       86.89631490130733,
       20.661237010803696
      ],
      [
       86.89641102839762,
       20.661056348657382
      ],
      [
       86.8968910508489,
       20.661056636202684
      ],
      [
       86.89698717714519,
       20.660875973728228
      ],
      [
       86.89746732027487,
       20.660695539838372
      ],
      [
       86.89727597976794,
       20.659701466498444
      ],
      [
       86.89689214806913,
       20.659430157662126
      ],
      [
       86.89698833422823,
       20.659159135218633
      ],
      [
       86.89718028004526,
       20.659249609675108
      ],
      [
       86.89708470255755,
       20.65861703290636
      ],
      [
       86.8967006907228,
       20.658616803433855
      ],
      [
       86.89670056859354,
       20.65879752330276
      ],
      [
       86.89650856245113,
       20.65879740824492
      ],
      [
       86.89631667889329,
       20.658616573106713
      ],
      [
       86.89622098267287,
       20.65816471570944
      ],
      [
       86.89602897732824,
       20.658164600121303
      ],
      [
       86.89612479578945,
       20.65843573775325
      ],
      [
       86.89593279010498,
       20.658435622056633
      ],
      [
       86.8959331592049,
       20.65789346242908
      ],
      [
       86.89574115420275,
       20.65789334652211
      ],
      [
       86.8956450283297,
       20.658074008366484
      ],
      [
       86.89526114170317,
       20.657893055819958
      ],
      [
       86.89535726791406,
       20.65771239418711
      ],
      [
       86.89612534841339,
       20.65762249829419
      ],
      [
       86.896317659512,
       20.657170814036878
      ],
      [
       86.89622184149027,
       20.656899676474225
      ],
      [
       86.89602977627912,
       20.656989920844758
      ],
      [
       86.8958379571171,
       20.65671872519605
      ],
      [
       86.89583881903836,
       20.65545368576443
      ],
      [
       86.89507093533129,
       20.65527250055769
      ],
      [
       86.8949751827699,
       20.654911002289033
      ],
      [
       86.89593537355489,
       20.654640503948794
      ],
      [
       86.89593549656179,
       20.654459783997286
      ],
      [
       86.89622355893158,
       20.654369597447747
      ],
      [
       86.89603161979926,
       20.654279121904338
      ],
      [
       86.89612774280879,
       20.654098459753097
      ],
      [
       86.89574380395094,
       20.654007868218745
      ],
      [
       86.89564792723294,
       20.65382709023395
      ],
      [
       86.89535992739332,
       20.65382691585005
      ],
      [
       86.89516805141061,
       20.65364607936301
      ],
      [
       86.89487998979196,
       20.653736264161438
      ],
      [
       86.89497617588175,
       20.653465242660815
      ],
      [
       86.89574417363464,
       20.653465708316485
      ],
      [
       86.89603241856582,
       20.653104442099192
      ],
      [
       86.8963204170508,
       20.653104615355055
      ],
      [
       86.89651253835731,
       20.652924010605016
      ],
      [
       86.8967044760795,
       20.65301448562173
      ],
      [
       86.89689677960881,
       20.652562800446216
      ],
      [
       86.89737683604326,
       20.652472726526696
      ],
      [
       86.89756895531008,
       20.652292120578817
      ],
      [
       86.89804889001259,
       20.65238276479236
      ],
      [
       86.89862524374018,
       20.651840944028788
      ],
      [
       86.89920129556498,
       20.651750921372855
      ],
      [
       86.90006575588748,
       20.651028543639306
      ],
      [
       86.90006587398963,
       20.650847823588915
      ],
      [
       86.90064221479129,
       20.650305995940354
      ],
      [
       86.90102632276208,
       20.650125496485266
      ],
      [
       86.90102649820368,
       20.649854416371987
      ],
      [
       86.90131466554054,
       20.649583501145084
      ],
      [
       86.90160265744146,
       20.649583665559454
      ],
      [
       86.90189047543788,
       20.649854909622153
      ],
      [
       86.90198658873497,
       20.64967424407531
      ],
      [
       86.90237057817242,
       20.64967446169382
      ],
      [
       86.9028503927696,
       20.649945812649445
      ],
      [
       86.90429046888248,
       20.64976589702213
      ],
      [
       86.90429029922743,
       20.65003697716456
      ],
      [
       86.90467412062472,
       20.650308269798632
      ],
      [
       86.9052501072164,
       20.650308586947123
      ],
      [
       86.90544199100404,
       20.65048941232675
      ],
      [
       86.90601797829082,
       20.650489726915428
      ],
      [
       86.90601808935547,
       20.65030900682183
      ],
      [
       86.90649802295351,
       20.6503996275568
      ],
      [
       86.90659413116384,
       20.650218959435698
      ],
      [
       86.90640219104186,
       20.650128495378407
      ],
      [
       86.90640235695417,
       20.64985741522226
      ],
      [
       86.90697839683962,
       20.649767366541592
      ],
      [
       86.90707428445776,
       20.649948138360667
      ],
      [
       86.90736227709394,
       20.649948293167835
      ],
      [
       86.90717061109866,
       20.649406029672445
      ],
      [
       86.90803502064897,
       20.648683611629426
      ],
      [
       86.91043515125283,
       20.648323433263478
      ],
      [
       86.91072329909436,
       20.648052502206244
      ],
      [
       86.91072351007423,
       20.64769106186556
      ],
      [
       86.91129995853281,
       20.64687811795637
      ],
      [
       86.91110849241085,
       20.645974418186654
      ],
      [
       86.91158851995083,
       20.64588430456029
      ],
      [
       86.91168441061338,
       20.646065073910908
      ],
      [
       86.91197239597459,
       20.646065220999667
      ],
      [
       86.91197260398073,
       20.64570378056359
      ],
      [
       86.91178066630756,
       20.64561332244876
      ],
      [
       86.91197296798072,
       20.645071259764077
      ],
      [
       86.912740923966,
       20.645071649631607
      ],
      [
       86.91350908433374,
       20.64471059559053
      ],
      [
       86.91379701623826,
       20.64480109975156
      ],
      [
       86.9139891065174,
       20.644620475256716
      ],
      [
       86.91398936054824,
       20.64416867460943
      ],
      [
       86.91427764616422,
       20.643626657028477
      ],
      [
       86.91475766449977,
       20.643536534532853
      ],
      [
       86.91523783247222,
       20.643175330268498
      ],
      [
       86.9156218057368,
       20.64317551835117
      ],
      [
       86.91562170605907,
       20.643356238641385
      ],
      [
       86.91619741914637,
       20.643808319882595
      ],
      [
       86.91773341580873,
       20.643628338284287
      ],
      [
       86.91936530714811,
       20.643629108166095
      ],
      [
       86.91965324052178,
       20.643719602576418
      ],
      [
       86.9198449437812,
       20.64426185269969
      ],
      [
       86.92013297298472,
       20.64417162601844
      ],
      [
       86.92013287863115,
       20.64435234630832
      ],
      [
       86.92051680794695,
       20.6444428836585
      ],
      [
       86.9207088898686,
       20.644262251651053
      ],
      [
       86.92118885992598,
       20.644262471422582
      ],
      [
       86.92195699642652,
       20.643901379678308
      ],
      [
       86.92186109494914,
       20.643720615951707
      ],
      [
       86.92166910760238,
       20.643720528952954
      ],
      [
       86.92186127956576,
       20.643359175326626
      ],
      [
       86.92224525335507,
       20.643359348680345
      ],
      [
       86.92291738961372,
       20.64299820934526
      ],
      [
       86.92320536928304,
       20.64299833767687
      ],
      [
       86.92368520017615,
       20.643269630988705
      ],
      [
       86.9236850649467,
       20.64354071147343
      ],
      [
       86.92339708425314,
       20.643540583938744
      ],
      [
       86.92330095477705,
       20.643811621794228
      ],
      [
       86.92339672226976,
       20.64426346518491
      ],
      [
       86.92358871030578,
       20.64426355026465
      ],
      [
       86.92368479448123,
       20.644082872417382
      ],
      [
       86.92435684118506,
       20.643902447825052
      ],
      [
       86.9243569752267,
       20.643631367347435
      ],
      [
       86.9247409497217,
       20.64363153515283
      ],
      [
       86.92454900704038,
       20.643541091195377
      ],
      [
       86.92474108308078,
       20.643360454664315
      ],
      [
       86.92464531217064,
       20.64290861196151
      ],
      [
       86.92512567603812,
       20.642095579209972
      ],
      [
       86.92598969742362,
       20.641915231336167
      ],
      [
       86.9260858645924,
       20.641553831720366
      ],
      [
       86.92656582621284,
       20.641554036517647
      ],
      [
       86.92752544983901,
       20.642186963408374
      ],
      [
       86.9284853770889,
       20.64218736367703
      ],
      [
       86.92867727829108,
       20.64236816345746
      ],
      [
       86.92963720670207,
       20.64236855732559
      ],
      [
       86.9299251024524,
       20.642549394813532
      ],
      [
       86.93078903906789,
       20.6425497432941
      ],
      [
       86.93117292959862,
       20.642730617155948
      ],
      [
       86.93222837305112,
       20.643815357021463
      ],
      [
       86.93261230826961,
       20.643905867496482
      ],
      [
       86.93270822258641,
       20.644086625284984
      ],
      [
       86.93299620436683,
       20.64408673729138
      ],
      [
       86.93347601682468,
       20.64444836358884
      ],
      [
       86.93357189326237,
       20.644719481057706
      ],
      [
       86.93395587056533,
       20.644719628376258
      ],
      [
       86.9345316044878,
       20.645262008750407
      ],
      [
       86.93472363238364,
       20.645171721286736
      ],
      [
       86.93472336245829,
       20.64580424241664
      ],
      [
       86.93558708923092,
       20.646346727877265
      ],
      [
       86.9356828946007,
       20.646798564428092
      ],
      [
       86.93635490164436,
       20.646708453331392
      ],
      [
       86.93673865972207,
       20.647250755369484
      ],
      [
       86.93673839810033,
       20.647883276372255
      ],
      [
       86.9369303162106,
       20.648064066905842
      ],
      [
       86.93760221750009,
       20.64824503139597
      ],
      [
       86.93741003951169,
       20.648696762561954
      ],
      [
       86.93683405854257,
       20.648696552749133
      ],
      [
       86.93654614304127,
       20.6485157268579
      ],
      [
       86.9362581152412,
       20.648605980883296
      ],
      [
       86.93568236262759,
       20.648063606427442
      ],
      [
       86.93462640193039,
       20.648063209744983
      ],
      [
       86.93462647917674,
       20.647882489474487
      ],
      [
       86.93424257162782,
       20.647701623353246
      ],
      [
       86.93414673105255,
       20.64734014620163
      ],
      [
       86.93376266890502,
       20.64752071956848
      ],
      [
       86.93366655525263,
       20.64779176311714
      ],
      [
       86.93299454189524,
       20.647881863719963
      ],
      [
       86.93280258897833,
       20.647791428954136
      ],
      [
       86.9327067517532,
       20.64742995101593
      ],
      [
       86.93232284762186,
       20.647249080625084
      ],
      [
       86.93184278753978,
       20.64742961205475
      ],
      [
       86.93165083587466,
       20.647339176006923
      ],
      [
       86.93174654957326,
       20.647971734922116
      ],
      [
       86.93155459728604,
       20.6478812987712
      ],
      [
       86.93155439509411,
       20.648333099411985
      ],
      [
       86.93117032740686,
       20.648513666974953
      ],
      [
       86.93078650417202,
       20.648152072936693
      ],
      [
       86.93021056656399,
       20.64806148090254
      ],
      [
       86.93001886314701,
       20.64742888226995
      ],
      [
       86.92982691256779,
       20.647338444197022
      ],
      [
       86.9299229913302,
       20.647157762925747
      ],
      [
       86.92973104114775,
       20.647067324744523
      ],
      [
       86.92973116568699,
       20.64679624433366
      ],
      [
       86.92934730842285,
       20.646525007186604
      ],
      [
       86.92925152194844,
       20.646073167158054
      ],
      [
       86.92905953161662,
       20.64607308836903
      ],
      [
       86.92867571949296,
       20.645711489567397
      ],
      [
       86.92819570238855,
       20.645801650743117
      ],
      [
       86.92819561755283,
       20.64598237103274
      ],
      [
       86.92761964691532,
       20.64598213050319
      ],
      [
       86.92742769957628,
       20.64589168975682
      ],
      [
       86.92742778531888,
       20.645710969468375
      ],
      [
       86.9265639176758,
       20.64552988382655
      ],
      [
       86.9265638309134,
       20.645710604115305
      ],
      [
       86.9257958714577,
       20.64571027572725
      ],
      [
       86.92569978874272,
       20.64589095471998
      ],
      [
       86.92521972517255,
       20.64607146774945
      ],
      [
       86.92435581346076,
       20.645980731204194
      ],
      [
       86.92406769359835,
       20.64625168517615
      ],
      [
       86.92368375761629,
       20.646161155720623
      ],
      [
       86.92368366744807,
       20.64634187598424
      ],
      [
       86.92301165471342,
       20.646431937740953
      ],
      [
       86.92262749036882,
       20.64679320657047
      ],
      [
       86.92214755834667,
       20.64670263064992
      ],
      [
       86.92205170094823,
       20.646431506955473
      ],
      [
       86.92195561336182,
       20.64661218383391
      ],
      [
       86.92214742036748,
       20.646973711017097
      ],
      [
       86.92176352994632,
       20.646792817174617
      ],
      [
       86.92176339128585,
       20.647063897536476
      ],
      [
       86.921379083064,
       20.647696243886667
      ],
      [
       86.92089914896208,
       20.647605664498
      ],
      [
       86.92070725043472,
       20.647424856189367
      ],
      [
       86.92003508950002,
       20.647785986654814
      ],
      [
       86.91965124702874,
       20.647514728023904
      ],
      [
       86.91926726283256,
       20.64751454886671
      ],
      [
       86.91840267169658,
       20.648688823952003
      ],
      [
       86.9177308400385,
       20.648417424704654
      ],
      [
       86.91705866774846,
       20.648778543500626
      ],
      [
       86.91686652672107,
       20.649049531406657
      ],
      [
       86.91629064360592,
       20.64886853286495
      ],
      [
       86.91609879853846,
       20.648597359382467
      ],
      [
       86.91571481165856,
       20.648597172313742
      ],
      [
       86.91542657165765,
       20.64904883188429
      ],
      [
       86.91475464301496,
       20.648958141246563
      ],
      [
       86.91475469338101,
       20.648867781162547
      ],
      [
       86.91456269960774,
       20.64886768623877
      ],
      [
       86.91456275008696,
       20.648777326154274
      ],
      [
       86.91437075642821,
       20.648777231017394
      ],
      [
       86.9143708070206,
       20.648686870932387
      ],
      [
       86.91417881347637,
       20.648686775582423
      ],
      [
       86.91379441892201,
       20.649409464884393
      ],
      [
       86.91341037886443,
       20.64949963275743
      ],
      [
       86.91312259235129,
       20.649138047741044
      ],
      [
       86.913026595299,
       20.649137999397567
      ],
      [
       86.9130265439112,
       20.64922835947464
      ],
      [
       86.91273855258585,
       20.649228214123177
      ],
      [
       86.9127385010276,
       20.649318574198603
      ],
      [
       86.91245050953458,
       20.649318428365948
      ],
      [
       86.91187416206715,
       20.649950655746025
      ],
      [
       86.91168221913323,
       20.649860197547117
      ],
      [
       86.91168211476472,
       20.650040917678677
      ],
      [
       86.91149011953435,
       20.650040819331988
      ],
      [
       86.91139401720962,
       20.65022149020493
      ],
      [
       86.91120202175405,
       20.650221391536956
      ],
      [
       86.91120223162663,
       20.64985995128231
      ],
      [
       86.91091429176367,
       20.649769442817423
      ],
      [
       86.91081797815053,
       20.650311553620657
      ],
      [
       86.9098577340146,
       20.65076285521496
      ],
      [
       86.9091857475745,
       20.650762502952766
      ],
      [
       86.90908985694888,
       20.650581732312418
      ],
      [
       86.9088978610532,
       20.65058163107972
      ],
      [
       86.90889813020566,
       20.650129830806563
      ],
      [
       86.9088020247683,
       20.65031050022295
      ],
      [
       86.90851408549543,
       20.650219987760853
      ],
      [
       86.90851397738095,
       20.650400707869125
      ],
      [
       86.90841808777607,
       20.65021993685181
      ],
      [
       86.90813004033576,
       20.650310143857986
      ],
      [
       86.90813014890344,
       20.650129423749767
      ],
      [
       86.90784215591992,
       20.65012927022251
      ],
      [
       86.9078420470119,
       20.650309990329266
      ],
      [
       86.90822598388343,
       20.650400554980376
      ],
      [
       86.90841776308882,
       20.650762097163824
      ],
      [
       86.9088017014407,
       20.6508526605351
      ],
      [
       86.9088015936625,
       20.651033380631596
      ],
      [
       86.90928142400197,
       20.651304713727146
      ],
      [
       86.90947272537214,
       20.652479495056582
      ],
      [
       86.9104323462778,
       20.65311251616147
      ],
      [
       86.91081576467387,
       20.65410667530181
      ],
      [
       86.9110077650059,
       20.654106774417222
      ],
      [
       86.9113915562017,
       20.654468412085997
      ],
      [
       86.9113914514642,
       20.65464913211971
      ],
      [
       86.91158345248044,
       20.654649230597112
      ],
      [
       86.91167929639126,
       20.654920359801295
      ],
      [
       86.91206314318971,
       20.655191635944316
      ],
      [
       86.91225478186347,
       20.655824253740086
      ],
      [
       86.91244678435997,
       20.655824351262243
      ],
      [
       86.91254252714621,
       20.656276199963504
      ],
      [
       86.91292637887867,
       20.65654747416154
      ],
      [
       86.91311802280536,
       20.657180090918214
      ],
      [
       86.91350187782737,
       20.65745136381941
      ],
      [
       86.91369352525643,
       20.65808397988319
      ],
      [
       86.9138854796941,
       20.658174435800092
      ],
      [
       86.91436493649294,
       20.65916863448582
      ],
      [
       86.9147487483207,
       20.659530264549396
      ],
      [
       86.91503635723815,
       20.66025328637296
      ],
      [
       86.9153242692298,
       20.66043414789421
      ],
      [
       86.91532411904865,
       20.660705227784376
      ],
      [
       86.91570788716355,
       20.661157215629803
      ],
      [
       86.91599525531795,
       20.662332035488973
      ],
      [
       86.91637898004711,
       20.662874381719472
      ],
      [
       86.91647449185997,
       20.663778027600177
      ],
      [
       86.91685807441428,
       20.664591452470958
      ],
      [
       86.91685773025985,
       20.665223971921783
      ],
      [
       86.91656970876976,
       20.665223832859777
      ],
      [
       86.91637789224109,
       20.664862300208505
      ],
      [
       86.91580180084439,
       20.664952379925005
      ],
      [
       86.91560998647411,
       20.66459084641591
      ],
      [
       86.91532201625883,
       20.66450034535291
      ],
      [
       86.91532211640241,
       20.664319625506533
      ],
      [
       86.91513015340433,
       20.66422917122241
      ],
      [
       86.91513030395751,
       20.663958091444247
      ],
      [
       86.91474653055496,
       20.663506102442085
      ],
      [
       86.91474708504548,
       20.662512143140578
      ],
      [
       86.91455557932552,
       20.661608448688693
      ],
      [
       86.91417166126975,
       20.661427538170983
      ],
      [
       86.91417176275732,
       20.661246818265706
      ],
      [
       86.91397980429771,
       20.66115636268528
      ],
      [
       86.91398000772257,
       20.66079492286142
      ],
      [
       86.91330854087613,
       20.6598006269167
      ],
      [
       86.91311694427968,
       20.659077650575774
      ],
      [
       86.91263718603797,
       20.658625608322634
      ],
      [
       86.91244549055992,
       20.658083351121462
      ],
      [
       86.91158188468746,
       20.65736003066307
      ],
      [
       86.91158198921484,
       20.657179310685148
      ],
      [
       86.91081439417641,
       20.6564560355067
      ],
      [
       86.91071860362077,
       20.65609454587377
      ],
      [
       86.91043070526224,
       20.655913676625552
      ],
      [
       86.91014307313273,
       20.655281006876443
      ],
      [
       86.90985517698711,
       20.655100136659154
      ],
      [
       86.90985539009789,
       20.654738696622008
      ],
      [
       86.90956754875975,
       20.65446746590564
      ],
      [
       86.9094718158834,
       20.654015615495535
      ],
      [
       86.90889613830649,
       20.653473152268212
      ],
      [
       86.9088003541302,
       20.653111661469392
      ],
      [
       86.90851235552455,
       20.653111509039388
      ],
      [
       86.90841646423526,
       20.65293073807153
      ],
      [
       86.90793657594526,
       20.652749762636557
      ],
      [
       86.90736058011387,
       20.652749454418238
      ],
      [
       86.90707236253563,
       20.653110739680407
      ],
      [
       86.90630447704348,
       20.652929604402587
      ],
      [
       86.90534448291274,
       20.652929080554664
      ],
      [
       86.90505597969519,
       20.65374216248113
      ],
      [
       86.90467186733662,
       20.653922670811635
      ],
      [
       86.90467164198121,
       20.654284110829735
      ],
      [
       86.9047675296758,
       20.654464883836287
      ],
      [
       86.9049595304249,
       20.654464989682428
      ],
      [
       86.90515085847703,
       20.6555494152709
      ],
      [
       86.90534274869668,
       20.65573024067627
      ],
      [
       86.90524652350864,
       20.656091627938494
      ],
      [
       86.90543852630339,
       20.656091733259633
      ],
      [
       86.90563069643223,
       20.65582075840418
      ],
      [
       86.90591864451062,
       20.655911275651974
      ],
      [
       86.90601447914358,
       20.656182407928014
      ],
      [
       86.9058224205667,
       20.656272663232595
      ],
      [
       86.90591819964303,
       20.656634155532725
      ],
      [
       86.90553419268689,
       20.656633945738985
      ],
      [
       86.90543841451967,
       20.65627245322921
      ],
      [
       86.90524641149793,
       20.656272347907066
      ],
      [
       86.90524613146592,
       20.65672414781196
      ],
      [
       86.90505412787796,
       20.656724042273673
      ],
      [
       86.90505401563608,
       20.656904762228
      ],
      [
       86.90553396933801,
       20.656995385652664
      ],
      [
       86.90562974817689,
       20.65735687808177
      ],
      [
       86.90601375695009,
       20.657357087669862
      ],
      [
       86.9063018743026,
       20.657176524348728
      ],
      [
       86.90620542868238,
       20.657899351973366
      ],
      [
       86.90658954925723,
       20.65771884034402
      ],
      [
       86.90687750148068,
       20.657809355987798
      ],
      [
       86.90678111327377,
       20.658441823925955
      ],
      [
       86.90658899708255,
       20.65862244001376
      ],
      [
       86.9063009881134,
       20.65862228385381
      ],
      [
       86.90630132044326,
       20.658080124067773
      ],
      [
       86.90582136287415,
       20.657989502773937
      ],
      [
       86.90601320138236,
       20.65826068736253
      ],
      [
       86.90610876012225,
       20.658983619316547
      ],
      [
       86.90649277298736,
       20.658983827854286
      ],
      [
       86.906492662433,
       20.65916454776883
      ],
      [
       86.90668466909433,
       20.659164651718193
      ],
      [
       86.90678050710247,
       20.659435783479687
      ],
      [
       86.9065885001,
       20.659435679635678
      ],
      [
       86.90658855532148,
       20.659345319681464
      ],
      [
       86.90649255187745,
       20.65934526767958
      ],
      [
       86.90658816876497,
       20.659977839341057
      ],
      [
       86.90620426430175,
       20.659796911110043
      ],
      [
       86.90581997100914,
       20.66024850165033
      ],
      [
       86.90581969261375,
       20.660700301354677
      ],
      [
       86.90562762823457,
       20.660790556372852
      ],
      [
       86.90572335389585,
       20.661242408534218
      ],
      [
       86.90553089780488,
       20.661965182931397
      ],
      [
       86.9053387756955,
       20.662145797530624
      ],
      [
       86.90553073024066,
       20.66223626270068
      ],
      [
       86.9054344454201,
       20.662688009698492
      ],
      [
       86.9057224063002,
       20.66277852725142
      ],
      [
       86.90572257352925,
       20.662507447497664
      ],
      [
       86.90639450084191,
       20.662688533281727
      ],
      [
       86.90668268299947,
       20.662417609550822
      ],
      [
       86.90668279334814,
       20.662236889703387
      ],
      [
       86.9069708641353,
       20.66214668532612
      ],
      [
       86.90706719901513,
       20.661604577491957
      ],
      [
       86.90735526838472,
       20.661514372460815
      ],
      [
       86.90773917852671,
       20.661695298116328
      ],
      [
       86.90783491099099,
       20.66214714908476
      ],
      [
       86.90802692140659,
       20.66214725155456
      ],
      [
       86.90802719329825,
       20.661695451897508
      ],
      [
       86.9083149912408,
       20.66205704492832
      ],
      [
       86.90860295266037,
       20.662147557681752
      ],
      [
       86.90850683925962,
       20.66232822665275
      ],
      [
       86.90821882329169,
       20.662328073667833
      ],
      [
       86.90812254635159,
       20.662779822191176
      ],
      [
       86.90908260242341,
       20.662780330817377
      ],
      [
       86.90908249490947,
       20.662961050665665
      ],
      [
       86.90889042959479,
       20.663051309289116
      ],
      [
       86.90927445271049,
       20.663051511673952
      ],
      [
       86.90975432152972,
       20.663322843220413
      ],
      [
       86.9095620957272,
       20.6636841823426
      ],
      [
       86.90956177486763,
       20.66422634182658
      ],
      [
       86.90984963450124,
       20.66449757231407
      ],
      [
       86.90984920802809,
       20.66522045155612
      ],
      [
       86.90965714031731,
       20.66531071100073
      ],
      [
       86.90975282730808,
       20.665852920640337
      ],
      [
       86.909560812227,
       20.66585282007421
      ],
      [
       86.90946453698635,
       20.666304569168624
      ],
      [
       86.90975245371762,
       20.666485439879434
      ],
      [
       86.90965617863668,
       20.666937189048337
      ],
      [
       86.9099440967851,
       20.667118059431267
      ],
      [
       86.9099439902655,
       20.667298779193057
      ],
      [
       86.91032802406717,
       20.667298979271852
      ],
      [
       86.91042387358846,
       20.66757010879713
      ],
      [
       86.91061589083225,
       20.66757020841043
      ],
      [
       86.91051908837444,
       20.668925556702213
      ],
      [
       86.90936692110512,
       20.66901531499274
      ],
      [
       86.90917479461152,
       20.669195933700532
      ],
      [
       86.90888676569281,
       20.669195781782577
      ],
      [
       86.90888665791076,
       20.669376501495574
      ],
      [
       86.90821480680188,
       20.66901470572339
      ],
      [
       86.90802273335402,
       20.669104963286955
      ],
      [
       86.90783093225319,
       20.668743421349138
      ],
      [
       86.9072549310009,
       20.668652752691692
      ],
      [
       86.90706307731699,
       20.66838156975194
      ],
      [
       86.90677504995075,
       20.66838141431328
      ],
      [
       86.906679151217,
       20.668200642670943
      ],
      [
       86.90629511518829,
       20.668200434459408
      ],
      [
       86.90600742171084,
       20.66765811855964
      ],
      [
       86.9053356409931,
       20.66720595168624
      ],
      [
       86.90533580894746,
       20.666934872074535
      ],
      [
       86.9048560492453,
       20.666482808587702
      ],
      [
       86.90456802547685,
       20.666482649477416
      ],
      [
       86.90447190456638,
       20.666663316080776
      ],
      [
       86.90427994510361,
       20.666572849759653
      ],
      [
       86.90437623583276,
       20.666121103632346
      ],
      [
       86.90418427710685,
       20.666030637201974
      ],
      [
       86.9041838804609,
       20.66666315632772
      ],
      [
       86.9037037833424,
       20.666753248873913
      ],
      [
       86.90370361249413,
       20.66702432847839
      ],
      [
       86.9033195794554,
       20.667024113653333
      ],
      [
       86.90322345672831,
       20.6672047795425
      ],
      [
       86.90111127261208,
       20.667203581534125
      ],
      [
       86.90072700430743,
       20.66756480035526
      ],
      [
       86.90072682817022,
       20.667835879910083
      ],
      [
       86.90043880188654,
       20.667835713894522
      ],
      [
       86.90043868411946,
       20.668016433591433
      ],
      [
       86.90015059844356,
       20.668106626939558
      ],
      [
       86.90015036222296,
       20.668468066315068
      ],
      [
       86.89995834390902,
       20.668467955046466
      ],
      [
       86.89986221629961,
       20.66864861901249
      ],
      [
       86.89995792971578,
       20.669100473913463
      ],
      [
       86.90014994882472,
       20.669100585185777
      ],
      [
       86.90034179110022,
       20.669371775747717
      ],
      [
       86.90024554536342,
       20.66973315956797
      ],
      [
       86.90062852715236,
       20.671359858052643
      ],
      [
       86.90091661869353,
       20.671269663964036
      ],
      [
       86.90082072510889,
       20.67108888914496
      ],
      [
       86.90101280527594,
       20.670998639649433
      ],
      [
       86.90110910850599,
       20.67054689562746
      ],
      [
       86.90130118782115,
       20.67045664580163
      ],
      [
       86.90130142134369,
       20.670095206496747
      ],
      [
       86.90158910263133,
       20.67063753004533
      ],
      [
       86.90158828763954,
       20.671902567477662
      ],
      [
       86.90139614834055,
       20.67208317740951
      ],
      [
       86.90120418391874,
       20.671992707701996
      ],
      [
       86.90082002107722,
       20.672173206873552
      ],
      [
       86.90072318736672,
       20.673438188803416
      ],
      [
       86.90033907927841,
       20.67352832706707
      ],
      [
       86.90014723182156,
       20.673257136611376
      ],
      [
       86.89995508911467,
       20.673437744895416
      ],
      [
       86.89976324245461,
       20.673166554012948
      ],
      [
       86.89937913449353,
       20.673256690141702
      ],
      [
       86.89889925310536,
       20.672985329991445
      ],
      [
       86.89861115714803,
       20.673075520673784
      ],
      [
       86.89784324207376,
       20.672803987999842
      ],
      [
       86.89697913520664,
       20.67280347394657
      ],
      [
       86.8967872335792,
       20.672622639548315
      ],
      [
       86.89630711344883,
       20.672712711347625
      ],
      [
       86.89621122443359,
       20.672531934014618
      ],
      [
       86.89563515424169,
       20.672531586346075
      ],
      [
       86.89534730487851,
       20.672260332428355
      ],
      [
       86.89477111122677,
       20.67244070145045
      ],
      [
       86.89496282381509,
       20.672892617432026
      ],
      [
       86.8951548476608,
       20.672892734285938
      ],
      [
       86.89534662386018,
       20.673254290046746
      ],
      [
       86.89573067246704,
       20.6732545226899
      ],
      [
       86.895730364036,
       20.673706321575036
      ],
      [
       86.89544232672833,
       20.6737061471687
      ],
      [
       86.89553809195867,
       20.674067644446474
      ],
      [
       86.89582606831723,
       20.674158178466428
      ],
      [
       86.89582637647256,
       20.673706379603566
      ],
      [
       86.89621042622205,
       20.673706611183107
      ],
      [
       86.89621030341533,
       20.67388733073329
      ],
      [
       86.89669006057517,
       20.674339417873437
      ],
      [
       86.89640128654038,
       20.675423562236528
      ],
      [
       86.89582508216473,
       20.6756039346686
      ],
      [
       86.89572943869322,
       20.6750617180885
      ],
      [
       86.8953453855421,
       20.675061485423196
      ],
      [
       86.89534550937988,
       20.674880765902586
      ],
      [
       86.89505746986084,
       20.67488059084393
      ],
      [
       86.89515366912855,
       20.674609569963923
      ],
      [
       86.89496164312435,
       20.674609453099443
      ],
      [
       86.89496139454255,
       20.67497089214379
      ],
      [
       86.89457715450777,
       20.67524173703881
      ],
      [
       86.89457690500772,
       20.6756031760522
      ],
      [
       86.89428886413333,
       20.675602999703763
      ],
      [
       86.89419272530272,
       20.675783660312806
      ],
      [
       86.89419285050921,
       20.67560294081403
      ],
      [
       86.89380879601607,
       20.675602704720447
      ],
      [
       86.8936169576013,
       20.675331507102683
      ],
      [
       86.89371309682419,
       20.675150846806925
      ],
      [
       86.89390512350134,
       20.675150965064752
      ],
      [
       86.8936174611325,
       20.67460862906051
      ],
      [
       86.89323340914693,
       20.674608391696253
      ],
      [
       86.8930415729973,
       20.674337193417028
      ],
      [
       86.89208163631024,
       20.6740655159272
      ],
      [
       86.89140954776303,
       20.674065094002934
      ],
      [
       86.89131327790686,
       20.67442647253821
      ],
      [
       86.89073720066146,
       20.674426108476272
      ],
      [
       86.89035275994091,
       20.674968023189376
      ],
      [
       86.8907363602667,
       20.67560078517719
      ],
      [
       86.89044851388695,
       20.675329523191333
      ],
      [
       86.89016047356789,
       20.6753293399488
      ],
      [
       86.89006433003897,
       20.675509998240894
      ],
      [
       86.89025629221265,
       20.67560048030323
      ],
      [
       86.89016008363477,
       20.675871498378783
      ],
      [
       86.89035185168758,
       20.676233059534145
      ],
      [
       86.89083185713788,
       20.6763237238842
      ],
      [
       86.89083172794925,
       20.67650444334789
      ],
      [
       86.89063963488124,
       20.676594681389677
      ],
      [
       86.89063950546328,
       20.67677540084653
      ],
      [
       86.89054362064519,
       20.676594620465163
      ],
      [
       86.89035159217411,
       20.676594498455724
      ],
      [
       86.89015930373088,
       20.676955815136537
      ],
      [
       86.8897752458867,
       20.676955570043692
      ],
      [
       86.88977544154912,
       20.676684490870528
      ],
      [
       86.88958347830373,
       20.676594008279366
      ],
      [
       86.8895832169667,
       20.676955447176468
      ],
      [
       86.88987080418701,
       20.67758814943674
      ],
      [
       86.8894868101503,
       20.67749754397816
      ],
      [
       86.88948667936184,
       20.677678263409092
      ],
      [
       86.8891985690568,
       20.67776843825299
      ],
      [
       86.88958230224296,
       20.678220483197077
      ],
      [
       86.88977433275377,
       20.678220606072493
      ],
      [
       86.88977374570356,
       20.679033843421617
      ],
      [
       86.88967759936352,
       20.679214501407934
      ],
      [
       86.88948563300376,
       20.679124018720245
      ],
      [
       86.88948550220269,
       20.6793047381171
      ],
      [
       86.88919738882316,
       20.679394912928114
      ],
      [
       86.88919725767906,
       20.67957563231753
      ],
      [
       86.88910137283104,
       20.6793948511925
      ],
      [
       86.88890920936282,
       20.67957544694851
      ],
      [
       86.88862116104976,
       20.67957526109822
      ],
      [
       86.88881306165803,
       20.67975610443516
      ],
      [
       86.88871645271078,
       20.68056927965972
      ],
      [
       86.88785263401668,
       20.680116921265316
      ],
      [
       86.88785276675604,
       20.679936201895526
      ],
      [
       86.8875649173906,
       20.67966493521792
      ],
      [
       86.88737281842529,
       20.67975516956005
      ],
      [
       86.88756465123286,
       20.680026373961493
      ],
      [
       86.88737255181154,
       20.680116608297453
      ],
      [
       86.8873718185942,
       20.681110564747204
      ],
      [
       86.88717965092029,
       20.68129115852016
      ],
      [
       86.88727553466666,
       20.681471940669326
      ],
      [
       86.88698741590477,
       20.681562111739606
      ],
      [
       86.88717918350433,
       20.68192367618384
      ],
      [
       86.88689099688648,
       20.682104206744757
      ]
     ],
     [
      [
       86.88669936386263,
       20.68156192266108
      ],
      [
       86.88679531420863,
       20.68165234540577
      ],
      [
       86.88679538120965,
       20.681561985740732
      ],
      [
       86.88669936386263,
       20.68156192266108
      ]
     ],
     [
      [
       86.88718212125613,
       20.677947850098754
      ],
      [
       86.88737401811647,
       20.678128695054344
      ],
      [
       86.88737415140835,
       20.677947975645885
      ],
      [
       86.88718212125613,
       20.677947850098754
      ]
     ],
     [
      [
       86.88564601542595,
       20.67776611862069
      ],
      [
       86.88574196277156,
       20.677856541977373
      ],
      [
       86.88574203038247,
       20.677766182275892
      ],
      [
       86.88564601542595,
       20.67776611862069
      ]
     ],
     [
      [
       86.88718252180495,
       20.67740569185427
      ],
      [
       86.88727846983956,
       20.677496114362853
      ],
      [
       86.88727853653998,
       20.677405754652778
      ],
      [
       86.88718252180495,
       20.67740569185427
      ]
     ],
     [
      [
       86.8891032102917,
       20.676864779351355
      ],
      [
       86.88939138439227,
       20.676684244925728
      ],
      [
       86.88939177707114,
       20.676142086560876
      ],
      [
       86.88900758993734,
       20.67632255922405
      ],
      [
       86.88891177306661,
       20.676051418206388
      ],
      [
       86.88862373140097,
       20.67605123239059
      ],
      [
       86.88881536445577,
       20.676593514681205
      ],
      [
       86.8891032102917,
       20.676864779351355
      ]
     ],
     [
      [
       86.89015962869694,
       20.67650401650404
      ],
      [
       86.89025557793909,
       20.676594437370817
      ],
      [
       86.89025564287479,
       20.67650407764213
      ],
      [
       86.89015962869694,
       20.67650401650404
      ]
     ],
     [
      [
       86.88900798397121,
       20.675780400843532
      ],
      [
       86.88919994585211,
       20.675870884077757
      ],
      [
       86.88920001140991,
       20.675780524344713
      ],
      [
       86.88900798397121,
       20.675780400843532
      ]
     ],
     [
      [
       86.88872027201978,
       20.675328416518745
      ],
      [
       86.88881641701937,
       20.675147758978955
      ],
      [
       86.88862445627463,
       20.675057275315353
      ],
      [
       86.8886243244826,
       20.67523799479209
      ],
      [
       86.88872027201978,
       20.675328416518745
      ]
     ],
     [
      [
       86.89525042579963,
       20.67352531108208
      ],
      [
       86.89534637620719,
       20.673615729152317
      ],
      [
       86.89534643812092,
       20.67352536937734
      ],
      [
       86.89525042579963,
       20.67352531108208
      ]
     ],
     [
      [
       86.8994756224096,
       20.6725338677874
      ],
      [
       86.89966764583156,
       20.672533979614386
      ],
      [
       86.89966776453898,
       20.672353260016333
      ],
      [
       86.89937972974731,
       20.67235309219727
      ],
      [
       86.8994756224096,
       20.6725338677874
      ]
     ],
     [
      [
       86.8996678238922,
       20.672262900215884
      ],
      [
       86.89995574015035,
       20.67244378715461
      ],
      [
       86.89995591769886,
       20.672172707750878
      ],
      [
       86.8996678238922,
       20.672262900215884
      ]
     ],
     [
      [
       86.90034008155136,
       20.671992210508378
      ],
      [
       86.90043597512812,
       20.672172985575784
      ],
      [
       86.90043609292425,
       20.671992265965926
      ],
      [
       86.90034008155136,
       20.671992210508378
      ]
     ],
     [
      [
       86.90062805688666,
       20.672082736526587
      ],
      [
       86.90072400958947,
       20.67217315162929
      ],
      [
       86.9007240683173,
       20.67208279182404
      ],
      [
       86.90062805688666,
       20.672082736526587
      ]
     ],
     [
      [
       86.90043609292425,
       20.671992265965926
      ],
      [
       86.90072418577203,
       20.671902072210703
      ],
      [
       86.90072442067768,
       20.67154063297268
      ],
      [
       86.90053239849829,
       20.671540522327483
      ],
      [
       86.90043609292425,
       20.671992265965926
      ]
     ],
     [
      [
       86.89486774478397,
       20.67153716210822
      ],
      [
       86.89563570988409,
       20.67171834822758
      ],
      [
       86.89582791712513,
       20.671447384934407
      ],
      [
       86.89649999425059,
       20.67144778958913
      ],
      [
       86.89659582176549,
       20.671718926581274
      ],
      [
       86.89678784414572,
       20.671719041610586
      ],
      [
       86.89688397733211,
       20.671538379445618
      ],
      [
       86.89736397200832,
       20.67162902561507
      ],
      [
       86.8973641541486,
       20.671357946207547
      ],
      [
       86.89794015957345,
       20.671448647886944
      ],
      [
       86.89784426940759,
       20.671267871430686
      ],
      [
       86.89765224758814,
       20.671267757580026
      ],
      [
       86.89765236867196,
       20.67108703796676
      ],
      [
       86.89794040106086,
       20.671087208660946
      ],
      [
       86.89784463197364,
       20.670725712576278
      ],
      [
       86.89832480510901,
       20.670545276631024
      ],
      [
       86.89832522609582,
       20.6699127579018
      ],
      [
       86.89851736626795,
       20.669732151349564
      ],
      [
       86.89890134625936,
       20.669822736719397
      ],
      [
       86.89890146585628,
       20.669642017068846
      ],
      [
       86.89870944607421,
       20.66964190440376
      ],
      [
       86.89880569538225,
       20.669280521451643
      ],
      [
       86.89842171680988,
       20.669189935869053
      ],
      [
       86.8984218369702,
       20.669009216207943
      ],
      [
       86.89803797992325,
       20.668737910107087
      ],
      [
       86.8977499519629,
       20.66873773959436
      ],
      [
       86.89774977053237,
       20.669008819087452
      ],
      [
       86.89736561116541,
       20.669189310640835
      ],
      [
       86.89717383523374,
       20.668827756956265
      ],
      [
       86.89746198465204,
       20.668647208768522
      ],
      [
       86.89746216658973,
       20.668376129266516
      ],
      [
       86.89727014840734,
       20.66837601500566
      ],
      [
       86.89717395686789,
       20.668647037294622
      ],
      [
       86.89688592908668,
       20.66864686533974
      ],
      [
       86.89631005751504,
       20.668375440494827
      ],
      [
       86.89611822366018,
       20.66810424545232
      ],
      [
       86.8954461612522,
       20.6681038393725
      ],
      [
       86.89535058558559,
       20.667471262298626
      ],
      [
       86.89563867285729,
       20.667381076967846
      ],
      [
       86.89563885801779,
       20.667109997441738
      ],
      [
       86.89506305652046,
       20.666748208573974
      ],
      [
       86.8944868209585,
       20.667018936691274
      ],
      [
       86.89400703055053,
       20.666657203009517
      ],
      [
       86.89295094256244,
       20.666656550825145
      ],
      [
       86.89295081594615,
       20.666837270503937
      ],
      [
       86.8927587363034,
       20.66692751106654
      ],
      [
       86.89285449100518,
       20.66728901007225
      ],
      [
       86.89266228377446,
       20.66755997018208
      ],
      [
       86.89266158545693,
       20.668553928255154
      ],
      [
       86.8928534770904,
       20.66873476728612
      ],
      [
       86.89304574872904,
       20.668373447182933
      ],
      [
       86.89352585708782,
       20.668283384367086
      ],
      [
       86.89352610897795,
       20.667921945059476
      ],
      [
       86.89371812656664,
       20.667922063486035
      ],
      [
       86.89390983042884,
       20.668373980836602
      ],
      [
       86.89391001866656,
       20.668102901356775
      ],
      [
       86.89419817054429,
       20.667922358617204
      ],
      [
       86.89419798281962,
       20.668193438105234
      ],
      [
       86.89448588491051,
       20.668374334200806
      ],
      [
       86.8945817069437,
       20.668645472384988
      ],
      [
       86.894581270486,
       20.669277991132013
      ],
      [
       86.89448513601789,
       20.669458652055162
      ],
      [
       86.89429311649315,
       20.669458534474153
      ],
      [
       86.8943888139186,
       20.669910392355753
      ],
      [
       86.8941967312447,
       20.670000634474523
      ],
      [
       86.89419654349688,
       20.67027171389727
      ],
      [
       86.8944845119039,
       20.670362250163052
      ],
      [
       86.89458027280686,
       20.670723748093973
      ],
      [
       86.89506026352772,
       20.670814400666966
      ],
      [
       86.89506001522908,
       20.671175839871406
      ],
      [
       86.89477192045351,
       20.671266024163764
      ],
      [
       86.89486774478397,
       20.67153716210822
      ]
     ],
     [
      [
       86.90072447940332,
       20.671450273160808
      ],
      [
       86.90082043176787,
       20.6715406882151
      ],
      [
       86.9008204904367,
       20.671450328402962
      ],
      [
       86.90072447940332,
       20.671450273160808
      ]
     ],
     [
      [
       86.89400464834465,
       20.67009087637743
      ],
      [
       86.8941967312447,
       20.670000634474523
      ],
      [
       86.89410084641953,
       20.669819855929376
      ],
      [
       86.89390882644317,
       20.669819737918544
      ],
      [
       86.89400464834465,
       20.67009087637743
      ]
     ],
     [
      [
       86.89256671997066,
       20.666927391577417
      ],
      [
       86.89266266465754,
       20.667017811184873
      ],
      [
       86.89266272813686,
       20.6669274513487
      ],
      [
       86.89256671997066,
       20.666927391577417
      ]
     ],
     [
      [
       86.90456825122264,
       20.666121209971035
      ],
      [
       86.90476026661375,
       20.666121316095975
      ],
      [
       86.90476037925774,
       20.665940596336103
      ],
      [
       86.90428039795539,
       20.665849970745416
      ],
      [
       86.90456825122264,
       20.666121209971035
      ]
     ],
     [
      [
       86.90370423892435,
       20.66603036988703
      ],
      [
       86.90399226183294,
       20.666030530436306
      ],
      [
       86.90399237538472,
       20.66584981067859
      ],
      [
       86.90370435281679,
       20.66584965013085
      ],
      [
       86.90370423892435,
       20.66603036988703
      ]
     ],
     [
      [
       86.89544764524173,
       20.665935203120153
      ],
      [
       86.89573579121445,
       20.66575465774113
      ],
      [
       86.89602442839252,
       20.664851232958682
      ],
      [
       86.89621644213771,
       20.66485134858757
      ],
      [
       86.89621674898741,
       20.66439954923194
      ],
      [
       86.89612092667468,
       20.664128411821682
      ],
      [
       86.89583296901591,
       20.66403787826883
      ],
      [
       86.89583315379906,
       20.66376679863605
      ],
      [
       86.89564114141898,
       20.663766682586328
      ],
      [
       86.89573677769897,
       20.664308899893285
      ],
      [
       86.89554482640435,
       20.66421842386041
      ],
      [
       86.89554470287199,
       20.664399143605422
      ],
      [
       86.89516055253976,
       20.66457963038236
      ],
      [
       86.89487259460874,
       20.664489095229907
      ],
      [
       86.8949683528176,
       20.66485059317937
      ],
      [
       86.89468020765435,
       20.665031137298776
      ],
      [
       86.8948716621077,
       20.665844493153514
      ],
      [
       86.89525575402354,
       20.665754366918502
      ],
      [
       86.89544764524173,
       20.665935203120153
      ]
     ],
     [
      [
       86.904088496345,
       20.66566914432563
      ],
      [
       86.90428051116531,
       20.665669250982397
      ],
      [
       86.90428062437401,
       20.665488531215594
      ],
      [
       86.90408860978079,
       20.665488424559847
      ],
      [
       86.904088496345,
       20.66566914432563
      ]
     ],
     [
      [
       86.90447280843858,
       20.66521755799879
      ],
      [
       86.90456875913297,
       20.66530797102636
      ],
      [
       86.90456881556594,
       20.66521761113888
      ],
      [
       86.90447280843858,
       20.66521755799879
      ]
     ],
     [
      [
       86.89621644213771,
       20.66485134858757
      ],
      [
       86.89631238769665,
       20.664941766190427
      ],
      [
       86.8963124490108,
       20.664851406321866
      ],
      [
       86.89621644213771,
       20.66485134858757
      ]
     ],
     [
      [
       86.90418524032788,
       20.66449451913217
      ],
      [
       86.90447314737065,
       20.664675398655604
      ],
      [
       86.90437742330316,
       20.664223545986196
      ],
      [
       86.90466549918432,
       20.664133345499057
      ],
      [
       86.90476189983313,
       20.663500879207465
      ],
      [
       86.90476218139699,
       20.663049079663526
      ],
      [
       86.90457011344063,
       20.663139333465942
      ],
      [
       86.90457028271682,
       20.662868253732576
      ],
      [
       86.90428226576367,
       20.66286809417175
      ],
      [
       86.90428215257258,
       20.66304881399342
      ],
      [
       86.90389812951851,
       20.66304860049563
      ],
      [
       86.90370583330726,
       20.663500292956154
      ],
      [
       86.90332180912517,
       20.663500078170994
      ],
      [
       86.90341770095309,
       20.663680851751263
      ],
      [
       86.9036097132712,
       20.66368095914487
      ],
      [
       86.90360954228377,
       20.66395203884506
      ],
      [
       86.9038973907949,
       20.66422327923102
      ],
      [
       86.90418541029894,
       20.66422343944442
      ],
      [
       86.90418524032788,
       20.66449451913217
      ]
     ],
     [
      [
       86.8950647940424,
       20.664218132527015
      ],
      [
       86.89525674504986,
       20.664308609092817
      ],
      [
       86.89525680698618,
       20.664218249220667
      ],
      [
       86.8950647940424,
       20.664218132527015
      ]
     ],
     [
      [
       86.89487290542576,
       20.66403729587474
      ],
      [
       86.8950647940424,
       20.664218132527015
      ],
      [
       86.89506498019,
       20.66394705290657
      ],
      [
       86.89487290542576,
       20.66403729587474
      ]
     ],
     [
      [
       86.90284143420567,
       20.66404196787831
      ],
      [
       86.90332146612941,
       20.66404223756962
      ],
      [
       86.90322557419073,
       20.663861463942975
      ],
      [
       86.903033561648,
       20.66386135612091
      ],
      [
       86.9031300261478,
       20.663138530841895
      ],
      [
       86.90293812929511,
       20.662957703104453
      ],
      [
       86.90284189380162,
       20.66331908868285
      ],
      [
       86.9026498243806,
       20.663409340338667
      ],
      [
       86.90264953656623,
       20.663861139835614
      ],
      [
       86.90284143420567,
       20.66404196787831
      ]
     ],
     [
      [
       86.90351353595425,
       20.66395198517421
      ],
      [
       86.90360948528735,
       20.664042398743238
      ],
      [
       86.90360954228377,
       20.66395203884506
      ],
      [
       86.90351353595425,
       20.66395198517421
      ]
     ],
     [
      [
       86.89602510469994,
       20.66385727435114
      ],
      [
       86.8967932157192,
       20.663767375678855
      ],
      [
       86.89669751493646,
       20.663315518795766
      ],
      [
       86.89650544192311,
       20.663405763595716
      ],
      [
       86.8963137365321,
       20.66295384886353
      ],
      [
       86.89602571949023,
       20.662953675517684
      ],
      [
       86.89583352335642,
       20.663224639344964
      ],
      [
       86.89583315379906,
       20.66376679863605
      ],
      [
       86.89602522766063,
       20.663676554592016
      ],
      [
       86.89602510469994,
       20.66385727435114
      ]
     ],
     [
      [
       86.90130544881906,
       20.663860376104928
      ],
      [
       86.90149746135063,
       20.663860485850474
      ],
      [
       86.90149751959534,
       20.663770125956088
      ],
      [
       86.90130556553525,
       20.66367965631626
      ],
      [
       86.90130544881906,
       20.663860376104928
      ]
     ],
     [
      [
       86.90159352580484,
       20.66377018074845
      ],
      [
       86.90168947388345,
       20.663860595382296
      ],
      [
       86.90168953201463,
       20.663770235487384
      ],
      [
       86.90159352580484,
       20.66377018074845
      ]
     ],
     [
      [
       86.9016897064063,
       20.663499155796995
      ],
      [
       86.90178559629884,
       20.663679930276782
      ],
      [
       86.9017857124461,
       20.663499210481724
      ],
      [
       86.9016897064063,
       20.663499155796995
      ]
     ],
     [
      [
       86.90140168828874,
       20.663498991422248
      ],
      [
       86.90149763608383,
       20.663589406164483
      ],
      [
       86.90149769432762,
       20.66349904626726
      ],
      [
       86.90140168828874,
       20.663498991422248
      ]
     ],
     [
      [
       86.88949713800626,
       20.663220696973678
      ],
      [
       86.88959327439646,
       20.663040038708687
      ],
      [
       86.88940132836332,
       20.662949555849828
      ],
      [
       86.88940119757422,
       20.663130275584848
      ],
      [
       86.88949713800626,
       20.663220696973678
      ]
     ],
     [
      [
       86.90802654074601,
       20.66277977103471
      ],
      [
       86.9081224920271,
       20.662870182113373
      ],
      [
       86.90812254635159,
       20.662779822191176
      ],
      [
       86.90802654074601,
       20.66277977103471
      ]
     ],
     [
      [
       86.88978561165844,
       20.66258836213063
      ],
      [
       86.88988148687095,
       20.662769143183123
      ],
      [
       86.8898816170896,
       20.66258842343762
      ],
      [
       86.88978561165844,
       20.66258836213063
      ]
     ],
     [
      [
       86.90121020192456,
       20.662685642461447
      ],
      [
       86.90149821850754,
       20.662685807149707
      ],
      [
       86.9015946313165,
       20.66205334257049
      ],
      [
       86.90121061079459,
       20.662053123100318
      ],
      [
       86.90121020192456,
       20.662685642461447
      ]
     ],
     [
      [
       86.89746604723004,
       20.662593097862167
      ],
      [
       86.89785006906455,
       20.662593325673125
      ],
      [
       86.89785043144394,
       20.66205116627381
      ],
      [
       86.8969865072011,
       20.6618699327093
      ],
      [
       86.89698626357527,
       20.6622313723104
      ],
      [
       86.89727427926462,
       20.662231544046886
      ],
      [
       86.89746604723004,
       20.662593097862167
      ]
     ],
     [
      [
       86.89641010970936,
       20.662411747186546
      ],
      [
       86.89660205925675,
       20.662502222268092
      ],
      [
       86.89660212039173,
       20.662411862373162
      ],
      [
       86.89641010970936,
       20.662411747186546
      ]
     ],
     [
      [
       86.89689013641774,
       20.66241203475239
      ],
      [
       86.89698608085247,
       20.662502452001302
      ],
      [
       86.8969861417604,
       20.66241209210528
      ],
      [
       86.89689013641774,
       20.66241203475239
      ]
     ],
     [
      [
       86.89660218152639,
       20.662321502477287
      ],
      [
       86.89669812573341,
       20.66241191988633
      ],
      [
       86.8966981868113,
       20.662321559990186
      ],
      [
       86.89660218152639,
       20.662321502477287
      ]
     ],
     [
      [
       86.8949704022265,
       20.661868717113908
      ],
      [
       86.89506622109737,
       20.662139855219362
      ],
      [
       86.89506640722199,
       20.661868775533648
      ],
      [
       86.8949704022265,
       20.661868717113908
      ]
     ],
     [
      [
       86.90821898608874,
       20.662056993880654
      ],
      [
       86.90831493703217,
       20.662147404858572
      ],
      [
       86.9083149912408,
       20.66205704492832
      ],
      [
       86.90821898608874,
       20.662056993880654
      ]
     ],
     [
      [
       86.8895941230201,
       20.661865360343533
      ],
      [
       86.889690323654,
       20.66159434210872
      ],
      [
       86.88959457994677,
       20.66123284115762
      ],
      [
       86.88940263617711,
       20.661142358291563
      ],
      [
       86.8893061735397,
       20.66177481590852
      ],
      [
       86.88949824870984,
       20.661684579116525
      ],
      [
       86.8895941230201,
       20.661865360343533
      ]
     ],
     [
      [
       86.90447529368717,
       20.661241722024688
      ],
      [
       86.90505143374027,
       20.66106132013358
      ],
      [
       86.90495571017816,
       20.66060946759808
      ],
      [
       86.90418773296267,
       20.660518682858605
      ],
      [
       86.90418744973834,
       20.660970482527368
      ],
      [
       86.90447529368717,
       20.661241722024688
      ]
     ],
     [
      [
       86.8884438440576,
       20.6594249022185
      ],
      [
       86.8886359826057,
       20.659244306446414
      ],
      [
       86.89017203587794,
       20.65924529103129
      ],
      [
       86.89036410735538,
       20.659155053232276
      ],
      [
       86.89036423697856,
       20.658974333408185
      ],
      [
       86.88988435135846,
       20.658793307907953
      ],
      [
       86.88988487210172,
       20.658070428570287
      ],
      [
       86.88969286691541,
       20.658070305932107
      ],
      [
       86.88978899980421,
       20.657889647434615
      ],
      [
       86.88911691691021,
       20.657979576816523
      ],
      [
       86.88902111118055,
       20.65770843533497
      ],
      [
       86.88863729921185,
       20.657437108159645
      ],
      [
       86.88796521765441,
       20.657527033066412
      ],
      [
       86.88758134157536,
       20.657346063469387
      ],
      [
       86.88719713301951,
       20.657616892617824
      ],
      [
       86.88719699966141,
       20.657797612450832
      ],
      [
       86.88690899242293,
       20.657797423929402
      ],
      [
       86.88710093051189,
       20.65788790957855
      ],
      [
       86.8869088587229,
       20.65797814375683
      ],
      [
       86.88690872502146,
       20.658158863580475
      ],
      [
       86.88700459407153,
       20.65833964629602
      ],
      [
       86.88729260233255,
       20.6583398346626
      ],
      [
       86.88767628135878,
       20.65879188461528
      ],
      [
       86.88806022734644,
       20.658882494081592
      ],
      [
       86.88815603209403,
       20.65915363605539
      ],
      [
       86.88844397595301,
       20.659244182411808
      ],
      [
       86.8884438440576,
       20.6594249022185
      ]
     ],
     [
      [
       86.90639660376839,
       20.65925485566962
      ],
      [
       86.90649255187745,
       20.65934526767958
      ],
      [
       86.90649260715537,
       20.659254907724677
      ],
      [
       86.90639660376839,
       20.65925485566962
      ]
     ],
     [
      [
       86.89074837880013,
       20.65879385715672
      ],
      [
       86.89084418826901,
       20.65906499766202
      ],
      [
       86.89084438185094,
       20.65879391791728
      ],
      [
       86.89074837880013,
       20.65879385715672
      ]
     ],
     [
      [
       86.8966047488858,
       20.658526385996595
      ],
      [
       86.8967006907228,
       20.658616803433855
      ],
      [
       86.89670075178692,
       20.658526443497987
      ],
      [
       86.8966047488858,
       20.658526385996595
      ]
     ],
     [
      [
       86.8906530867719,
       20.657799837212256
      ],
      [
       86.89084502710155,
       20.657890318706688
      ],
      [
       86.8908450916247,
       20.657799958780426
      ],
      [
       86.8906530867719,
       20.657799837212256
      ]
     ],
     [
      [
       86.88863789163854,
       20.656623868807188
      ],
      [
       86.88882989500124,
       20.65662399261103
      ],
      [
       86.88883015783885,
       20.656262552871873
      ],
      [
       86.88844615202275,
       20.656262305055275
      ],
      [
       86.88863789163854,
       20.656623868807188
      ]
     ],
     [
      [
       86.88422277272892,
       20.655355923403697
      ],
      [
       86.8843189103423,
       20.65517526791896
      ],
      [
       86.88412697731368,
       20.65508477917069
      ],
      [
       86.88412684034431,
       20.655265499037263
      ],
      [
       86.88422277272892,
       20.655355923403697
      ]
     ],
     [
      [
       86.88691113142823,
       20.65490590617611
      ],
      [
       86.8870070652433,
       20.654996329005165
      ],
      [
       86.88700713202492,
       20.654905969060415
      ],
      [
       86.88691113142823,
       20.65490590617611
      ]
     ],
     [
      [
       86.89679937769615,
       20.654641022797207
      ],
      [
       86.89689531722136,
       20.654731440157097
      ],
      [
       86.89689537815792,
       20.654641080180014
      ],
      [
       86.89679937769615,
       20.654641022797207
      ]
     ],
     [
      [
       86.8967034382844,
       20.654550605383523
      ],
      [
       86.89679937769615,
       20.654641022797207
      ],
      [
       86.89679943868913,
       20.654550662819457
      ],
      [
       86.8967034382844,
       20.654550605383523
      ]
     ],
     [
      [
       86.90611336591998,
       20.65148373960995
      ],
      [
       86.90640136144022,
       20.651483896031515
      ],
      [
       86.90640147205762,
       20.651303175956723
      ],
      [
       86.90620953069245,
       20.651212711691752
      ],
      [
       86.90611336591998,
       20.65148373960995
      ]
     ],
     [
      [
       86.912930598247,
       20.649137951000696
      ],
      [
       86.91312269501265,
       20.64895732758362
      ],
      [
       86.91312284900262,
       20.64868624734038
      ],
      [
       86.91283485869737,
       20.648686102153235
      ],
      [
       86.912930598247,
       20.649137951000696
      ]
     ],
     [
      [
       86.91408286746692,
       20.648596367742098
      ],
      [
       86.91417881347637,
       20.648686775582423
      ],
      [
       86.91417886418192,
       20.648596415496936
      ],
      [
       86.91408286746692,
       20.648596367742098
      ]
     ],
     [
      [
       86.92829182446391,
       20.645530610202076
      ],
      [
       86.92838777698401,
       20.645621010197676
      ],
      [
       86.92838781928765,
       20.645530650049174
      ],
      [
       86.92829182446391,
       20.645530610202076
      ]
     ],
     [
      [
       86.92848377186468,
       20.645621049991583
      ],
      [
       86.92877175650806,
       20.645621169053047
      ],
      [
       86.92877179858488,
       20.645530808903796
      ],
      [
       86.92838786159108,
       20.64544028989973
      ],
      [
       86.92848377186468,
       20.645621049991583
      ]
     ],
     [
      [
       86.92829199390304,
       20.64516916959939
      ],
      [
       86.92838794619723,
       20.64525956959801
      ],
      [
       86.92838798849996,
       20.645169209445733
      ],
      [
       86.92829199390304,
       20.64516916959939
      ]
     ]
    ]
   },
   "properties": {
    "id": "P06",
    "area_ha": 609.2999999995909,
    "quality": 0.9830761766435673,
    "confidence": 0.9830761766435673,
    "habitat_class": "mangrove",
    "name": null,
    "protected": false,
    "perimeter_km": 47.367422819502586,
    "bbox": [
     20.641553831720366,
     86.8797085992125,
     20.682104206744757,
     86.93760221750009
    ],
    "extra": {
     "pixel_count": 60930,
     "label_value": 189,
     "centroid_pixel": [
      1266.4032003938946,
      2000.8283604135893
     ]
    },
    "centroid_lat": 20.65931281403946,
    "centroid_lon": 86.90149109923156,
    "criticality_rank": 9,
    "criticality_score": 0.027967464178829293,
    "delta_connectivity": 0.0002477118655865151,
    "delta_pct": 2.7967464178829293,
    "degree": 3,
    "is_cut_vertex": false,
    "component_count_after": 4,
    "rank_by_area": 6,
    "criticality_level": "low"
   }
  },
  {
   "type": "Feature",
   "id": "P07",
   "geometry": {
    "type": "Polygon",
    "coordinates": [
     [
      [
       86.89000030449665,
       20.631052831086134
      ],
      [
       86.88961668772257,
       20.630600785133563
      ],
      [
       86.88961694834121,
       20.630239344296164
      ],
      [
       86.88990516366059,
       20.62987808720757
      ],
      [
       86.88971325895176,
       20.62978760453584
      ],
      [
       86.88971358442517,
       20.629335803442753
      ],
      [
       86.89019363686,
       20.6291553887271
      ],
      [
       86.89009784700768,
       20.628884247011776
      ],
      [
       86.89028981556868,
       20.628884369034644
      ],
      [
       86.89038612332291,
       20.628432628815567
      ],
      [
       86.89009804160249,
       20.628613166326918
      ],
      [
       86.88981008927345,
       20.62861298289525
      ],
      [
       86.88971423534579,
       20.62843220118574
      ],
      [
       86.88904234738581,
       20.628431770942733
      ],
      [
       86.88856282203922,
       20.627889300648008
      ],
      [
       86.88837125001842,
       20.627347015302853
      ],
      [
       86.8881792833975,
       20.627346891156794
      ],
      [
       86.88817941538169,
       20.627166170680795
      ],
      [
       86.88789166427625,
       20.626894903345136
      ],
      [
       86.8876037152004,
       20.626894716250618
      ],
      [
       86.88760358253859,
       20.627075436728713
      ],
      [
       86.88741168270758,
       20.626984951493224
      ],
      [
       86.88731556662471,
       20.627165609389202
      ],
      [
       86.8853000550194,
       20.626983562449198
      ],
      [
       86.88520434293193,
       20.626622057763942
      ],
      [
       86.88405234353088,
       20.62689236929047
      ],
      [
       86.88347685806005,
       20.626349820444613
      ],
      [
       86.88366902934992,
       20.626078869105974
      ],
      [
       86.8840529593533,
       20.626079127193027
      ],
      [
       86.88424506097603,
       20.6258985354389
      ],
      [
       86.88424526590151,
       20.62562745471524
      ],
      [
       86.88395752467775,
       20.625356180825083
      ],
      [
       86.88395807248006,
       20.624633298838475
      ],
      [
       86.88347885206123,
       20.62372937330152
      ],
      [
       86.88376693230937,
       20.623548846718922
      ],
      [
       86.88376768669646,
       20.622554883770736
      ],
      [
       86.88338369672728,
       20.622644985363433
      ],
      [
       86.88319097790549,
       20.623638818620954
      ],
      [
       86.88290310409252,
       20.623548263461455
      ],
      [
       86.88290296590705,
       20.62372898397964
      ],
      [
       86.88261495357177,
       20.623819148855677
      ],
      [
       86.88232701033314,
       20.62381895299418
      ],
      [
       86.88232714919896,
       20.623638232481603
      ],
      [
       86.88194322533907,
       20.623637970589
      ],
      [
       86.88175112386595,
       20.62381855983162
      ],
      [
       86.8812711484305,
       20.623908590981355
      ],
      [
       86.88088659134378,
       20.624721568947997
      ],
      [
       86.88107862479706,
       20.62463134093918
      ],
      [
       86.88107820375282,
       20.625173502378768
      ],
      [
       86.8815573445413,
       20.626167794605447
      ],
      [
       86.88136537944493,
       20.626167662895128
      ],
      [
       86.88136523942539,
       20.626348383348542
      ],
      [
       86.88117320398032,
       20.626438611648318
      ],
      [
       86.8799254286914,
       20.626437748933395
      ],
      [
       86.87992521610921,
       20.62670882958937
      ],
      [
       86.87973310839605,
       20.62688941649354
      ],
      [
       86.87954128458428,
       20.626708562321767
      ],
      [
       86.8790612988154,
       20.626798587251347
      ],
      [
       86.87896510159435,
       20.627069600669238
      ],
      [
       86.87867700908265,
       20.62725011911164
      ],
      [
       86.87867679428102,
       20.627521199729635
      ],
      [
       86.87896467301186,
       20.627611761913847
      ],
      [
       86.87896453014797,
       20.627792482321166
      ],
      [
       86.87877249148708,
       20.6278827079214
      ],
      [
       86.87848454064742,
       20.627882505618437
      ],
      [
       86.8782927889089,
       20.627611289880356
      ],
      [
       86.8779087830894,
       20.62770137917431
      ],
      [
       86.87790899925282,
       20.62743029856972
      ],
      [
       86.87762097704926,
       20.627520455033256
      ],
      [
       86.87752477682251,
       20.627791467611488
      ],
      [
       86.87675698115294,
       20.627700561331054
      ],
      [
       86.87666114324291,
       20.62751977243716
      ],
      [
       86.87656501416899,
       20.62770042427725
      ],
      [
       86.87598911322651,
       20.627700011835984
      ],
      [
       86.87598896684973,
       20.62788073222128
      ],
      [
       86.87541262406258,
       20.628422478977598
      ],
      [
       86.87483679430011,
       20.62833170249829
      ],
      [
       86.87454862053559,
       20.628602574172756
      ],
      [
       86.87378067365499,
       20.628692375014722
      ],
      [
       86.87310878494209,
       20.6286918827952
      ],
      [
       86.87262908996831,
       20.628420449091024
      ],
      [
       86.8725328051148,
       20.62878181898359
      ],
      [
       86.87234083680627,
       20.62878167722882
      ],
      [
       86.87205265779858,
       20.62905254469814
      ],
      [
       86.87109281459294,
       20.6290518311143
      ],
      [
       86.87090115073902,
       20.6286902471034
      ],
      [
       86.87051729079903,
       20.628599599590878
      ],
      [
       86.87051752006003,
       20.628328519091628
      ],
      [
       86.8701338911938,
       20.627966790222438
      ],
      [
       86.86946200576145,
       20.627966283836276
      ],
      [
       86.86898301547124,
       20.62688159847091
      ],
      [
       86.86917529019328,
       20.626520303224233
      ],
      [
       86.869943152,
       20.6265208829736
      ],
      [
       86.8703273124858,
       20.626250091006124
      ],
      [
       86.87061526016528,
       20.6262503068893
      ],
      [
       86.87090343639775,
       20.62597944171551
      ],
      [
       86.87090366494337,
       20.62570836112997
      ],
      [
       86.87109570545563,
       20.625618144263665
      ],
      [
       86.8710965421742,
       20.62462418202601
      ],
      [
       86.8712885812106,
       20.624533964926208
      ],
      [
       86.87138509393732,
       20.623901514903633
      ],
      [
       86.87167326437074,
       20.623630648341663
      ],
      [
       86.87224899915398,
       20.623811795534152
      ],
      [
       86.87215286724235,
       20.623992444981898
      ],
      [
       86.87263224691408,
       20.624625320934037
      ],
      [
       86.87224832071938,
       20.62462503748669
      ],
      [
       86.87215249005106,
       20.62444424606495
      ],
      [
       86.87205590463687,
       20.625167056698224
      ],
      [
       86.87186416769936,
       20.624895833816016
      ],
      [
       86.87157599520752,
       20.62516670064598
      ],
      [
       86.87167152273105,
       20.62570893317604
      ],
      [
       86.87195946940815,
       20.625709146813506
      ],
      [
       86.87263096918848,
       20.626161444436406
      ],
      [
       86.87291891672731,
       20.62616165647926
      ],
      [
       86.87330314585063,
       20.625800497647568
      ],
      [
       86.87349496112307,
       20.625981358721287
      ],
      [
       86.87464674998404,
       20.625982198246252
      ],
      [
       86.87493484481459,
       20.625801686510016
      ],
      [
       86.8748396010938,
       20.62489801486162
      ],
      [
       86.87455180395973,
       20.62471708559441
      ],
      [
       86.87455202603165,
       20.624446004930743
      ],
      [
       86.87474406283081,
       20.62435578397663
      ],
      [
       86.87483982265839,
       20.624626934200638
      ],
      [
       86.8752237488963,
       20.6246272118895
      ],
      [
       86.87531995116825,
       20.624356200503968
      ],
      [
       86.87474413674032,
       20.624265423751908
      ],
      [
       86.87464830333988,
       20.624084633692796
      ],
      [
       86.8746484512694,
       20.62390391323741
      ],
      [
       86.87474428455816,
       20.624084703299637
      ],
      [
       86.87522426428066,
       20.62399469030487
      ],
      [
       86.87522485326762,
       20.623271808437188
      ],
      [
       86.8750328918469,
       20.623271669709318
      ],
      [
       86.8749370587197,
       20.623090879791032
      ],
      [
       86.87522507413122,
       20.623000727721223
      ],
      [
       86.87522529499125,
       20.622729646996763
      ],
      [
       86.87493757524624,
       20.62245835810096
      ],
      [
       86.87503377663901,
       20.62218734680241
      ],
      [
       86.87465000443338,
       20.622006348227746
      ],
      [
       86.87493809175335,
       20.621825836364604
      ],
      [
       86.87484240731476,
       20.621464325861034
      ],
      [
       86.87474657553157,
       20.6212835358063
      ],
      [
       86.87465037420851,
       20.621554546973584
      ],
      [
       86.87436243531297,
       20.621554337861088
      ],
      [
       86.87436258356,
       20.621373617354802
      ],
      [
       86.87417055028826,
       20.621463837934204
      ],
      [
       86.87426623313853,
       20.621825348801636
      ],
      [
       86.87426601059154,
       20.622096429544484
      ],
      [
       86.87407397635475,
       20.622186650004036
      ],
      [
       86.8742658622249,
       20.622277150034982
      ],
      [
       86.874169362449,
       20.622909601852907
      ],
      [
       86.87397784762129,
       20.62236730051759
      ],
      [
       86.87397807068152,
       20.622096219786254
      ],
      [
       86.87417003062114,
       20.622096359678384
      ],
      [
       86.87397873984064,
       20.621282977541238
      ],
      [
       86.87359482200475,
       20.621282697129267
      ],
      [
       86.8735946728525,
       20.6214634176321
      ],
      [
       86.87330673414004,
       20.621463206761362
      ],
      [
       86.87330650989905,
       20.6217342875055
      ],
      [
       86.87301857068056,
       20.621734076151935
      ],
      [
       86.87282623604489,
       20.62218573619595
      ],
      [
       86.87263427600324,
       20.6221855948104
      ],
      [
       86.87263457658402,
       20.62182415384463
      ],
      [
       86.87205869782785,
       20.621823728416615
      ],
      [
       86.87167455153138,
       20.622094524447288
      ],
      [
       86.87119472773259,
       20.622003807150666
      ],
      [
       86.87119457574255,
       20.622184527621478
      ],
      [
       86.87100276793124,
       20.622003663953866
      ],
      [
       86.87100253960583,
       20.622274744656615
      ],
      [
       86.87081057946637,
       20.62227460124452
      ],
      [
       86.87071429427809,
       20.62263597037817
      ],
      [
       86.87052225729398,
       20.62272618687032
      ],
      [
       86.8701383358923,
       20.622725898759743
      ],
      [
       86.87013848913308,
       20.622545178307806
      ],
      [
       86.86956260772247,
       20.62254474454667
      ],
      [
       86.86927512979312,
       20.62200236558653
      ],
      [
       86.86898703552154,
       20.622182867967627
      ],
      [
       86.8686031930296,
       20.62209221622768
      ],
      [
       86.8686034255996,
       20.62182113554514
      ],
      [
       86.86889151963638,
       20.621640633794836
      ],
      [
       86.86889167433955,
       20.621459913329222
      ],
      [
       86.86879584960307,
       20.621279120011376
      ],
      [
       86.86831595241945,
       20.62127875496949
      ],
      [
       86.86831649623984,
       20.620646233311483
      ],
      [
       86.86802871483701,
       20.62046529317385
      ],
      [
       86.86812492715887,
       20.620194285717325
      ],
      [
       86.86774093411573,
       20.62028435255687
      ],
      [
       86.86774155830413,
       20.619561470591904
      ],
      [
       86.86802980478282,
       20.61920024970725
      ],
      [
       86.86755046105112,
       20.618567360782798
      ],
      [
       86.86716655011958,
       20.618567066125976
      ],
      [
       86.86726307594392,
       20.61793461804079
      ],
      [
       86.86707127809287,
       20.617753749974334
      ],
      [
       86.86707159172863,
       20.617392308903476
      ],
      [
       86.86659186413716,
       20.617211218602005
      ],
      [
       86.86659202151695,
       20.617030498060664
      ],
      [
       86.8663999891807,
       20.61712071005528
      ],
      [
       86.86572830982905,
       20.61693946887168
      ],
      [
       86.86582460310024,
       20.61657810232252
      ],
      [
       86.86630480093413,
       20.616217033093754
      ],
      [
       86.86630511635269,
       20.615855591969993
      ],
      [
       86.86592121223644,
       20.615855294584026
      ],
      [
       86.86601813651767,
       20.614771045561298
      ],
      [
       86.86563431436828,
       20.61468038726071
      ],
      [
       86.8656349483107,
       20.61395750488956
      ],
      [
       86.86544315734278,
       20.613776634971202
      ],
      [
       86.86573155661156,
       20.613234697033967
      ],
      [
       86.86621158634172,
       20.613054348493034
      ],
      [
       86.86621190192739,
       20.612692907238504
      ],
      [
       86.8664998240746,
       20.612693129841094
      ],
      [
       86.86669192939918,
       20.612512557339915
      ],
      [
       86.86669216523251,
       20.61224147637813
      ],
      [
       86.86630819132851,
       20.6123315402216
      ],
      [
       86.86630834900221,
       20.612150819580407
      ],
      [
       86.8666923224526,
       20.612060755732223
      ],
      [
       86.86678813900029,
       20.612241550364086
      ],
      [
       86.8672683209258,
       20.61188047819053
      ],
      [
       86.86707653060319,
       20.611699610044717
      ],
      [
       86.86707676574599,
       20.61142852905321
      ],
      [
       86.8667887674178,
       20.611518667754964
      ],
      [
       86.86678892451798,
       20.611337947093244
      ],
      [
       86.8671728956527,
       20.611247882156434
      ],
      [
       86.86707770627933,
       20.610344205002214
      ],
      [
       86.86736570222904,
       20.610254065793868
      ],
      [
       86.86736554581806,
       20.61043478648248
      ],
      [
       86.86803735429922,
       20.610435300605175
      ],
      [
       86.86822961036641,
       20.610074005624263
      ],
      [
       86.86775013817521,
       20.60962183744546
      ],
      [
       86.86774967031297,
       20.610163999548014
      ],
      [
       86.86755764728092,
       20.61025421295106
      ],
      [
       86.86736601504595,
       20.609892624405337
      ],
      [
       86.86698236113993,
       20.60962124841015
      ],
      [
       86.86698251799602,
       20.609440527707367
      ],
      [
       86.86669460195425,
       20.609440305942172
      ],
      [
       86.86669452335664,
       20.609530666292976
      ],
      [
       86.86659855128698,
       20.609530592264335
      ],
      [
       86.86640644961295,
       20.609711164743885
      ],
      [
       86.8662145841316,
       20.609620655965116
      ],
      [
       86.86631087155105,
       20.609259288807767
      ],
      [
       86.86602295585766,
       20.609259065925887
      ],
      [
       86.86583140758785,
       20.608807115309915
      ],
      [
       86.86554349274958,
       20.60880689163424
      ],
      [
       86.86515912929833,
       20.60934875475038
      ],
      [
       86.8651584137602,
       20.610161997830975
      ],
      [
       86.86544641047585,
       20.610071861822426
      ],
      [
       86.86573409018888,
       20.610343166692005
      ],
      [
       86.86554190719599,
       20.610614098518
      ],
      [
       86.86496615036191,
       20.61052328935232
      ],
      [
       86.86496638922313,
       20.610252208347415
      ],
      [
       86.86448652665388,
       20.610251832862218
      ],
      [
       86.86429490168925,
       20.609890240952158
      ],
      [
       86.86400698483446,
       20.60989001470634
      ],
      [
       86.86391077182695,
       20.61016102018888
      ],
      [
       86.8637188269206,
       20.61016086898323
      ],
      [
       86.86381455847646,
       20.610432025607487
      ],
      [
       86.86352664060958,
       20.610431798556004
      ],
      [
       86.86343050693523,
       20.610612443421203
      ],
      [
       86.86314266943045,
       20.610521855401966
      ],
      [
       86.86179880753465,
       20.610791867459977
      ],
      [
       86.8617986445542,
       20.61097258809563
      ],
      [
       86.86131877979292,
       20.610972203804767
      ],
      [
       86.8609345599884,
       20.611333336659797
      ],
      [
       86.86093439598405,
       20.611514057277507
      ],
      [
       86.8606464761192,
       20.611513825417617
      ],
      [
       86.86045485868361,
       20.611152229346114
      ],
      [
       86.86016710441076,
       20.61097127607208
      ],
      [
       86.86007154400599,
       20.610519396851636
      ],
      [
       86.85978362602057,
       20.610519163565375
      ],
      [
       86.85968748789192,
       20.61069980632181
      ],
      [
       86.85939965247616,
       20.610609212083006
      ],
      [
       86.85949678500732,
       20.609344245654164
      ],
      [
       86.85978470078187,
       20.60934447940544
      ],
      [
       86.85997639695813,
       20.609615715949616
      ],
      [
       86.8602651371211,
       20.608712345606346
      ],
      [
       86.86045699791319,
       20.60880286097107
      ],
      [
       86.86036135563634,
       20.60844134213878
      ],
      [
       86.8605532983619,
       20.60844149705987
      ],
      [
       86.86064951619551,
       20.60817049341955
      ],
      [
       86.86084137654113,
       20.608261008360792
      ],
      [
       86.86093751176537,
       20.608080364895184
      ],
      [
       86.86151342025148,
       20.607990466746045
      ],
      [
       86.8615135835425,
       20.607809746050282
      ],
      [
       86.86256918323329,
       20.607900948771377
      ],
      [
       86.86276120620981,
       20.607810740884418
      ],
      [
       86.86304960357452,
       20.607268807038032
      ],
      [
       86.86285782399708,
       20.607087934175517
      ],
      [
       86.86285814739155,
       20.606726492722007
      ],
      [
       86.86189852583918,
       20.60663536847845
      ],
      [
       86.86180280000855,
       20.606364210706854
      ],
      [
       86.86141916482339,
       20.6060928223606
      ],
      [
       86.86151529799238,
       20.605912178516824
      ],
      [
       86.86170723756018,
       20.605912332138825
      ],
      [
       86.86161159408972,
       20.605550813870853
      ],
      [
       86.86113174630715,
       20.60555042915737
      ],
      [
       86.86103594058501,
       20.605369631311824
      ],
      [
       86.8605560111822,
       20.605459605374232
      ],
      [
       86.8602683498009,
       20.60518829183932
      ],
      [
       86.86017295743552,
       20.604555691638538
      ],
      [
       86.85959764042707,
       20.604013062783693
      ],
      [
       86.85940570325464,
       20.60401290683361
      ],
      [
       86.85940586899599,
       20.603832186071056
      ],
      [
       86.86026958526772,
       20.60383288616203
      ],
      [
       86.86055773727193,
       20.60356203740273
      ],
      [
       86.86199718060354,
       20.60365355261539
      ],
      [
       86.86228451750246,
       20.604286304885164
      ],
      [
       86.86305226766594,
       20.6042869146333
      ],
      [
       86.86324404399079,
       20.60446778732022
      ],
      [
       86.86362791953896,
       20.6044680904928
      ],
      [
       86.86372364744182,
       20.6047392473249
      ],
      [
       86.86401163477704,
       20.604649113597702
      ],
      [
       86.86420389296319,
       20.604287822864062
      ],
      [
       86.86420373287417,
       20.604468543653798
      ],
      [
       86.86449155967215,
       20.604559129909784
      ],
      [
       86.86449132004324,
       20.604830211087705
      ],
      [
       86.8647791476919,
       20.60492079686593
      ],
      [
       86.86487479826022,
       20.605282313447873
      ],
      [
       86.86545069399685,
       20.60519240208314
      ],
      [
       86.86545053537007,
       20.6053731228633
      ],
      [
       86.86573828546823,
       20.605554067436735
      ],
      [
       86.86621813335444,
       20.605554439366482
      ],
      [
       86.866793715262,
       20.605825965096837
      ],
      [
       86.86698573317453,
       20.60573575246824
      ],
      [
       86.86717751596977,
       20.60591662079804
      ],
      [
       86.8674656597812,
       20.605645760545993
      ],
      [
       86.86813721407891,
       20.60591735535011
      ],
      [
       86.86880915745195,
       20.605737145573702
      ],
      [
       86.86967288479374,
       20.60573779875424
      ],
      [
       86.86996110053822,
       20.60537657390739
      ],
      [
       86.87005768279374,
       20.60465376277763
      ],
      [
       86.87034581915779,
       20.604382897646243
      ],
      [
       86.87053775688028,
       20.60438304145552
      ],
      [
       86.87063395450363,
       20.60411203202082
      ],
      [
       86.87025023269561,
       20.60393102356477
      ],
      [
       86.8700586784951,
       20.603479077322262
      ],
      [
       86.86957922138822,
       20.60302691395321
      ],
      [
       86.86929108624051,
       20.603297777856053
      ],
      [
       86.8690032589208,
       20.60320719957316
      ],
      [
       86.86900310449855,
       20.603387920420886
      ],
      [
       86.86852326333963,
       20.60338755625636
      ],
      [
       86.86842768285851,
       20.60293568114772
      ],
      [
       86.86813985673618,
       20.602845101430372
      ],
      [
       86.86814055618228,
       20.602031857563116
      ],
      [
       86.8686203930907,
       20.60203222276667
      ],
      [
       86.86871674734341,
       20.601580493455657
      ],
      [
       86.86862101252981,
       20.601309339250992
      ],
      [
       86.86823722246639,
       20.601218686763502
      ],
      [
       86.868333654916,
       20.600676597178538
      ],
      [
       86.86814179955852,
       20.60058609049925
      ],
      [
       86.86814211038586,
       20.60022464869554
      ],
      [
       86.8678542895147,
       20.60013406850308
      ],
      [
       86.86785452313855,
       20.599862987140707
      ],
      [
       86.8716931643513,
       20.59986587754969
      ],
      [
       86.87178867705079,
       20.600408111519403
      ],
      [
       86.87207635002127,
       20.600679406102703
      ],
      [
       86.87207619924185,
       20.60086012702523
      ],
      [
       86.87293952480786,
       20.60131256604718
      ],
      [
       86.87313086053307,
       20.602035590601737
      ],
      [
       86.87389800518274,
       20.602759035739375
      ],
      [
       86.87389778220913,
       20.603030117075814
      ],
      [
       86.87408964405238,
       20.603120617377932
      ],
      [
       86.87418531551069,
       20.60348212899624
      ],
      [
       86.87447307247025,
       20.60366305910961
      ],
      [
       86.87447270252258,
       20.604114861295102
      ],
      [
       86.87408882769175,
       20.604114582202502
      ],
      [
       86.87408867925735,
       20.60429530306743
      ],
      [
       86.87370450620169,
       20.60465646483316
      ],
      [
       86.87389622129317,
       20.604927686193072
      ],
      [
       86.87380010329714,
       20.605108337023164
      ],
      [
       86.87447166661624,
       20.605379907288963
      ],
      [
       86.87447129663082,
       20.605831709384795
      ],
      [
       86.87399159628018,
       20.605650639522075
      ],
      [
       86.87379921057763,
       20.6061926620195
      ],
      [
       86.874758910666,
       20.606193359827603
      ],
      [
       86.87475868917436,
       20.606464441065434
      ],
      [
       86.87427883827658,
       20.606464092822243
      ],
      [
       86.87427861593274,
       20.606735174046594
      ],
      [
       86.87389466020106,
       20.606825254894108
      ],
      [
       86.87379831780055,
       20.607276986879906
      ],
      [
       86.87360637642985,
       20.607276846671045
      ],
      [
       86.87331816564004,
       20.60763807754146
      ],
      [
       86.87303055232732,
       20.607276424765974
      ],
      [
       86.87264666960036,
       20.607276142430518
      ],
      [
       86.87245487862364,
       20.60709528015195
      ],
      [
       86.8722629374905,
       20.607095138452866
      ],
      [
       86.87207069468343,
       20.60745643811395
      ],
      [
       86.87168681152001,
       20.607456153644957
      ],
      [
       86.87139920241144,
       20.60709449817015
      ],
      [
       86.8713997331003,
       20.606461975397274
      ],
      [
       86.8711118985835,
       20.606371400619132
      ],
      [
       86.8711121265234,
       20.606100319416836
      ],
      [
       86.87092018664632,
       20.60610017623372
      ],
      [
       86.87091965398875,
       20.60673269902107
      ],
      [
       86.87015189132855,
       20.6067321241387
      ],
      [
       86.86986367346363,
       20.607093349235768
      ],
      [
       86.87024732620975,
       20.607364718909732
      ],
      [
       86.8702469437332,
       20.60781652082734
      ],
      [
       86.87043880937111,
       20.60790702515063
      ],
      [
       86.87053439879878,
       20.60835889893646
      ],
      [
       86.8702460257476,
       20.608900845333324
      ],
      [
       86.86995818735265,
       20.60881026863925
      ],
      [
       86.869478175293,
       20.608990627768296
      ],
      [
       86.86938135640546,
       20.609984519253292
      ],
      [
       86.86966873557068,
       20.61061725902144
      ],
      [
       86.86995657717911,
       20.610707836195765
      ],
      [
       86.8701481399838,
       20.61115978222059
      ],
      [
       86.8703400097364,
       20.611250286640598
      ],
      [
       86.87033970391167,
       20.611611728015582
      ],
      [
       86.87005163049737,
       20.611792232499422
      ],
      [
       86.87005147724135,
       20.61197295317541
      ],
      [
       86.87014714456329,
       20.612334466637396
      ],
      [
       86.87062701376432,
       20.61233482644485
      ],
      [
       86.87062686118249,
       20.612515547113638
      ],
      [
       86.87053065818264,
       20.61278655625309
      ],
      [
       86.87024273581311,
       20.612786340363456
      ],
      [
       86.87024235321324,
       20.613238141997865
      ],
      [
       86.87062609824872,
       20.613419150400887
      ],
      [
       86.87110521071104,
       20.614323112106714
      ],
      [
       86.87254483708337,
       20.6143241796521
      ],
      [
       86.87263983570239,
       20.615498934497875
      ],
      [
       86.87331114347856,
       20.616131950399357
      ],
      [
       86.8735990721699,
       20.616132161210743
      ],
      [
       86.87427060916728,
       20.616494092465196
      ],
      [
       86.87455794662998,
       20.617217184097456
      ],
      [
       86.8755178626434,
       20.617037157443203
      ],
      [
       86.87561369271177,
       20.617217947150014
      ],
      [
       86.87590162346964,
       20.61721815413599
      ],
      [
       86.87638121640697,
       20.617579939256935
      ],
      [
       86.87647733927652,
       20.617399287276577
      ],
      [
       86.87676519769416,
       20.61748985312886
      ],
      [
       86.87714925099796,
       20.617309405838792
      ],
      [
       86.87734091555782,
       20.617670983397396
      ],
      [
       86.87772482439615,
       20.617671255441103
      ],
      [
       86.8777246801447,
       20.617851976047817
      ],
      [
       86.87810851754226,
       20.617942607544546
      ],
      [
       86.87820435123656,
       20.618123395814273
      ],
      [
       86.8781079423295,
       20.618665489936408
      ],
      [
       86.87772417525238,
       20.61848449814155
      ],
      [
       86.87753178635403,
       20.619026523974373
      ],
      [
       86.87705196859211,
       20.618935822940777
      ],
      [
       86.87714736681635,
       20.619658773478932
      ],
      [
       86.87695540990995,
       20.61965863690975
      ],
      [
       86.87705153342257,
       20.61947798465661
      ],
      [
       86.87666762006587,
       20.6194777110944
      ],
      [
       86.87647588199552,
       20.619206493145683
      ],
      [
       86.87609196932762,
       20.619206218308097
      ],
      [
       86.87609218860916,
       20.618935137455747
      ],
      [
       86.87590015941058,
       20.61902536000351
      ],
      [
       86.87570783670151,
       20.619477023457556
      ],
      [
       86.87532377626886,
       20.61965746746287
      ],
      [
       86.87541879927626,
       20.620832220184276
      ],
      [
       86.87503458764837,
       20.62119338401826
      ],
      [
       86.87541850528163,
       20.621193661230315
      ],
      [
       86.87551426436069,
       20.621464811175663
      ],
      [
       86.87599401593995,
       20.621645876745287
      ],
      [
       86.87589693792697,
       20.623001211582395
      ],
      [
       86.87599299163816,
       20.622910920248987
      ],
      [
       86.87628086010463,
       20.62300148690157
      ],
      [
       86.87608889901502,
       20.623001349348613
      ],
      [
       86.87618458733931,
       20.623362859117655
      ],
      [
       86.87628071410852,
       20.623182207387067
      ],
      [
       86.87656865608567,
       20.62318241331861
      ],
      [
       86.87666449120087,
       20.623363202340165
      ],
      [
       86.87704855938873,
       20.623182755471543
      ],
      [
       86.87685674338287,
       20.623001898280894
      ],
      [
       86.8769531595311,
       20.622459805164628
      ],
      [
       86.87666536444519,
       20.622278879377472
      ],
      [
       86.87676170809117,
       20.62182714658188
      ],
      [
       86.87647391441783,
       20.621646220469803
      ],
      [
       86.87637771591423,
       20.62191723260183
      ],
      [
       86.87647413305166,
       20.62137513969001
      ],
      [
       86.8762822469895,
       20.62128464210094
      ],
      [
       86.8764742788056,
       20.621194419165423
      ],
      [
       86.8766660921058,
       20.621375276804677
      ],
      [
       86.87705001021877,
       20.621375550394283
      ],
      [
       86.87705015529319,
       20.621194829865786
      ],
      [
       86.87724211412552,
       20.621194966339424
      ],
      [
       86.87705051797245,
       20.620743028528
      ],
      [
       86.87733860010141,
       20.62056251260994
      ],
      [
       86.87733881719235,
       20.620291431787344
      ],
      [
       86.87714693196783,
       20.620200935151388
      ],
      [
       86.8771470769189,
       20.62002021459768
      ],
      [
       86.87781871145074,
       20.620291771755767
      ],
      [
       86.87791490637186,
       20.62002075875259
      ],
      [
       86.878395015008,
       20.619750016266686
      ],
      [
       86.87839515848306,
       20.619569295695108
      ],
      [
       86.8786830936908,
       20.619569498069225
      ],
      [
       86.87868259271036,
       20.620202020059963
      ],
      [
       86.87849063511214,
       20.620201885192692
      ],
      [
       86.87849042006076,
       20.620472966029766
      ],
      [
       86.87897017210523,
       20.620654023359517
      ],
      [
       86.8789700293004,
       20.620834743912283
      ],
      [
       86.87916205898455,
       20.620744517974426
      ],
      [
       86.87925789566002,
       20.620925305616286
      ],
      [
       86.87992989212596,
       20.620745053194298
      ],
      [
       86.88012206258222,
       20.620474105621305
      ],
      [
       86.88040999950921,
       20.62047430512646
      ],
      [
       86.88050611947548,
       20.62029365095104
      ],
      [
       86.88079405606729,
       20.62029384981461
      ],
      [
       86.88098587337342,
       20.620474702697468
      ],
      [
       86.88146583819952,
       20.620384672252747
      ],
      [
       86.88165821493382,
       20.61984264206502
      ],
      [
       86.88223408644927,
       20.619843035464896
      ],
      [
       86.88252181429947,
       20.620114312333513
      ],
      [
       86.88252160638355,
       20.62038539321332
      ],
      [
       86.88328943781842,
       20.620385913496914
      ],
      [
       86.88328971322701,
       20.62002447231202
      ],
      [
       86.88300184613671,
       20.619933917311545
      ],
      [
       86.88281016537779,
       20.619572346046166
      ],
      [
       86.88290635102383,
       20.619301330196443
      ],
      [
       86.88319428577526,
       20.619301525051757
      ],
      [
       86.88338651744243,
       20.618940213457325
      ],
      [
       86.88329067711052,
       20.61875942804593
      ],
      [
       86.88290676546671,
       20.618759168352888
      ],
      [
       86.88290697268313,
       20.618488087418367
      ],
      [
       86.8832909524925,
       20.618397986793045
      ],
      [
       86.88319518150989,
       20.61812684100233
      ],
      [
       86.88290724896652,
       20.61812664615911
      ],
      [
       86.88290738710597,
       20.617945925523813
      ],
      [
       86.88329129671165,
       20.6179461852057
      ],
      [
       86.8830997556382,
       20.6174038935391
      ],
      [
       86.88319649054802,
       20.616409994796896
      ],
      [
       86.88415639161397,
       20.61622992007198
      ],
      [
       86.88444459322862,
       20.615868671443742
      ],
      [
       86.884732589529,
       20.615778503358957
      ],
      [
       86.88454111410972,
       20.615145852789745
      ],
      [
       86.88482917691836,
       20.614965324174456
      ],
      [
       86.88492535606215,
       20.61469430702592
      ],
      [
       86.88492603471737,
       20.613790703388318
      ],
      [
       86.8841587828134,
       20.6130673075747
      ],
      [
       86.8841589194398,
       20.612886586825635
      ],
      [
       86.88387099673471,
       20.61288639363492
      ],
      [
       86.88387085976875,
       20.613067114382137
      ],
      [
       86.88367891107416,
       20.61306698532066
      ],
      [
       86.8834871685086,
       20.612795774927495
      ],
      [
       86.88329522015654,
       20.612795645441576
      ],
      [
       86.88329535779944,
       20.612614924692394
      ],
      [
       86.88271951343128,
       20.6126145349595
      ],
      [
       86.88262340093596,
       20.61279519056236
      ],
      [
       86.88137587662439,
       20.61261361812277
      ],
      [
       86.88099191022776,
       20.612703714618707
      ],
      [
       86.8808960765898,
       20.61252292778183
      ],
      [
       86.88003238138107,
       20.61243197011045
      ],
      [
       86.87955272478413,
       20.61216055531114
      ],
      [
       86.8788809084396,
       20.612160085900527
      ],
      [
       86.8786891039868,
       20.611979230571517
      ],
      [
       86.8782091639324,
       20.612069253514996
      ],
      [
       86.87753756466351,
       20.61179769779398
      ],
      [
       86.8775378535138,
       20.61143625632634
      ],
      [
       86.87705827697447,
       20.61107447424139
      ],
      [
       86.87686662124622,
       20.6107128961388
      ],
      [
       86.87648280268604,
       20.610622261903718
      ],
      [
       86.87638712144219,
       20.610260751804304
      ],
      [
       86.87590755130057,
       20.609898966510375
      ],
      [
       86.87590769763413,
       20.609718245749903
      ],
      [
       86.87562000097601,
       20.609446957701063
      ],
      [
       86.87552505636802,
       20.60818184317727
      ],
      [
       86.87562198087646,
       20.60700722701535
      ],
      [
       86.87581399513536,
       20.60691700457524
      ],
      [
       86.87581414155612,
       20.60673628375312
      ],
      [
       86.8753344367729,
       20.60655521761214
      ],
      [
       86.87533495120782,
       20.60592269470334
      ],
      [
       86.87571912363383,
       20.60556152936451
      ],
      [
       86.87629479550867,
       20.60574266313263
      ],
      [
       86.87677471682464,
       20.605652645343458
      ],
      [
       86.87706291574156,
       20.605291408567577
      ],
      [
       86.8772548546514,
       20.60529154492665
      ],
      [
       86.8781180768335,
       20.605924678927195
      ],
      [
       86.87831008827924,
       20.605834453689518
      ],
      [
       86.87859778297992,
       20.60610573736506
      ],
      [
       86.878981591522,
       20.6061963669016
      ],
      [
       86.87974885553218,
       20.606829425556157
      ],
      [
       86.87974871374992,
       20.607010146402928
      ],
      [
       86.88003641320523,
       20.60728142767148
      ],
      [
       86.88042022555585,
       20.607372054021
      ],
      [
       86.88080368700477,
       20.607914481614056
      ],
      [
       86.88137930387056,
       20.608185958893827
      ],
      [
       86.88147499563787,
       20.608547466369046
      ],
      [
       86.88166693865641,
       20.608547597850336
      ],
      [
       86.88195457479759,
       20.6089092363198
      ],
      [
       86.88224249001054,
       20.60890943266647
      ],
      [
       86.88233825363196,
       20.609180579237947
      ],
      [
       86.8829138089522,
       20.60954241181191
      ],
      [
       86.88291360184594,
       20.609813493026838
      ],
      [
       86.88310554646002,
       20.609813622918583
      ],
      [
       86.88348909220569,
       20.610265684078026
      ],
      [
       86.88406492776325,
       20.610266071205174
      ],
      [
       86.88454445035423,
       20.610718194354554
      ],
      [
       86.8845442461196,
       20.61098927554838
      ],
      [
       86.8850239757747,
       20.61117031616362
      ],
      [
       86.8851196102342,
       20.611622181939133
      ],
      [
       86.88540732785897,
       20.61189345421264
      ],
      [
       86.88559934255494,
       20.611803220957004
      ],
      [
       86.88559947747326,
       20.61162250017236
      ],
      [
       86.88607927754538,
       20.611713177467827
      ],
      [
       86.88627075511042,
       20.612345826593856
      ],
      [
       86.88684606472171,
       20.61306908757881
      ],
      [
       86.88694170571516,
       20.61352095227783
      ],
      [
       86.88732547139114,
       20.613701923702436
      ],
      [
       86.88761293170492,
       20.614334633768202
      ],
      [
       86.8875164921787,
       20.614967093911687
      ],
      [
       86.88732447462581,
       20.615057329250764
      ],
      [
       86.8873243417177,
       20.615238049974487
      ],
      [
       86.88703641456188,
       20.615237862035798
      ],
      [
       86.88694030548162,
       20.615418520000542
      ],
      [
       86.88703594818352,
       20.615870384532816
      ],
      [
       86.8869399720694,
       20.615870321777905
      ],
      [
       86.886843862475,
       20.61605097967344
      ],
      [
       86.88684326179452,
       20.616864222793534
      ],
      [
       86.8871309922812,
       20.617135492093883
      ],
      [
       86.8873229460963,
       20.6171356173456
      ],
      [
       86.88722716874254,
       20.61686447371976
      ],
      [
       86.8873232784014,
       20.61668381562834
      ],
      [
       86.88751523165182,
       20.61668394066388
      ],
      [
       86.8876115397246,
       20.616232201356368
      ],
      [
       86.8886678048331,
       20.615510001770826
      ],
      [
       86.88876417435925,
       20.614967901373042
      ],
      [
       86.88905210102477,
       20.61496808643126
      ],
      [
       86.88905223189303,
       20.61478736569121
      ],
      [
       86.88876450237628,
       20.61451609952023
      ],
      [
       86.8890524936253,
       20.614425924199757
      ],
      [
       86.88914833808933,
       20.614606706525688
      ],
      [
       86.89001192146762,
       20.614878339455526
      ],
      [
       86.89049134688099,
       20.61551116675172
      ],
      [
       86.89039498310973,
       20.616053268104654
      ],
      [
       86.89001088353365,
       20.616324105301963
      ],
      [
       86.89001075378562,
       20.616504826015774
      ],
      [
       86.88981880074329,
       20.616504703752845
      ],
      [
       86.8894343729395,
       20.61722734139087
      ],
      [
       86.8884739453871,
       20.61813032811294
      ],
      [
       86.88847302434199,
       20.619395372700176
      ],
      [
       86.88885641312423,
       20.620118502582834
      ],
      [
       86.88895199883319,
       20.62066072615851
      ],
      [
       86.88923980551331,
       20.620841631570997
      ],
      [
       86.88923967482447,
       20.621022352185697
      ],
      [
       86.889623527107,
       20.621112958143197
      ],
      [
       86.88962326662968,
       20.621474399362178
      ],
      [
       86.89010277577675,
       20.6220168670419
      ],
      [
       86.8902947357286,
       20.622016989020548
      ],
      [
       86.89048650184284,
       20.622288191681132
      ],
      [
       86.89077444228496,
       20.622288373932
      ],
      [
       86.89096620958877,
       20.62255957605705
      ],
      [
       86.89125408638402,
       20.6226501178068
      ],
      [
       86.89125382973378,
       20.62301155898131
      ],
      [
       86.8914457909398,
       20.623011679686794
      ],
      [
       86.89144566283913,
       20.62319240026954
      ],
      [
       86.89192556642648,
       20.623192701103125
      ],
      [
       86.89211727324405,
       20.62355426222553
      ],
      [
       86.89394041062309,
       20.624278273554907
      ],
      [
       86.89490022469036,
       20.624278860060762
      ],
      [
       86.89518804522433,
       20.624459755551158
      ],
      [
       86.89672356680624,
       20.62473176119351
      ],
      [
       86.89691534771644,
       20.6250029566983
      ],
      [
       86.89739519651641,
       20.625093602652658
      ],
      [
       86.8978746240383,
       20.625816769271086
      ],
      [
       86.89787438297272,
       20.62617821039049
      ],
      [
       86.8976824177574,
       20.626178096810232
      ],
      [
       86.89768229699611,
       20.626358817363176
      ],
      [
       86.89749033155552,
       20.62635870356854
      ],
      [
       86.89652989374892,
       20.62726173407124
      ],
      [
       86.89595380984301,
       20.627532468970827
      ],
      [
       86.89566542845976,
       20.628164817087963
      ],
      [
       86.89470546572207,
       20.628344955222484
      ],
      [
       86.89422535865923,
       20.628615742770155
      ],
      [
       86.89336143861026,
       20.628705571913166
      ],
      [
       86.8932653284406,
       20.628886233110133
      ],
      [
       86.89307335985832,
       20.62888611439381
      ],
      [
       86.89297718606834,
       20.62915713565787
      ],
      [
       86.89249720032011,
       20.629247197893605
      ],
      [
       86.89240102528174,
       20.629518218820078
      ],
      [
       86.89172874906022,
       20.630059960339768
      ],
      [
       86.89096080453083,
       20.630149837554885
      ],
      [
       86.89096061144794,
       20.63042091819939
      ],
      [
       86.89076864095587,
       20.63042079691333
      ],
      [
       86.89076851200561,
       20.630601517337126
      ],
      [
       86.89038444116744,
       20.63078199454035
      ],
      [
       86.89038424705748,
       20.631053075159805
      ],
      [
       86.89000030449665,
       20.631052831086134
      ]
     ],
     [
      [
       86.89144169103601,
       20.628794736460634
      ],
      [
       86.89192161218206,
       20.6287950373832
      ],
      [
       86.89201785133797,
       20.628433656465806
      ],
      [
       86.89173002712876,
       20.6282527557608
      ],
      [
       86.89153850743511,
       20.627620113654004
      ],
      [
       86.89105871856563,
       20.62743909119567
      ],
      [
       86.89096254213678,
       20.627710111371698
      ],
      [
       86.89115444499318,
       20.627800592668965
      ],
      [
       86.89115412379803,
       20.628252393864116
      ],
      [
       86.8913460274468,
       20.628342874946433
      ],
      [
       86.89144169103601,
       20.628794736460634
      ]
     ],
     [
      [
       86.88673986799208,
       20.626894152087463
      ],
      [
       86.88683598458046,
       20.626713494508465
      ],
      [
       86.88654810280896,
       20.626622945416933
      ],
      [
       86.88654803585624,
       20.626713305655993
      ],
      [
       86.88673986799208,
       20.626894152087463
      ]
     ],
     [
      [
       86.88722044865752,
       20.625990863609474
      ],
      [
       86.88770042721666,
       20.62590081596845
      ],
      [
       86.88770115616492,
       20.624906853153824
      ],
      [
       86.88789311972367,
       20.6249069778171
      ],
      [
       86.88789325202855,
       20.62472625729188
      ],
      [
       86.88904503205147,
       20.624727000785537
      ],
      [
       86.88914114455326,
       20.624546341860093
      ],
      [
       86.88952513597553,
       20.62445622749852
      ],
      [
       86.88962170364825,
       20.623643046358794
      ],
      [
       86.88904581769546,
       20.623642677512343
      ],
      [
       86.88875800599935,
       20.62346177181235
      ],
      [
       86.88856650449267,
       20.6228291261432
      ],
      [
       86.88866268204563,
       20.622558107153306
      ],
      [
       86.88885464266652,
       20.622558230734857
      ],
      [
       86.88885483939673,
       20.622287149863073
      ],
      [
       86.88856689897558,
       20.622286964413437
      ],
      [
       86.8884706556222,
       20.62264834364604
      ],
      [
       86.88818271452574,
       20.622648157553108
      ],
      [
       86.88818297841898,
       20.622286716400886
      ],
      [
       86.88779925646384,
       20.622015386664813
      ],
      [
       86.88770347525933,
       20.621744243437913
      ],
      [
       86.88751151566623,
       20.6217441185822
      ],
      [
       86.88712786285498,
       20.621382427054158
      ],
      [
       86.88684059175209,
       20.62047863573526
      ],
      [
       86.88636069675188,
       20.62047832081819
      ],
      [
       86.88588059978568,
       20.620749085469114
      ],
      [
       86.88607235648232,
       20.621020293024763
      ],
      [
       86.88588033048062,
       20.621110526656814
      ],
      [
       86.88578408154974,
       20.6214719044162
      ],
      [
       86.88607121380272,
       20.622556417930234
      ],
      [
       86.88626290597645,
       20.622917985507694
      ],
      [
       86.88645486703257,
       20.62291811175732
      ],
      [
       86.88645473304298,
       20.623098832311342
      ],
      [
       86.88607060881247,
       20.623369660416756
      ],
      [
       86.88607040714255,
       20.6236407412286
      ],
      [
       86.88635841713804,
       20.623550570579617
      ],
      [
       86.88635828303015,
       20.623731291119817
      ],
      [
       86.88655017816514,
       20.623821777537525
      ],
      [
       86.88674160571951,
       20.624544785598367
      ],
      [
       86.88654917400369,
       20.62517718146348
      ],
      [
       86.88674087055674,
       20.625538748421675
      ],
      [
       86.88712466602975,
       20.625719720179582
      ],
      [
       86.88722044865752,
       20.625990863609474
      ]
     ],
     [
      [
       86.87119191565279,
       20.625347135249108
      ],
      [
       86.87128782169621,
       20.625437566981436
      ],
      [
       86.8712878976495,
       20.625347206780162
      ],
      [
       86.87119191565279,
       20.625347135249108
      ]
     ],
     [
      [
       86.87532009830726,
       20.624175480049608
      ],
      [
       86.87541630012059,
       20.623904468593942
      ],
      [
       86.8757043167875,
       20.623814315740166
      ],
      [
       86.87560855592628,
       20.623543165964556
      ],
      [
       86.87532053971479,
       20.623633318663867
      ],
      [
       86.87532009830726,
       20.624175480049608
      ]
     ],
     [
      [
       86.87733708036683,
       20.622460078130143
      ],
      [
       86.87752904078704,
       20.62246021429302
      ],
      [
       86.87752911304598,
       20.622369854038947
      ],
      [
       86.87724124501459,
       20.62227928946159
      ],
      [
       86.87733708036683,
       20.622460078130143
      ]
     ],
     [
      [
       86.87762523760351,
       20.622189201528467
      ],
      [
       86.8779132497595,
       20.622099044951877
      ],
      [
       86.87781748603553,
       20.621827896332345
      ],
      [
       86.87752954659149,
       20.621827692494684
      ],
      [
       86.87762523760351,
       20.622189201528467
      ]
     ],
     [
      [
       86.87561002377635,
       20.621735961061177
      ],
      [
       86.87580198327643,
       20.621736099138058
      ],
      [
       86.87580205655154,
       20.62164573888231
      ],
      [
       86.87561017055269,
       20.62155524055005
      ],
      [
       86.87561002377635,
       20.621735961061177
      ]
     ],
     [
      [
       86.86898788577294,
       20.621188905418506
      ],
      [
       86.86908378791824,
       20.621279338396793
      ],
      [
       86.86908386515512,
       20.621188978159985
      ],
      [
       86.86898788577294,
       20.621188905418506
      ]
     ],
     [
      [
       86.87090747349502,
       20.621190350119324
      ],
      [
       86.87148334984366,
       20.621190779371425
      ],
      [
       86.87148350148496,
       20.621010058877786
      ],
      [
       86.87100360509298,
       20.62100970130439
      ],
      [
       86.87090747349502,
       20.621190350119324
      ]
     ],
     [
      [
       86.87148365312463,
       20.620829338380375
      ],
      [
       86.87157955652799,
       20.620919769983963
      ],
      [
       86.871579632291,
       20.620829409734444
      ],
      [
       86.87148365312463,
       20.620829338380375
      ]
     ],
     [
      [
       86.87129177072558,
       20.62073883526287
      ],
      [
       86.87138767395867,
       20.620829266972994
      ],
      [
       86.87138774983451,
       20.620738906723208
      ],
      [
       86.87129177072558,
       20.62073883526287
      ]
     ],
     [
      [
       86.88271342585405,
       20.62056624418712
      ],
      [
       86.88280933575916,
       20.620656669593576
      ],
      [
       86.8828094048961,
       20.62056630930315
      ],
      [
       86.88271342585405,
       20.62056624418712
      ]
     ],
     [
      [
       86.88328971322701,
       20.62002447231202
      ],
      [
       86.8835777180231,
       20.61993430623559
      ],
      [
       86.88357785538474,
       20.61975358563373
      ],
      [
       86.8834820143227,
       20.619572800341928
      ],
      [
       86.88309816960029,
       20.61948218076149
      ],
      [
       86.88328971322701,
       20.62002447231202
      ]
     ],
     [
      [
       86.88329019517782,
       20.619391950202115
      ],
      [
       86.88338610469364,
       20.619482375298837
      ],
      [
       86.88338617348603,
       20.619392014994276
      ],
      [
       86.88329019517782,
       20.619391950202115
      ]
     ],
     [
      [
       86.87494037890859,
       20.619024668118783
      ],
      [
       86.87513233500584,
       20.61902480692216
      ],
      [
       86.87513277695767,
       20.618482645217398
      ],
      [
       86.87494082153982,
       20.618482506417998
      ],
      [
       86.87494037890859,
       20.619024668118783
      ]
     ],
     [
      [
       86.88357867952347,
       20.61866926194329
      ],
      [
       86.8836745201403,
       20.61885004719821
      ],
      [
       86.88367465737984,
       20.61866932657308
      ],
      [
       86.88357867952347,
       20.61866926194329
      ]
     ],
     [
      [
       86.88540219125674,
       20.618760841113026
      ],
      [
       86.88578610293867,
       20.618761095262567
      ],
      [
       86.8859781260426,
       20.618670861697158
      ],
      [
       86.88597826056309,
       20.618490141053602
      ],
      [
       86.88617021606798,
       20.618490267593533
      ],
      [
       86.88626605964016,
       20.61867105142891
      ],
      [
       86.886458149328,
       20.618490457003666
      ],
      [
       86.88636257376835,
       20.617948231959677
      ],
      [
       86.88617075322966,
       20.617767384976705
      ],
      [
       86.88588282133162,
       20.6177671950941
      ],
      [
       86.88559468698487,
       20.618038085714744
      ],
      [
       86.88559455201506,
       20.618218806365327
      ],
      [
       86.88492264107671,
       20.61830872063222
      ],
      [
       86.88492250531212,
       20.61848944127288
      ],
      [
       86.8853064163074,
       20.61848969648483
      ],
      [
       86.88540219125674,
       20.618760841113026
      ]
     ],
     [
      [
       86.88348277039991,
       20.618578836946842
      ],
      [
       86.88357867952347,
       20.61866926194329
      ],
      [
       86.8835787481993,
       20.618578901629622
      ],
      [
       86.88348277039991,
       20.618578836946842
      ]
     ],
     [
      [
       86.88463477622537,
       20.618218168344594
      ],
      [
       86.88482666344203,
       20.618308656696588
      ],
      [
       86.8848267313804,
       20.61821829637515
      ],
      [
       86.88463477622537,
       20.618218168344594
      ]
     ],
     [
      [
       86.88329129671165,
       20.6179461852057
      ],
      [
       86.88338720532751,
       20.61803661031259
      ],
      [
       86.88338727411399,
       20.617946249992926
      ],
      [
       86.88329129671165,
       20.6179461852057
      ]
     ],
     [
      [
       86.86822378207162,
       20.616851029240507
      ],
      [
       86.86860768871901,
       20.616851321525534
      ],
      [
       86.86870382026747,
       20.61667067389923
      ],
      [
       86.8685123324946,
       20.61612836625983
      ],
      [
       86.86793631945945,
       20.616308647779547
      ],
      [
       86.86822378207162,
       20.616851029240507
      ]
     ],
     [
      [
       86.86736061801199,
       20.616127486240487
      ],
      [
       86.86745651604058,
       20.61621792015231
      ],
      [
       86.86745659421656,
       20.616127559868552
      ],
      [
       86.86736061801199,
       20.616127486240487
      ]
     ],
     [
      [
       86.86697671319787,
       20.616127191195254
      ],
      [
       86.86707347340175,
       20.61522366216107
      ],
      [
       86.86678586076034,
       20.61486199931563
      ],
      [
       86.86678570362727,
       20.61504271990371
      ],
      [
       86.86659383126292,
       20.614952211563757
      ],
      [
       86.86640172274676,
       20.615132783887567
      ],
      [
       86.86649754084922,
       20.615313578624992
      ],
      [
       86.86630551061636,
       20.615403790544047
      ],
      [
       86.86630527405943,
       20.615674871402447
      ],
      [
       86.86649714715372,
       20.615765380059205
      ],
      [
       86.86649738337229,
       20.615494299201508
      ],
      [
       86.86678538935605,
       20.615404161068536
      ],
      [
       86.8668811295672,
       20.615675315878317
      ],
      [
       86.86668909910287,
       20.61576552821853
      ],
      [
       86.86668886322013,
       20.616036609069848
      ],
      [
       86.86697671319787,
       20.616127191195254
      ]
     ],
     [
      [
       86.88684406269539,
       20.615779898616417
      ],
      [
       86.8869399720694,
       20.615870321777905
      ],
      [
       86.88694003875256,
       20.615779961424323
      ],
      [
       86.88684406269539,
       20.615779898616417
      ]
     ],
     [
      [
       86.86707300300621,
       20.615765823897664
      ],
      [
       86.8672649549604,
       20.615765971417463
      ],
      [
       86.86726518982044,
       20.615494890551307
      ],
      [
       86.86716921401295,
       20.61549481681911
      ],
      [
       86.86707300300621,
       20.615765823897664
      ]
     ],
     [
      [
       86.86736100916863,
       20.615675684809297
      ],
      [
       86.86745690691629,
       20.615766118724085
      ],
      [
       86.86745698509019,
       20.615675758435604
      ],
      [
       86.86736100916863,
       20.615675684809297
      ]
     ],
     [
      [
       86.86620985049943,
       20.615042275122928
      ],
      [
       86.86649785579802,
       20.61495213746063
      ],
      [
       86.86649793453415,
       20.614861777167174
      ],
      [
       86.86611411186726,
       20.61477111993018
      ],
      [
       86.86620985049943,
       20.615042275122928
      ]
     ],
     [
      [
       86.86553921136384,
       20.61368634935373
      ],
      [
       86.86563510679206,
       20.613776784287328
      ],
      [
       86.8656351860321,
       20.61368642398479
      ],
      [
       86.86553921136384,
       20.61368634935373
      ]
     ],
     [
      [
       86.8624709417977,
       20.6104309619314
      ],
      [
       86.86266296801084,
       20.610340754198173
      ],
      [
       86.86266312996658,
       20.610160033542726
      ],
      [
       86.86237537491812,
       20.609979083919434
      ],
      [
       86.86237561835513,
       20.609708002926805
      ],
      [
       86.86208778318043,
       20.609617413154854
      ],
      [
       86.86208737660328,
       20.610069214803758
      ],
      [
       86.8624709417977,
       20.6104309619314
      ]
     ],
     [
      [
       86.86640660714892,
       20.609530444047227
      ],
      [
       86.86659855128698,
       20.609530592264335
      ],
      [
       86.86659862994115,
       20.609440231913883
      ],
      [
       86.86640676468318,
       20.6093497233468
      ],
      [
       86.86640660714892,
       20.609530444047227
      ]
     ],
     [
      [
       86.87092026273862,
       20.606009815831754
      ],
      [
       86.87101676485906,
       20.605377364607005
      ],
      [
       86.8706329631772,
       20.60528671741709
      ],
      [
       86.87053684111861,
       20.60546736640427
      ],
      [
       86.87082467359551,
       20.605557942138347
      ],
      [
       86.87092026273862,
       20.606009815831754
      ]
     ],
     [
      [
       86.86449084077385,
       20.60537237341807
      ],
      [
       86.86458665058478,
       20.60555316937224
      ],
      [
       86.86458681023154,
       20.60537244860228
      ],
      [
       86.86449084077385,
       20.60537237341807
      ]
     ],
     [
      [
       86.86439503118791,
       20.605191577408295
      ],
      [
       86.86449084077385,
       20.60537237341807
      ],
      [
       86.86449100053203,
       20.60519165264506
      ],
      [
       86.86439503118791,
       20.605191577408295
      ]
     ],
     [
      [
       86.87284190908889,
       20.6033004253665
      ],
      [
       86.87303392031012,
       20.60321020595937
      ],
      [
       86.87303406997935,
       20.603029485079166
      ],
      [
       86.87284205898516,
       20.603119704489526
      ],
      [
       86.87284190908889,
       20.6033004253665
      ]
     ],
     [
      [
       86.87389770788378,
       20.603120477519404
      ],
      [
       86.8739936016987,
       20.603210907918285
      ],
      [
       86.87399367596788,
       20.603120547475296
      ],
      [
       86.87389770788378,
       20.603120477519404
      ]
     ],
     [
      [
       86.86919612030212,
       20.602123019690808
      ],
      [
       86.86938813216578,
       20.602032804323077
      ],
      [
       86.8693882861231,
       20.601852083444264
      ],
      [
       86.86977200171326,
       20.60203309382314
      ],
      [
       86.86967641836758,
       20.60158121931872
      ],
      [
       86.86938867100915,
       20.601400281230724
      ],
      [
       86.86929239588498,
       20.601761650496336
      ],
      [
       86.8691005386012,
       20.601671144881603
      ],
      [
       86.8691003843062,
       20.601851865762107
      ],
      [
       86.86890844976367,
       20.6018517203744
      ],
      [
       86.86919612030212,
       20.602123019690808
      ]
     ]
    ]
   },
   "properties": {
    "id": "P07",
    "area_ha": 419.94999999976307,
    "quality": 0.9812804147705803,
    "confidence": 0.9812804147705803,
    "habitat_class": "mangrove",
    "name": null,
    "protected": false,
    "perimeter_km": 38.63302279364733,
    "bbox": [
     20.599862987140707,
     86.85939965247616,
     20.631053075159805,
     86.8978746240383
    ],
    "extra": {
     "pixel_count": 41995,
     "label_value": 301,
     "centroid_pixel": [
      1014.1879271341826,
      2472.151970472675
     ]
    },
    "centroid_lat": 20.616708446805216,
    "centroid_lon": 86.87731173453055,
    "criticality_rank": 12,
    "criticality_score": 0.01669504889333385,
    "delta_connectivity": 0.00014787045693460954,
    "delta_pct": 1.669504889333385,
    "degree": 5,
    "is_cut_vertex": false,
    "component_count_after": 4,
    "rank_by_area": 7,
    "criticality_level": "low"
   }
  },
  {
   "type": "Feature",
   "id": "P08",
   "geometry": {
    "type": "Polygon",
    "coordinates": [
     [
      [
       87.01363810469705,
       20.721989370112688
      ],
      [
       87.01354204564421,
       20.721808658861352
      ],
      [
       87.01306182352211,
       20.721718336555778
      ],
      [
       87.01286971498638,
       20.721447272762934
      ],
      [
       87.01258158704421,
       20.721447294065925
      ],
      [
       87.0124855295864,
       20.72126658221272
      ],
      [
       87.01219740198555,
       20.721266602872408
      ],
      [
       87.01210134509735,
       20.721085890800722
      ],
      [
       87.01181321783781,
       20.721085910817116
      ],
      [
       87.01066067086026,
       20.720543829480793
      ],
      [
       87.01066065821517,
       20.720363110613658
      ],
      [
       87.01027647816706,
       20.720182415107473
      ],
      [
       87.00998832891968,
       20.719820994314357
      ],
      [
       87.00950810952607,
       20.719640302627244
      ],
      [
       87.00921995765881,
       20.719188521077218
      ],
      [
       87.0090278752094,
       20.719188531258574
      ],
      [
       87.00873973598634,
       20.718917467782386
      ],
      [
       87.00825953071624,
       20.71891749149388
      ],
      [
       87.00749117562839,
       20.718375369925926
      ],
      [
       87.00749116230153,
       20.71810429155318
      ],
      [
       87.00729907688975,
       20.718013940345436
      ],
      [
       87.00720301504836,
       20.71756214707903
      ],
      [
       87.00701093049085,
       20.717471795543826
      ],
      [
       87.00672277817006,
       20.716748931280346
      ],
      [
       87.00633860438538,
       20.716387507952533
      ],
      [
       87.00624255011961,
       20.716026073545326
      ],
      [
       87.00585838276992,
       20.71575500859919
      ],
      [
       87.00585837582278,
       20.715574289629398
      ],
      [
       87.0055702556774,
       20.71548393970633
      ],
      [
       87.00557024246675,
       20.715122501751406
      ],
      [
       87.00518608166541,
       20.714941794768855
      ],
      [
       87.00518606936625,
       20.71458035679096
      ],
      [
       87.00499398384105,
       20.714309283976245
      ],
      [
       87.00480190753998,
       20.71430928944062
      ],
      [
       87.00470585543955,
       20.713857494584218
      ],
      [
       87.00432169885161,
       20.713676785645546
      ],
      [
       87.00432169372732,
       20.713496066631734
      ],
      [
       87.0038415032588,
       20.713405718506984
      ],
      [
       87.00384149187175,
       20.712953920950852
      ],
      [
       87.00355337998181,
       20.712953927138013
      ],
      [
       87.00336130140306,
       20.712773211965768
      ],
      [
       87.00336129741771,
       20.7125924929328
      ],
      [
       87.00297714384708,
       20.712321421447037
      ],
      [
       87.00288110011707,
       20.711959984991974
      ],
      [
       87.00249694751432,
       20.711598552887214
      ],
      [
       87.00249694307382,
       20.711327474299175
      ],
      [
       87.00211279172365,
       20.7108756817755
      ],
      [
       87.00192070950216,
       20.71006244816689
      ],
      [
       87.00172863752738,
       20.70997209065763
      ],
      [
       87.00172863445349,
       20.709701012018293
      ],
      [
       87.00153656304794,
       20.70961065429096
      ],
      [
       87.00124845081665,
       20.708797420642888
      ],
      [
       87.00115240725918,
       20.70762274698655
      ],
      [
       87.00134447433885,
       20.707532386024003
      ],
      [
       87.00144050480523,
       20.70717094695743
      ],
      [
       87.00192067307346,
       20.707170942271613
      ],
      [
       87.00220877141624,
       20.70699021966686
      ],
      [
       87.00268894070865,
       20.707080572414775
      ],
      [
       87.00326513648318,
       20.706809483724136
      ],
      [
       87.00364927018653,
       20.70680947601277
      ],
      [
       87.0037453102713,
       20.707080552680885
      ],
      [
       87.00480167698677,
       20.706990166891668
      ],
      [
       87.00499374998482,
       20.707170880579476
      ],
      [
       87.00547391825101,
       20.707170865986505
      ],
      [
       87.0057620294553,
       20.707441935305763
      ],
      [
       87.00653029617553,
       20.707351548315167
      ],
      [
       87.00672237167734,
       20.70753226006683
      ],
      [
       87.007874778243,
       20.707532211226297
      ],
      [
       87.0085470255358,
       20.707712898312078
      ],
      [
       87.0090271901552,
       20.707622514243145
      ],
      [
       87.00969944495876,
       20.70789355639384
      ],
      [
       87.01027564960299,
       20.707893522975997
      ],
      [
       87.01075583926337,
       20.708164572346572
      ],
      [
       87.01104394209679,
       20.708164554111097
      ],
      [
       87.01113998957965,
       20.708345267048205
      ],
      [
       87.01190827176895,
       20.708435575194606
      ],
      [
       87.01248451545538,
       20.70888733216838
      ],
      [
       87.01382905908433,
       20.709519746299346
      ],
      [
       87.01402115427751,
       20.709790809404293
      ],
      [
       87.01450133937799,
       20.70988112917989
      ],
      [
       87.01488551610217,
       20.710242534565516
      ],
      [
       87.01488553374912,
       20.710423253641956
      ],
      [
       87.01546179376925,
       20.710875000539083
      ],
      [
       87.01555787586462,
       20.711326789538127
      ],
      [
       87.01603813326327,
       20.712049621669923
      ],
      [
       87.01623030292647,
       20.712953198820763
      ],
      [
       87.01642239698312,
       20.71313389962573
      ],
      [
       87.01661454074528,
       20.713766397731433
      ],
      [
       87.01661459984709,
       20.714308554723125
      ],
      [
       87.01680671599748,
       20.714669974055127
      ],
      [
       87.01680684554115,
       20.71584464736968
      ],
      [
       87.01709506424717,
       20.71674821374786
      ],
      [
       87.01709518589053,
       20.717832527319175
      ],
      [
       87.01690314525042,
       20.718193984114425
      ],
      [
       87.01671119289091,
       20.719368675703187
      ],
      [
       87.01651912981308,
       20.719549413127737
      ],
      [
       87.01613511712141,
       20.720995200501974
      ],
      [
       87.01594304185508,
       20.72108557782689
      ],
      [
       87.01594306076655,
       20.721266296674976
      ],
      [
       87.01498269764899,
       20.721898898899294
      ],
      [
       87.01363810469705,
       20.721989370112688
      ]
     ]
    ]
   },
   "properties": {
    "id": "P08",
    "area_ha": 169.98999999999037,
    "quality": 0.9970521400084081,
    "confidence": 0.9970521400084081,
    "habitat_class": "mangrove",
    "name": null,
    "protected": false,
    "perimeter_km": 5.5466992799396975,
    "bbox": [
     20.70680947601277,
     87.00115240725918,
     20.721989370112688,
     87.01709518589053
    ],
    "extra": {
     "pixel_count": 16999,
     "label_value": 70,
     "centroid_pixel": [
      2397.212012471322,
      1398.656215071475
     ]
    },
    "centroid_lat": 20.713752790183815,
    "centroid_lon": 87.01005631129517,
    "criticality_rank": 14,
    "criticality_score": 0.007885528371120198,
    "delta_connectivity": 6.984326256594293e-05,
    "delta_pct": 0.7885528371120198,
    "degree": 1,
    "is_cut_vertex": false,
    "component_count_after": 4,
    "rank_by_area": 8,
    "criticality_level": "low"
   }
  },
  {
   "type": "Feature",
   "id": "P09",
   "geometry": {
    "type": "Polygon",
    "coordinates": [
     [
      [
       86.91371015812403,
       20.798231226273007
      ],
      [
       86.91313397389251,
       20.797598425763514
      ],
      [
       86.91217317196927,
       20.797417219619135
      ],
      [
       86.91159699724543,
       20.796784413922765
      ],
      [
       86.90977144592917,
       20.79651238813693
      ],
      [
       86.90881098075359,
       20.795789012027925
      ],
      [
       86.90852271226548,
       20.795788858611537
      ],
      [
       86.90775427093534,
       20.79533665449205
      ],
      [
       86.90487176477374,
       20.79506400524702
      ],
      [
       86.90391127499869,
       20.79443096024903
      ],
      [
       86.90391173266708,
       20.7937080919765
      ],
      [
       86.9042001682705,
       20.79343717750261
      ],
      [
       86.90458457705768,
       20.793347033065153
      ],
      [
       86.9045846906684,
       20.793166315976354
      ],
      [
       86.90516133054288,
       20.7929859184206
      ],
      [
       86.90717922781512,
       20.792896662994572
      ],
      [
       86.90814021381242,
       20.79271646283665
      ],
      [
       86.91083066530705,
       20.792717881689523
      ],
      [
       86.91121512125127,
       20.7925373638042
      ],
      [
       86.91246431016069,
       20.79244764684576
      ],
      [
       86.91390562105023,
       20.792448375869615
      ],
      [
       86.9141937299873,
       20.792719595948686
      ],
      [
       86.91457808025801,
       20.792719787668158
      ],
      [
       86.91467426942013,
       20.792539118311087
      ],
      [
       86.91505861923864,
       20.792539308952886
      ],
      [
       86.91515480771459,
       20.792358639320348
      ],
      [
       86.91640414223426,
       20.791997817916943
      ],
      [
       86.92120849834583,
       20.79200009059987
      ],
      [
       86.92120840453475,
       20.792180807793322
      ],
      [
       86.92178492799744,
       20.79218107148086
      ],
      [
       86.92188092223084,
       20.792361832433084
      ],
      [
       86.9220730969497,
       20.792361919791844
      ],
      [
       86.92207300416628,
       20.792542636981437
      ],
      [
       86.92236126658963,
       20.792542767617366
      ],
      [
       86.92313014944506,
       20.792181679220946
      ],
      [
       86.92303424547103,
       20.791820201754167
      ],
      [
       86.92322651091601,
       20.791639570609735
      ],
      [
       86.92399520616395,
       20.791639912716054
      ],
      [
       86.92418751537049,
       20.79136892187694
      ],
      [
       86.92668598879607,
       20.79091821404367
      ],
      [
       86.92899202153767,
       20.79100954214818
      ],
      [
       86.92918406810931,
       20.791280697409583
      ],
      [
       86.92966450156598,
       20.791280894950763
      ],
      [
       86.93033727429047,
       20.790919734745714
      ],
      [
       86.93081770661655,
       20.79091992905586
      ],
      [
       86.93120197057351,
       20.79110080079278
      ],
      [
       86.93206679025097,
       20.791010786599635
      ],
      [
       86.93273931585891,
       20.79119176874213
      ],
      [
       86.93312350318416,
       20.791553353434306
      ],
      [
       86.93427654565564,
       20.79155379881605
      ],
      [
       86.93418026286902,
       20.792005555126494
      ],
      [
       86.93389196203611,
       20.7920958029658
      ],
      [
       86.93350737566672,
       20.79263780621224
      ],
      [
       86.93360330511264,
       20.79299927786605
      ],
      [
       86.93321895396373,
       20.79299912874868
      ],
      [
       86.93312266710113,
       20.79345088437887
      ],
      [
       86.93196961024512,
       20.79345043120628
      ],
      [
       86.93168126468791,
       20.793631033908316
      ],
      [
       86.93052824785858,
       20.793540212448068
      ],
      [
       86.93014381218536,
       20.79372077363844
      ],
      [
       86.92851035474246,
       20.793629742402725
      ],
      [
       86.92831796500471,
       20.794081455211604
      ],
      [
       86.92812578808106,
       20.7940813748386
      ],
      [
       86.92802961392063,
       20.794262051749524
      ],
      [
       86.92726090532172,
       20.79426172767217
      ],
      [
       86.92706859790785,
       20.79453272186914
      ],
      [
       86.92649193414309,
       20.794803551644794
      ],
      [
       86.9262037113361,
       20.794713069354263
      ],
      [
       86.92601144551669,
       20.794893703768125
      ],
      [
       86.92524268924268,
       20.79498372921707
      ],
      [
       86.92418543911914,
       20.795525416962928
      ],
      [
       86.9232244997442,
       20.79561534834537
      ],
      [
       86.92303222924345,
       20.795795979388195
      ],
      [
       86.9217830187228,
       20.795885773159974
      ],
      [
       86.92139856676079,
       20.796066314661875
      ],
      [
       86.9211101097543,
       20.796427616598873
      ],
      [
       86.92053357016917,
       20.796427350592857
      ],
      [
       86.91966837813615,
       20.797149816303424
      ],
      [
       86.91909183582747,
       20.797149545444814
      ],
      [
       86.91889975164509,
       20.796968737649465
      ],
      [
       86.91755443881021,
       20.797058455149564
      ],
      [
       86.91697764969116,
       20.797509969853024
      ],
      [
       86.91678527026448,
       20.79787131087876
      ],
      [
       86.91649714693422,
       20.79760009526349
      ],
      [
       86.91630496560867,
       20.79760000163912
      ],
      [
       86.91582426167027,
       20.798051559257836
      ],
      [
       86.9150554329315,
       20.798231897485085
      ],
      [
       86.91371015812403,
       20.798231226273007
      ]
     ]
    ]
   },
   "properties": {
    "id": "P09",
    "area_ha": 127.72000000002843,
    "quality": 0.9918155110614112,
    "confidence": 0.9918155110614112,
    "habitat_class": "mangrove",
    "name": null,
    "protected": false,
    "perimeter_km": 7.240727428598733,
    "bbox": [
     20.79091821404367,
     86.90391127499869,
     20.798231897485085,
     86.93427654565564
    ],
    "extra": {
     "pixel_count": 12772,
     "label_value": 5,
     "centroid_pixel": [
      1444.362668336987,
      509.1990291262136
     ]
    },
    "centroid_lat": 20.7941042708555,
    "centroid_lon": 86.91850373252772,
    "criticality_rank": 15,
    "criticality_score": 0.0062915375736201104,
    "delta_connectivity": 5.572505607958668e-05,
    "delta_pct": 0.6291537573620111,
    "degree": 3,
    "is_cut_vertex": false,
    "component_count_after": 4,
    "rank_by_area": 9,
    "criticality_level": "low"
   }
  },
  {
   "type": "Feature",
   "id": "P10",
   "geometry": {
    "type": "Polygon",
    "coordinates": [
     [
      [
       86.90676274696001,
       20.688531639694283
      ],
      [
       86.90637871522495,
       20.688441071824645
      ],
      [
       86.9063789369444,
       20.688079633219125
      ],
      [
       86.90599507354482,
       20.687717985530792
      ],
      [
       86.9059952405099,
       20.687446906558332
      ],
      [
       86.90580325406376,
       20.68735644204613
      ],
      [
       86.90580347713329,
       20.686995003401144
      ],
      [
       86.90561160312878,
       20.686723819344152
      ],
      [
       86.9056118266447,
       20.68636238067465
      ],
      [
       86.90580386749346,
       20.68636248573596
      ],
      [
       86.90580397902224,
       20.68618176639453
      ],
      [
       86.90609203995656,
       20.686181923583792
      ],
      [
       86.90628424701923,
       20.685910949086193
      ],
      [
       86.9062843579766,
       20.685730229732805
      ],
      [
       86.90609231792065,
       20.685730125209915
      ],
      [
       86.90609265146773,
       20.68518796713001
      ],
      [
       86.90638071052895,
       20.685188123829633
      ],
      [
       86.90628502369584,
       20.68464591353295
      ],
      [
       86.90590100201553,
       20.684555344596678
      ],
      [
       86.90494069660787,
       20.684735537106476
      ],
      [
       86.90465241264481,
       20.685096816731193
      ],
      [
       86.90417231452219,
       20.68509655048486
      ],
      [
       86.90407640846524,
       20.684915777716267
      ],
      [
       86.90369233042856,
       20.684915563544465
      ],
      [
       86.90350040565956,
       20.68473473677804
      ],
      [
       86.90330819515887,
       20.685005708194712
      ],
      [
       86.90311615603115,
       20.685005600359446
      ],
      [
       86.90321183182002,
       20.685547812349586
      ],
      [
       86.90369187433573,
       20.68563844094906
      ],
      [
       86.90340347134162,
       20.68618043776152
      ],
      [
       86.90349926312938,
       20.686541930203564
      ],
      [
       86.90330716482434,
       20.68663218223438
      ],
      [
       86.9033070503366,
       20.68681290155318
      ],
      [
       86.90349914886961,
       20.686722649525286
      ],
      [
       86.90349903460863,
       20.686903368843225
      ],
      [
       86.90301898823488,
       20.686812739704656
      ],
      [
       86.90292285259117,
       20.68699340496112
      ],
      [
       86.90263490543691,
       20.686812523157695
      ],
      [
       86.90244274852755,
       20.686993133873635
      ],
      [
       86.90225105411935,
       20.68645086712476
      ],
      [
       86.90196287663179,
       20.6866314228294
      ],
      [
       86.90196276055235,
       20.686812142140973
      ],
      [
       86.90177071915956,
       20.686812032797604
      ],
      [
       86.90157902736686,
       20.686269765300406
      ],
      [
       86.9012909663051,
       20.686269600567876
      ],
      [
       86.90129108317662,
       20.686088881248583
      ],
      [
       86.9010029638526,
       20.68617907569552
      ],
      [
       86.90109910124669,
       20.685998411499938
      ],
      [
       86.90081121685785,
       20.685727166982435
      ],
      [
       86.90071566703904,
       20.685004234365994
      ],
      [
       86.90052368681435,
       20.68491376397197
      ],
      [
       86.9005238634712,
       20.684642684955318
      ],
      [
       86.90033182481625,
       20.68464257401978
      ],
      [
       86.90062047106638,
       20.683739143556505
      ],
      [
       86.90052486447294,
       20.683106570366682
      ],
      [
       86.90033282775043,
       20.68310645944011
      ],
      [
       86.90023669128847,
       20.68328712327259
      ],
      [
       86.89966063984014,
       20.683196429199267
      ],
      [
       86.8994684839985,
       20.6833770366793
      ],
      [
       86.89879647411306,
       20.683195924010363
      ],
      [
       86.8985081785795,
       20.683557193376533
      ],
      [
       86.89822018290903,
       20.683466663853856
      ],
      [
       86.8980284475368,
       20.683014751951045
      ],
      [
       86.897932308412,
       20.68319541448923
      ],
      [
       86.89774033212119,
       20.683104940992475
      ],
      [
       86.89735607644731,
       20.68337579175967
      ],
      [
       86.89697206334736,
       20.683285202952
      ],
      [
       86.89706838643896,
       20.68283346191178
      ],
      [
       86.89726042279865,
       20.682833576473623
      ],
      [
       86.89726030117572,
       20.683014295838646
      ],
      [
       86.8975484166998,
       20.68292410759907
      ],
      [
       86.89745264125058,
       20.68256261176527
      ],
      [
       86.8975484773406,
       20.682833747915268
      ],
      [
       86.89793255006781,
       20.682833975755365
      ],
      [
       86.89802874931837,
       20.682562953520534
      ],
      [
       86.89860491741216,
       20.682472933659863
      ],
      [
       86.89889321065795,
       20.68211166407706
      ],
      [
       86.89908518639172,
       20.682202136297946
      ],
      [
       86.89908548503307,
       20.68175033781005
      ],
      [
       86.89850925987527,
       20.681930718993897
      ],
      [
       86.89831728482636,
       20.681840246131628
      ],
      [
       86.89831740519057,
       20.681659526736023
      ],
      [
       86.89850950014905,
       20.681569280200556
      ],
      [
       86.89822168893478,
       20.68120767156946
      ],
      [
       86.89802965461448,
       20.681207558086996
      ],
      [
       86.89802977531514,
       20.68102683867978
      ],
      [
       86.89774166365741,
       20.681117027759896
      ],
      [
       86.89783786215008,
       20.68084600557455
      ],
      [
       86.89764582828697,
       20.68084589166643
      ],
      [
       86.89764594943964,
       20.680665172253793
      ],
      [
       86.89706984854001,
       20.680664829249228
      ],
      [
       86.89678198135545,
       20.68039357790631
      ],
      [
       86.89639785346749,
       20.680483707234707
      ],
      [
       86.89630232772465,
       20.679760771833358
      ],
      [
       86.89659062124902,
       20.679399505989014
      ],
      [
       86.89639858921275,
       20.67939939069925
      ],
      [
       86.89630288002576,
       20.678947534378867
      ],
      [
       86.8960148328271,
       20.67894736088688
      ],
      [
       86.8959189402794,
       20.678766583506736
      ],
      [
       86.89543886219143,
       20.678766293019375
      ],
      [
       86.89543873843873,
       20.67894701245915
      ],
      [
       86.89524670697857,
       20.678946895888796
      ],
      [
       86.8952463970228,
       20.679398694468897
      ],
      [
       86.89495834898278,
       20.679398519208153
      ],
      [
       86.8949580381664,
       20.67985031776042
      ],
      [
       86.89514988460805,
       20.68012151377884
      ],
      [
       86.89505374392289,
       20.68030217476552
      ],
      [
       86.89486171076075,
       20.680302057759032
      ],
      [
       86.89495760300943,
       20.680482835693823
      ],
      [
       86.89486152409144,
       20.680573136864002
      ],
      [
       86.89447776933962,
       20.680121103698536
      ],
      [
       86.89457403537249,
       20.679759723617767
      ],
      [
       86.89419022089074,
       20.679398049493322
      ],
      [
       86.89419040874027,
       20.67912697035731
      ],
      [
       86.89438256542442,
       20.678946368675316
      ],
      [
       86.89438287792872,
       20.6784945700841
      ],
      [
       86.8941908470441,
       20.678494452340157
      ],
      [
       86.89419103488356,
       20.678223373175754
      ],
      [
       86.89457515835753,
       20.678133248721924
      ],
      [
       86.89457534551116,
       20.6778621695428
      ],
      [
       86.89419128533146,
       20.677861934276635
      ],
      [
       86.89428748803785,
       20.677590913988254
      ],
      [
       86.89409552095718,
       20.67750043641327
      ],
      [
       86.89419166099326,
       20.67731977589956
      ],
      [
       86.89447964266584,
       20.67741031215706
      ],
      [
       86.89476787375563,
       20.677139408997963
      ],
      [
       86.89524776076603,
       20.677410780539475
      ],
      [
       86.89553580505908,
       20.677410955300655
      ],
      [
       86.89592004888055,
       20.677140108353516
      ],
      [
       86.8965920898703,
       20.677230872496047
      ],
      [
       86.89678430240414,
       20.676959908332176
      ],
      [
       86.89745634313114,
       20.6770506691068
      ],
      [
       86.897744205245,
       20.67732191940736
      ],
      [
       86.89812826410991,
       20.677322146753575
      ],
      [
       86.8984164284803,
       20.67714159721104
      ],
      [
       86.89928044073558,
       20.677322823659313
      ],
      [
       86.89928032153864,
       20.677503543151136
      ],
      [
       86.899472351208,
       20.677503655221276
      ],
      [
       86.89947247017768,
       20.67732293572838
      ],
      [
       86.89976057365715,
       20.677232743682318
      ],
      [
       86.89985700311371,
       20.67660028120698
      ],
      [
       86.90043320655535,
       20.676419895317917
      ],
      [
       86.90033731033853,
       20.67623912032705
      ],
      [
       86.90062570525556,
       20.675697127987917
      ],
      [
       86.90072213013251,
       20.67506466489762
      ],
      [
       86.90110600782201,
       20.67533596490994
      ],
      [
       86.90120184593275,
       20.675607099264198
      ],
      [
       86.90139387322867,
       20.675607209184623
      ],
      [
       86.90158601698259,
       20.675426599346945
      ],
      [
       86.90158619166537,
       20.67515552002349
      ],
      [
       86.90177821839573,
       20.6751556295136
      ],
      [
       86.9020668958488,
       20.674161835741263
      ],
      [
       86.90254672893542,
       20.67452354686287
      ],
      [
       86.90293083824875,
       20.674433403696916
      ],
      [
       86.90283511276114,
       20.67398155067613
      ],
      [
       86.90321973584419,
       20.673078168675755
      ],
      [
       86.90389159286784,
       20.673439983760318
      ],
      [
       86.90417962974821,
       20.67344014405155
      ],
      [
       86.90456390476533,
       20.673078917809818
      ],
      [
       86.90475632331326,
       20.67244650530751
      ],
      [
       86.90494834665574,
       20.672446611254017
      ],
      [
       86.90494845911482,
       20.672265891625585
      ],
      [
       86.90523666196522,
       20.671994970690918
      ],
      [
       86.90542868474274,
       20.671995076100373
      ],
      [
       86.90562093084213,
       20.671633742009416
      ],
      [
       86.9061971087994,
       20.671453336655514
      ],
      [
       86.90648547385436,
       20.67091133409838
      ],
      [
       86.90686946161097,
       20.67100190174592
      ],
      [
       86.90706181299731,
       20.670459846312195
      ],
      [
       86.90754191983386,
       20.670369744494753
      ],
      [
       86.90850191533768,
       20.6705509762178
      ],
      [
       86.90888574171662,
       20.670912618903266
      ],
      [
       86.90898051405148,
       20.672990945663695
      ],
      [
       86.90917264556589,
       20.67281032727037
      ],
      [
       86.90917243063596,
       20.673171766544097
      ],
      [
       86.90878822020058,
       20.673442643279937
      ],
      [
       86.90888347782003,
       20.674707731326425
      ],
      [
       86.90917146339427,
       20.67479824308848
      ],
      [
       86.9093631143381,
       20.675430862706424
      ],
      [
       86.9099391424148,
       20.675521524351435
      ],
      [
       86.91041894549512,
       20.67597357338803
      ],
      [
       86.91041878648343,
       20.67624465275471
      ],
      [
       86.90974663457025,
       20.67633466204996
      ],
      [
       86.9095548203745,
       20.67597312228319
      ],
      [
       86.90936279257305,
       20.675973021449565
      ],
      [
       86.90936268531574,
       20.67615374102304
      ],
      [
       86.90888256133596,
       20.676243847785056
      ],
      [
       86.90830658543238,
       20.67606282282649
      ],
      [
       86.90686643125997,
       20.675971691151506
      ],
      [
       86.906674127376,
       20.676423386216353
      ],
      [
       86.90648204368968,
       20.67651364194756
      ],
      [
       86.90648187768504,
       20.676784721267353
      ],
      [
       86.90667379604757,
       20.67696554485607
      ],
      [
       86.90657761569187,
       20.677236572165683
      ],
      [
       86.90628957163125,
       20.677236415852477
      ],
      [
       86.90590534585348,
       20.67750728597892
      ],
      [
       86.90446512305196,
       20.677506493975383
      ],
      [
       86.90446500998976,
       20.677687213491517
      ],
      [
       86.90417679498978,
       20.677958132910458
      ],
      [
       86.90417662488011,
       20.67822921216676
      ],
      [
       86.90379256366339,
       20.678228998284254
      ],
      [
       86.90379239286916,
       20.678500077528984
      ],
      [
       86.90254419173279,
       20.678499376492358
      ],
      [
       86.90235204522446,
       20.678679987322536
      ],
      [
       86.90206405643178,
       20.678589464198403
      ],
      [
       86.90196792488258,
       20.67877012911067
      ],
      [
       86.90158380409082,
       20.678860270040214
      ],
      [
       86.90110378414762,
       20.67876963558949
      ],
      [
       86.9008155611577,
       20.67904054932354
      ],
      [
       86.90052751374314,
       20.67904038337037
      ],
      [
       86.90014368689701,
       20.67867872241821
      ],
      [
       86.89975962459619,
       20.678678499547374
      ],
      [
       86.89956771231203,
       20.67849766832231
      ],
      [
       86.89899161955601,
       20.678497331773464
      ],
      [
       86.8988954246076,
       20.678768354691037
      ],
      [
       86.89889512545089,
       20.679220153332437
      ],
      [
       86.89918317319017,
       20.679220322014324
      ],
      [
       86.89937508592122,
       20.67940115365415
      ],
      [
       86.90004719812399,
       20.679401544628742
      ],
      [
       86.90014309596536,
       20.67958231972144
      ],
      [
       86.90081520898137,
       20.6795827077052
      ],
      [
       86.90119898121641,
       20.680034726864378
      ],
      [
       86.90187109624539,
       20.680035110739762
      ],
      [
       86.90225475705192,
       20.68066784698381
      ],
      [
       86.90254274987369,
       20.680758369783725
      ],
      [
       86.90273403528985,
       20.681933154521026
      ],
      [
       86.90292589818418,
       20.682204341888077
      ],
      [
       86.90330985493318,
       20.68238527715229
      ],
      [
       86.90350154806725,
       20.682927542973847
      ],
      [
       86.90369358458297,
       20.682927650369432
      ],
      [
       86.90359739514211,
       20.68319867579392
      ],
      [
       86.90378954589431,
       20.68301806368697
      ],
      [
       86.90436571239756,
       20.682928024569268
      ],
      [
       86.9047495035449,
       20.68338003572417
      ],
      [
       86.90561372633653,
       20.683290151372333
      ],
      [
       86.90609431904217,
       20.682477176219308
      ],
      [
       86.9066704269368,
       20.682477489092488
      ],
      [
       86.90657463014,
       20.682115998223228
      ],
      [
       86.90686273853382,
       20.68202579437782
      ],
      [
       86.90676655528674,
       20.682296821623012
      ],
      [
       86.90695859102725,
       20.68229692537826
      ],
      [
       86.9070544438593,
       20.68256805631818
      ],
      [
       86.90705372866114,
       20.683742732503973
      ],
      [
       86.90666921157728,
       20.684465402543058
      ],
      [
       86.90666904583533,
       20.684736481614454
      ],
      [
       86.90695704897189,
       20.684826997036872
      ],
      [
       86.90695688373796,
       20.68509807609913
      ],
      [
       86.90714892300345,
       20.685098179655725
      ],
      [
       86.90724483282025,
       20.68527895072538
      ],
      [
       86.9069566634219,
       20.685459514835564
      ],
      [
       86.90705218806502,
       20.68627280374539
      ],
      [
       86.90685954077416,
       20.687266656426033
      ],
      [
       86.90705147270965,
       20.687447479426602
      ],
      [
       86.90695517616491,
       20.687899225910243
      ],
      [
       86.907243185433,
       20.687989740844717
      ],
      [
       86.90724307559776,
       20.688170460155714
      ],
      [
       86.90743511873052,
       20.688170563408065
      ],
      [
       86.90753103080203,
       20.68835133426268
      ],
      [
       86.90676274696001,
       20.688531639694283
      ]
     ],
     [
      [
       86.89908488774235,
       20.68265393476218
      ],
      [
       86.89927692388828,
       20.68265404707666
      ],
      [
       86.89927704312166,
       20.682473327692737
      ],
      [
       86.89908500720306,
       20.682473215379325
      ],
      [
       86.89908488774235,
       20.68265393476218
      ]
     ],
     [
      [
       86.89927704312166,
       20.682473327692737
      ],
      [
       86.89975713292375,
       20.68247360754032
      ],
      [
       86.89956545367149,
       20.681931337582444
      ],
      [
       86.89937335887514,
       20.682021585291512
      ],
      [
       86.89946913854409,
       20.682383080098298
      ],
      [
       86.89927716235375,
       20.68229260830503
      ],
      [
       86.89927704312166,
       20.682473327692737
      ]
     ],
     [
      [
       86.89831770609543,
       20.681207728230476
      ],
      [
       86.89841366313289,
       20.681298144541284
      ],
      [
       86.8984137232564,
       20.681207784838
      ],
      [
       86.89831770609543,
       20.681207728230476
      ]
     ],
     [
      [
       86.89466998927703,
       20.679850142014224
      ],
      [
       86.89486189742706,
       20.680030978645547
      ],
      [
       86.8948620218696,
       20.679850259231824
      ],
      [
       86.89466998927703,
       20.679850142014224
      ]
     ]
    ]
   },
   "properties": {
    "id": "P10",
    "area_ha": 107.67000000001818,
    "quality": 0.9808044425289955,
    "confidence": 0.9808044425289955,
    "habitat_class": "mangrove",
    "name": null,
    "protected": false,
    "perimeter_km": 11.958437566649332,
    "bbox": [
     20.670369744494753,
     86.89409552095718,
     20.688531639694283,
     86.91041894549512
    ],
    "extra": {
     "pixel_count": 10767,
     "label_value": 169,
     "centroid_pixel": [
      1280.355623664902,
      1785.8204699544906
     ]
    },
    "centroid_lat": 20.67874165290506,
    "centroid_lon": 86.90281822168627,
    "criticality_rank": 17,
    "criticality_score": 0.005396092554196157,
    "delta_connectivity": 4.7793970341053135e-05,
    "delta_pct": 0.5396092554196157,
    "degree": 3,
    "is_cut_vertex": false,
    "component_count_after": 4,
    "rank_by_area": 10,
    "criticality_level": "low"
   }
  },
  {
   "type": "Feature",
   "id": "P11",
   "geometry": {
    "type": "Polygon",
    "coordinates": [
     [
      [
       86.98395387196322,
       20.787860924882903
      ],
      [
       86.98376173176483,
       20.78758983063831
      ],
      [
       86.98289699230465,
       20.787409029208842
      ],
      [
       86.98270485456565,
       20.787137933768765
      ],
      [
       86.98232051801409,
       20.78713789461865
      ],
      [
       86.98232064427485,
       20.786053589785688
      ],
      [
       86.98289718569809,
       20.785692213209032
      ],
      [
       86.98289722641002,
       20.785330778217993
      ],
      [
       86.98241687421992,
       20.784788577174584
      ],
      [
       86.98222470891778,
       20.78478855738686
      ],
      [
       86.98184043234592,
       20.784336723380026
      ],
      [
       86.98164826761625,
       20.784336702947527
      ],
      [
       86.98107184100914,
       20.78379448778722
      ],
      [
       86.98107186353553,
       20.7836137702555
      ],
      [
       86.98087969972157,
       20.783613748963496
      ],
      [
       86.98087973385373,
       20.7833426726591
      ],
      [
       86.98049543012446,
       20.783161911889877
      ],
      [
       86.98059155793953,
       20.782800487684757
      ],
      [
       86.98020726770238,
       20.782529367483225
      ],
      [
       86.97991919131326,
       20.78126431103536
      ],
      [
       86.98001533118428,
       20.780812528277934
      ],
      [
       86.980207515004,
       20.78063183294099
      ],
      [
       86.98020759743171,
       20.779999321333793
      ],
      [
       86.980399779993,
       20.779818625763554
      ],
      [
       86.98039981497487,
       20.779547549340208
      ],
      [
       86.98088026851916,
       20.779095809440406
      ],
      [
       86.98088029126791,
       20.778915091810077
      ],
      [
       86.98107244913666,
       20.778915113096833
      ],
      [
       86.98107247165653,
       20.778734395462497
      ],
      [
       86.9816489773289,
       20.77846338157256
      ],
      [
       86.98597251658892,
       20.778463789155946
      ],
      [
       86.9878940752207,
       20.77864465301044
      ],
      [
       86.98818229042939,
       20.77891574954941
      ],
      [
       86.98895090221559,
       20.77918687717779
      ],
      [
       86.98943126632767,
       20.779638701487062
      ],
      [
       86.98971945558537,
       20.7803615894512
      ],
      [
       86.99019982569853,
       20.78081341155132
      ],
      [
       86.9904880321603,
       20.781355580542563
      ],
      [
       86.99048800952248,
       20.781717015711994
      ],
      [
       86.99068015430866,
       20.781988102616662
      ],
      [
       86.99077611993452,
       20.783885642136624
      ],
      [
       86.99029564599716,
       20.7848795620418
      ],
      [
       86.99029559402156,
       20.785692790817667
      ],
      [
       86.99019949913027,
       20.785873502854894
      ],
      [
       86.99000733244874,
       20.785873491777433
      ],
      [
       86.99000732055505,
       20.78605420926877
      ],
      [
       86.98923863370216,
       20.786325239036763
      ],
      [
       86.98846992352024,
       20.7868673415646
      ],
      [
       86.98808558764374,
       20.786867315321487
      ],
      [
       86.98789339808991,
       20.787138378079558
      ],
      [
       86.98760514566851,
       20.787138357509612
      ],
      [
       86.98722078629014,
       20.78740940552317
      ],
      [
       86.9861638588628,
       20.787409323591785
      ],
      [
       86.98606775796742,
       20.78759003327723
      ],
      [
       86.98501082928782,
       20.78758994424625
      ],
      [
       86.98443429494475,
       20.787860969116686
      ],
      [
       86.98395387196322,
       20.787860924882903
      ]
     ]
    ]
   },
   "properties": {
    "id": "P11",
    "area_ha": 89.59000000000893,
    "quality": 0.9963070991875165,
    "confidence": 0.9963070991875165,
    "habitat_class": "mangrove",
    "name": null,
    "protected": false,
    "perimeter_km": 3.791116401732647,
    "bbox": [
     20.77846338157256,
     86.97991919131326,
     20.787860969116686,
     86.99077611993452
    ],
    "extra": {
     "pixel_count": 8959,
     "label_value": 19,
     "centroid_pixel": [
      2141.65286304275,
      634.8415001674294
     ]
    },
    "centroid_lat": 20.78277011535672,
    "centroid_lon": 86.98550639925385,
    "criticality_rank": 8,
    "criticality_score": 0.028119471522148918,
    "delta_connectivity": 0.00024905821655905186,
    "delta_pct": 2.8119471522148918,
    "degree": 4,
    "is_cut_vertex": true,
    "component_count_after": 5,
    "rank_by_area": 11,
    "criticality_level": "low"
   }
  },
  {
   "type": "Feature",
   "id": "P12",
   "geometry": {
    "type": "Polygon",
    "coordinates": [
     [
      [
       86.81522383601565,
       20.71348732820166
      ],
      [
       86.81474441916225,
       20.71285429893287
      ],
      [
       86.81455234570447,
       20.71285409216019
      ],
      [
       86.81436060240657,
       20.712582808054627
      ],
      [
       86.81349660511289,
       20.712310796861264
      ],
      [
       86.81311301353915,
       20.711858585129242
      ],
      [
       86.81282501621973,
       20.711767913133198
      ],
      [
       86.81272931322523,
       20.71149673158072
      ],
      [
       86.81215343211636,
       20.711225026788046
      ],
      [
       86.81186577113964,
       20.710863276059865
      ],
      [
       86.81167370022234,
       20.710863066095108
      ],
      [
       86.81157744138079,
       20.71104367911969
      ],
      [
       86.81090541657707,
       20.71086222409364
      ],
      [
       86.8106177592574,
       20.710500471293397
      ],
      [
       86.8104256888111,
       20.71050025994006
      ],
      [
       86.81042591355387,
       20.71031954185342
      ],
      [
       86.80965864811476,
       20.709505462905156
      ],
      [
       86.80946793410436,
       20.708420941850306
      ],
      [
       86.8090841379422,
       20.70814943922939
      ],
      [
       86.80850918395299,
       20.707154849780476
      ],
      [
       86.8079335544771,
       20.706702412787305
      ],
      [
       86.80774228641272,
       20.706069684978033
      ],
      [
       86.80745453148297,
       20.7057982858986
      ],
      [
       86.80735941251396,
       20.705075305873788
      ],
      [
       86.80707166013224,
       20.704803906143496
      ],
      [
       86.80707383221144,
       20.703087083369766
      ],
      [
       86.807266692669,
       20.702454784641606
      ],
      [
       86.80717214776857,
       20.701280008658944
      ],
      [
       86.80736454895498,
       20.70100914617734
      ],
      [
       86.8083247277017,
       20.701100576536348
      ],
      [
       86.8083245005784,
       20.701281294794125
      ],
      [
       86.80851655938855,
       20.70128150840051
      ],
      [
       86.80889977122952,
       20.702004807988413
      ],
      [
       86.80957152897257,
       20.702366988953962
      ],
      [
       86.8102436272212,
       20.70245808993634
      ],
      [
       86.8105313809053,
       20.702729484450586
      ],
      [
       86.81149190761016,
       20.702549819847636
      ],
      [
       86.81168363331247,
       20.702821107327367
      ],
      [
       86.81206753218025,
       20.703002245126086
      ],
      [
       86.81206730946957,
       20.703182963383302
      ],
      [
       86.81235529015518,
       20.70327363660908
      ],
      [
       86.81235506778232,
       20.7034543548636
      ],
      [
       86.81302717257502,
       20.70354544502267
      ],
      [
       86.81379464709178,
       20.704178791183125
      ],
      [
       86.81408274087272,
       20.704179102405345
      ],
      [
       86.8142745832877,
       20.704360027874465
      ],
      [
       86.81485077155541,
       20.704360648236637
      ],
      [
       86.8152345686188,
       20.70463213813122
      ],
      [
       86.81523424015332,
       20.704903215513355
      ],
      [
       86.81561771147099,
       20.705445781922744
      ],
      [
       86.81561738367256,
       20.705716859285157
      ],
      [
       86.81523281674191,
       20.706077884070694
      ],
      [
       86.81494318394886,
       20.707342602222532
      ],
      [
       86.81493967401745,
       20.710234092901764
      ],
      [
       86.81522734115866,
       20.71059583856751
      ],
      [
       86.81522657445997,
       20.71122835200794
      ],
      [
       86.81541842704216,
       20.711409276132315
      ],
      [
       86.81551391605369,
       20.711861174339518
      ],
      [
       86.81551194741117,
       20.713487637165702
      ],
      [
       86.81522383601565,
       20.71348732820166
      ]
     ]
    ]
   },
   "properties": {
    "id": "P12",
    "area_ha": 68.0299999999979,
    "quality": 0.9936803053113339,
    "confidence": 0.9936803053113339,
    "habitat_class": "mangrove",
    "name": null,
    "protected": false,
    "perimeter_km": 3.933968022160684,
    "bbox": [
     20.70100914617734,
     86.80707166013224,
     20.713487637165702,
     86.81561771147099
    ],
    "extra": {
     "pixel_count": 6803,
     "label_value": 72,
     "centroid_pixel": [
      330.09716301631636,
      1474.9015140379245
     ]
    },
    "centroid_lat": 20.706760480294594,
    "centroid_lon": 86.81154404950865,
    "criticality_rank": 34,
    "criticality_score": 0.00025838979100567257,
    "delta_connectivity": 2.288595661346232e-06,
    "delta_pct": 0.025838979100567254,
    "degree": 5,
    "is_cut_vertex": true,
    "component_count_after": 5,
    "rank_by_area": 12,
    "criticality_level": "low"
   }
  },
  {
   "type": "Feature",
   "id": "P13",
   "geometry": {
    "type": "Polygon",
    "coordinates": [
     [
      [
       86.85133908544015,
       20.609427783740678
      ],
      [
       86.85105160871453,
       20.608975734459897
      ],
      [
       86.85085966540048,
       20.608975568985898
      ],
      [
       86.85057201473467,
       20.608704239491882
      ],
      [
       86.85009215731364,
       20.608703824081395
      ],
      [
       86.84999636270864,
       20.608523020250548
      ],
      [
       86.84874864577276,
       20.608612293557766
      ],
      [
       86.8484609102031,
       20.608431320857832
      ],
      [
       86.84740522587549,
       20.608430392317647
      ],
      [
       86.8474054058058,
       20.608249671744698
      ],
      [
       86.84711749224789,
       20.60824941739015
      ],
      [
       86.84692582061892,
       20.607978166693655
      ],
      [
       86.8470219720118,
       20.607797531057948
      ],
      [
       86.84721391381649,
       20.607797700783415
      ],
      [
       86.84731024479103,
       20.607436344391743
      ],
      [
       86.84644650871769,
       20.607435579443145
      ],
      [
       86.8463507192097,
       20.607254773597713
      ],
      [
       86.84606280753492,
       20.6072545174986
      ],
      [
       86.8459671093995,
       20.606983351146305
      ],
      [
       86.84606362427813,
       20.606441274831294
      ],
      [
       86.84625565500944,
       20.606351085308066
      ],
      [
       86.84625610817042,
       20.605899283784392
      ],
      [
       86.84673658915077,
       20.605267187599658
      ],
      [
       86.84673695052575,
       20.604905746329162
      ],
      [
       86.84644913377012,
       20.60481513058224
      ],
      [
       86.84635343644189,
       20.60454396437267
      ],
      [
       86.84654546462016,
       20.6044537744917
      ],
      [
       86.84654582643022,
       20.604092333190476
      ],
      [
       86.84683391273491,
       20.60391186778917
      ],
      [
       86.84683409329567,
       20.603731147126677
      ],
      [
       86.84731411507053,
       20.603550850812038
      ],
      [
       86.84721850703315,
       20.6031893246979
      ],
      [
       86.84741044306946,
       20.603189494169012
      ],
      [
       86.8474102631933,
       20.603370214847686
      ],
      [
       86.84769834712758,
       20.60318974797625
      ],
      [
       86.84760210963212,
       20.603460744446124
      ],
      [
       86.84779395629866,
       20.603551273832178
      ],
      [
       86.84788920727661,
       20.604274240954414
      ],
      [
       86.84827308207984,
       20.60427457821168
      ],
      [
       86.84836922953635,
       20.60409394172499
      ],
      [
       86.84865713530584,
       20.604094193946498
      ],
      [
       86.84875346049482,
       20.603732836560354
      ],
      [
       86.84913751180139,
       20.603552451205008
      ],
      [
       86.84932998115026,
       20.60301045646473
      ],
      [
       86.84971402997185,
       20.602830069798493
      ],
      [
       86.84990658482425,
       20.602197713992478
      ],
      [
       86.84961885986147,
       20.60201674315155
      ],
      [
       86.84933024756424,
       20.602739375409875
      ],
      [
       86.8492344575391,
       20.602558571060957
      ],
      [
       86.84904252227639,
       20.60255840361927
      ],
      [
       86.84894699978594,
       20.60210651804012
      ],
      [
       86.84894744491416,
       20.601654716238112
      ],
      [
       86.8491394679558,
       20.601564523414282
      ],
      [
       86.84933140197514,
       20.60156469074067
      ],
      [
       86.84942710275985,
       20.601835855416844
      ],
      [
       86.84971491572972,
       20.601926466214444
      ],
      [
       86.84971527001953,
       20.60156502475439
      ],
      [
       86.84942763520691,
       20.601293693222622
      ],
      [
       86.84933211234176,
       20.60084180778803
      ],
      [
       86.84933237872137,
       20.600570726665225
      ],
      [
       86.84962045513228,
       20.60039025648659
      ],
      [
       86.84923659003071,
       20.600389922280588
      ],
      [
       86.84933308904598,
       20.59984784362954
      ],
      [
       86.85058064624891,
       20.599848925960586
      ],
      [
       86.85067634819798,
       20.60012009000622
      ],
      [
       86.85086828042274,
       20.600120255615828
      ],
      [
       86.85096389521729,
       20.600481779881818
      ],
      [
       86.85144355182432,
       20.60066291348439
      ],
      [
       86.85163565960559,
       20.60048235747633
      ],
      [
       86.85154030569022,
       20.59984975239925
      ],
      [
       86.85221206732713,
       20.59985032773799
      ],
      [
       86.85240365130794,
       20.600211933217203
      ],
      [
       86.8523075110555,
       20.600392572072174
      ],
      [
       86.85249935671008,
       20.60048309626376
      ],
      [
       86.85288322210202,
       20.600483423229196
      ],
      [
       86.85317138073823,
       20.600212586712715
      ],
      [
       86.8531717268482,
       20.599851145124262
      ],
      [
       86.8576821272151,
       20.599854915512232
      ],
      [
       86.85729767464024,
       20.600487122092915
      ],
      [
       86.85681784279575,
       20.600486725500758
      ],
      [
       86.85672170755271,
       20.60066736683391
      ],
      [
       86.8564338081135,
       20.600667128077564
      ],
      [
       86.8564334696784,
       20.601028569684352
      ],
      [
       86.8561455695646,
       20.601028330444176
      ],
      [
       86.85585715975255,
       20.601570253092884
      ],
      [
       86.85604849995555,
       20.602202935688926
      ],
      [
       86.85595227781981,
       20.602473936930142
      ],
      [
       86.85624001118465,
       20.602654897274153
      ],
      [
       86.85623975698961,
       20.60292597841609
      ],
      [
       86.85643160815532,
       20.603016498251783
      ],
      [
       86.85652723784902,
       20.603378019410535
      ],
      [
       86.85729439447601,
       20.60401117732173
      ],
      [
       86.85729355329752,
       20.604914780995315
      ],
      [
       86.85594981553473,
       20.605094387634615
      ],
      [
       86.85604536049549,
       20.605546269325544
      ],
      [
       86.85566148237244,
       20.60554594930371
      ],
      [
       86.85575762195845,
       20.60536530868728
      ],
      [
       86.85546979890601,
       20.605274707922547
      ],
      [
       86.85575804709029,
       20.604913506916287
      ],
      [
       86.85556730071484,
       20.60364830162407
      ],
      [
       86.85499166161618,
       20.603467098986776
      ],
      [
       86.85470427077402,
       20.60292469509745
      ],
      [
       86.85441636712169,
       20.602924452957353
      ],
      [
       86.85432082855081,
       20.602472570267864
      ],
      [
       86.85393669988915,
       20.602743327583443
      ],
      [
       86.85336089328955,
       20.60274284027219
      ],
      [
       86.85326509849341,
       20.602562038126983
      ],
      [
       86.85307316319111,
       20.602561875158877
      ],
      [
       86.85297745549947,
       20.602290712480972
      ],
      [
       86.85278552053933,
       20.60229054919566
      ],
      [
       86.85278526024113,
       20.602561630307296
      ],
      [
       86.85297719554065,
       20.60256179359494
      ],
      [
       86.85297676226664,
       20.603013595432685
      ],
      [
       86.85259289053822,
       20.603013268636566
      ],
      [
       86.85249674872878,
       20.603193907528983
      ],
      [
       86.85211278939099,
       20.603283940023882
      ],
      [
       86.85211235355293,
       20.60373574180629
      ],
      [
       86.85134460651715,
       20.603735083502183
      ],
      [
       86.85105643801135,
       20.604005916804493
      ],
      [
       86.85048045048,
       20.604186140560984
      ],
      [
       86.85038421725393,
       20.604457138574656
      ],
      [
       86.84990401923464,
       20.604818164067147
      ],
      [
       86.84990384228269,
       20.604998884732698
      ],
      [
       86.8496159347975,
       20.604998634576436
      ],
      [
       86.84942373019638,
       20.605269548524532
      ],
      [
       86.84932722795443,
       20.60581162686751
      ],
      [
       86.84980698776648,
       20.605902404667653
      ],
      [
       86.85009463184537,
       20.606173735481566
      ],
      [
       86.85009436673477,
       20.606444816438376
      ],
      [
       86.84971022067059,
       20.606715564134365
      ],
      [
       86.8497096890702,
       20.60725772599596
      ],
      [
       86.85028551253377,
       20.60725822556915
      ],
      [
       86.85038130670085,
       20.60743902926344
      ],
      [
       86.8495176592046,
       20.60734791935157
      ],
      [
       86.849421511029,
       20.607528556404688
      ],
      [
       86.84903753905706,
       20.607618581947797
      ],
      [
       86.84779009818203,
       20.60743676749872
      ],
      [
       86.84778973924216,
       20.607798208681295
      ],
      [
       86.84826959377679,
       20.607798630464554
      ],
      [
       86.8484613569133,
       20.607979519396213
      ],
      [
       86.84951703818705,
       20.6079804414683
      ],
      [
       86.84980468562343,
       20.608251772720376
      ],
      [
       86.85086028090966,
       20.608343046902966
      ],
      [
       86.85143540775603,
       20.609066425064746
      ],
      [
       86.85133908544015,
       20.609427783740678
      ]
     ],
     [
      [
       86.85585359137583,
       20.605365388718603
      ],
      [
       86.85594947587909,
       20.6054558290488
      ],
      [
       86.85594956079369,
       20.60536546869667
      ],
      [
       86.85585359137583,
       20.605365388718603
      ]
     ],
     [
      [
       86.84740927383977,
       20.604364178512906
      ],
      [
       86.84750515270646,
       20.604454623501777
      ],
      [
       86.84750524259402,
       20.60436426317384
      ],
      [
       86.84740927383977,
       20.604364178512906
      ]
     ],
     [
      [
       86.85518436626539,
       20.6026540164698
      ],
      [
       86.85528024868619,
       20.60274445718698
      ],
      [
       86.85528033398305,
       20.602654096809207
      ],
      [
       86.85518436626539,
       20.6026540164698
      ]
     ],
     [
      [
       86.85537647218032,
       20.60247345633623
      ],
      [
       86.85556832226541,
       20.602563977128025
      ],
      [
       86.85556840739166,
       20.602473616747226
      ],
      [
       86.85537647218032,
       20.60247345633623
      ]
     ],
     [
      [
       86.85489671968173,
       20.60238269399767
      ],
      [
       86.85499260176316,
       20.602473134875144
      ],
      [
       86.85499268722832,
       20.602382774495695
      ],
      [
       86.85489671968173,
       20.60238269399767
      ]
     ],
     [
      [
       86.854992772693,
       20.6022924141153
      ],
      [
       86.85508865477536,
       20.60238285494047
      ],
      [
       86.85508874018349,
       20.602292494559688
      ],
      [
       86.854992772693,
       20.6022924141153
      ]
     ],
     [
      [
       86.85537655741923,
       20.602383095955243
      ],
      [
       86.85556857764277,
       20.602292895982785
      ],
      [
       86.85537689837028,
       20.602021654421872
      ],
      [
       86.85537723931398,
       20.6016602128734
      ],
      [
       86.85499337093299,
       20.601659891426138
      ],
      [
       86.85499302908433,
       20.602021332968462
      ],
      [
       86.85537655741923,
       20.602383095955243
      ]
     ],
     [
      [
       86.855664545136,
       20.60229297610763
      ],
      [
       86.85576042761748,
       20.602383416562684
      ],
      [
       86.85576051262969,
       20.602293056179228
      ],
      [
       86.855664545136,
       20.60229297610763
      ]
     ],
     [
      [
       86.85576059764144,
       20.602202695794833
      ],
      [
       86.85585673498802,
       20.602022055040383
      ],
      [
       86.85566488540648,
       20.6019315345659
      ],
      [
       86.85566471527216,
       20.602112255338653
      ],
      [
       86.85576059764144,
       20.602202695794833
      ]
     ],
     [
      [
       86.85192303503757,
       20.601024766524965
      ],
      [
       86.852210847992,
       20.60111537317685
      ],
      [
       86.85221093509041,
       20.601025012794498
      ],
      [
       86.85192303503757,
       20.601024766524965
      ]
     ],
     [
      [
       86.8541307846772,
       20.600484479982622
      ],
      [
       86.85432263153662,
       20.60057500215788
      ],
      [
       86.85432271738802,
       20.6004846417613
      ],
      [
       86.8541307846772,
       20.600484479982622
      ]
     ],
     [
      [
       86.85441868374413,
       20.60048472257077
      ],
      [
       86.8545145643624,
       20.600575163724322
      ],
      [
       86.85451465010068,
       20.60048480332698
      ],
      [
       86.85441868374413,
       20.60048472257077
      ]
     ],
     [
      [
       86.85422700875344,
       20.600213479704372
      ],
      [
       86.8547066684399,
       20.6003946042806
      ],
      [
       86.85470683968795,
       20.600213883479654
      ],
      [
       86.85422718056518,
       20.60003275890351
      ],
      [
       86.85422700875344,
       20.600213479704372
      ]
     ],
     [
      [
       86.85470692531128,
       20.60012352307777
      ],
      [
       86.85480280587623,
       20.60021396407496
      ],
      [
       86.854802891443,
       20.60012360367269
      ],
      [
       86.85470692531128,
       20.60012352307777
      ]
     ]
    ]
   },
   "properties": {
    "id": "P13",
    "area_ha": 47.97999999999902,
    "quality": 0.9810772574335498,
    "confidence": 0.9810772574335498,
    "habitat_class": "mangrove",
    "name": null,
    "protected": false,
    "perimeter_km": 8.087424253456499,
    "bbox": [
     20.59984784362954,
     86.8459671093995,
     20.609427783740678,
     86.8576821272151
    ],
    "extra": {
     "pixel_count": 4798,
     "label_value": 324,
     "centroid_pixel": [
      743.2384326802835,
      2618.280533555648
     ]
    },
    "centroid_lat": 20.603483811929426,
    "centroid_lon": 86.85131974799917,
    "criticality_rank": 21,
    "criticality_score": 0.0017312230148166196,
    "delta_connectivity": 1.5333692036018087e-05,
    "delta_pct": 0.17312230148166197,
    "degree": 3,
    "is_cut_vertex": false,
    "component_count_after": 4,
    "rank_by_area": 13,
    "criticality_level": "low"
   }
  },
  {
   "type": "Feature",
   "id": "P14",
   "geometry": {
    "type": "Polygon",
    "coordinates": [
     [
      [
       86.89027549684893,
       20.648853956226628
      ],
      [
       86.88950804464633,
       20.64813058617894
      ],
      [
       86.88950837104179,
       20.647678786047965
      ],
      [
       86.88931644429798,
       20.64758830302145
      ],
      [
       86.88922156085287,
       20.646052120819412
      ],
      [
       86.88893383816189,
       20.645690495594827
      ],
      [
       86.88874184852611,
       20.6456903719691
      ],
      [
       86.88855045141564,
       20.64487700767384
      ],
      [
       86.888358528751,
       20.644786523571607
      ],
      [
       86.88835872659178,
       20.64451544340153
      ],
      [
       86.8880708765888,
       20.644334536817276
      ],
      [
       86.88797514731162,
       20.643973034312314
      ],
      [
       86.8875913715572,
       20.643701704546324
      ],
      [
       86.88682342304226,
       20.643701202836535
      ],
      [
       86.88682355674237,
       20.643520482710947
      ],
      [
       86.8865355093754,
       20.643610653753292
      ],
      [
       86.88634385802908,
       20.64315872715419
      ],
      [
       86.88605587836788,
       20.643158537337197
      ],
      [
       86.88586422900062,
       20.642706610191304
      ],
      [
       86.88567224313005,
       20.642706483169324
      ],
      [
       86.88538453511171,
       20.642344851957635
      ],
      [
       86.88509655699222,
       20.642344660547703
      ],
      [
       86.88509669272261,
       20.642163940404632
      ],
      [
       86.88490470753821,
       20.64216381253239
      ],
      [
       86.88500090389317,
       20.641892796274416
      ],
      [
       86.88480905511659,
       20.641711948146572
      ],
      [
       86.88442508588753,
       20.641711691554292
      ],
      [
       86.88423330639331,
       20.641440482710333
      ],
      [
       86.88346557579476,
       20.641168885888916
      ],
      [
       86.88327379868237,
       20.64089767597355
      ],
      [
       86.88327407442686,
       20.64053623564646
      ],
      [
       86.88308209129735,
       20.640536105757352
      ],
      [
       86.88289031565411,
       20.64026489540326
      ],
      [
       86.88250648885762,
       20.640083914391575
      ],
      [
       86.88193061091908,
       20.63999316144725
      ],
      [
       86.88193088982328,
       20.63963172109979
      ],
      [
       86.88135501393711,
       20.639540966240972
      ],
      [
       86.88087541100903,
       20.639088835355846
      ],
      [
       86.88068342971224,
       20.63908870280864
      ],
      [
       86.88039609342464,
       20.63827526274486
      ],
      [
       86.88058856728225,
       20.637642874893686
      ],
      [
       86.88039658780156,
       20.637642742036455
      ],
      [
       86.88020496200417,
       20.637190808434617
      ],
      [
       86.87943697518088,
       20.637280634136072
      ],
      [
       86.87934112816265,
       20.63709984688368
      ],
      [
       86.87895724205458,
       20.6370092180831
      ],
      [
       86.87886168187921,
       20.636466990123232
      ],
      [
       86.87847779764647,
       20.636376360259558
      ],
      [
       86.8781901904378,
       20.635924356822002
      ],
      [
       86.87819040619682,
       20.635653276472432
      ],
      [
       86.87838252677686,
       20.635472691530794
      ],
      [
       86.87799864532464,
       20.635382060605483
      ],
      [
       86.87799878938642,
       20.635201340363334
      ],
      [
       86.87838274219007,
       20.63520161116511
      ],
      [
       86.87838288579694,
       20.635020890916596
      ],
      [
       86.8785749336639,
       20.63493066586978
      ],
      [
       86.87867142311566,
       20.63429821241627
      ],
      [
       86.87905537366328,
       20.634298481711422
      ],
      [
       86.87934319411069,
       20.6344794033927
      ],
      [
       86.88011116692064,
       20.63438957801007
      ],
      [
       86.88039891818536,
       20.634660858073143
      ],
      [
       86.88078279928219,
       20.6347514836689
      ],
      [
       86.8809745643216,
       20.63502269648476
      ],
      [
       86.88116654051964,
       20.635022828683447
      ],
      [
       86.88183894555559,
       20.634390768718728
      ],
      [
       86.8818392943522,
       20.63393896799066
      ],
      [
       86.88222317451124,
       20.634029590387836
      ],
      [
       86.88231930094167,
       20.633848935517804
      ],
      [
       86.8825112756768,
       20.633849066214623
      ],
      [
       86.88241542714432,
       20.633668280589408
      ],
      [
       86.88270352740246,
       20.633487756083593
      ],
      [
       86.88279972211255,
       20.633216740772337
      ],
      [
       86.88337578165029,
       20.633036410286376
      ],
      [
       86.88337605703937,
       20.632674969629207
      ],
      [
       86.88356816777502,
       20.632494378808914
      ],
      [
       86.88376014081983,
       20.63249450810951
      ],
      [
       86.88366381091362,
       20.632946244319058
      ],
      [
       86.88395149729888,
       20.633307878687756
      ],
      [
       86.88433544543577,
       20.633308136233165
      ],
      [
       86.88462354276648,
       20.633127608503095
      ],
      [
       86.88462320220323,
       20.63357940931855
      ],
      [
       86.88491109587927,
       20.633669961601324
      ],
      [
       86.88510252775123,
       20.63439297067652
      ],
      [
       86.88491014462852,
       20.63493500375853
      ],
      [
       86.88414196657025,
       20.635295930903187
      ],
      [
       86.88375808207982,
       20.63520531276348
      ],
      [
       86.8834699110108,
       20.63547619912067
      ],
      [
       86.88346956699961,
       20.635927999794863
      ],
      [
       86.8832773139812,
       20.636289310670588
      ],
      [
       86.88270131132344,
       20.636379280576076
      ],
      [
       86.88270110354651,
       20.636650360947634
      ],
      [
       86.88298886365455,
       20.63692163666743
      ],
      [
       86.88375547386644,
       20.63863899743768
      ],
      [
       86.88404337652341,
       20.638729551156782
      ],
      [
       86.88442665576758,
       20.639633409577744
      ],
      [
       86.88481048373102,
       20.639814386336052
      ],
      [
       86.88500212640193,
       20.640266314771104
      ],
      [
       86.8862492085053,
       20.641351462431818
      ],
      [
       86.88644092440505,
       20.64171302913765
      ],
      [
       86.88701667810746,
       20.64198448722704
      ],
      [
       86.88701654464633,
       20.642165207385972
      ],
      [
       86.88740031553431,
       20.642436538455435
      ],
      [
       86.88749604250886,
       20.642798041332696
      ],
      [
       86.88768796216975,
       20.642888526400725
      ],
      [
       86.88787955093473,
       20.643430811607182
      ],
      [
       86.88816753112663,
       20.643430998384673
      ],
      [
       86.88893508470257,
       20.64397365451992
      ],
      [
       86.88903081625136,
       20.644335156502954
      ],
      [
       86.88922280418811,
       20.644335279799595
      ],
      [
       86.88931866739898,
       20.644516061491856
      ],
      [
       86.88941420421448,
       20.645148643413624
      ],
      [
       86.8898940465338,
       20.645329670311067
      ],
      [
       86.89008584093617,
       20.645600872813787
      ],
      [
       86.89027789528467,
       20.645510634891217
      ],
      [
       86.89046975529865,
       20.645691476914102
      ],
      [
       86.89046936707182,
       20.646233637210706
      ],
      [
       86.89085321877288,
       20.646414600505956
      ],
      [
       86.89114094737138,
       20.646776222527787
      ],
      [
       86.89123572199175,
       20.648493123687295
      ],
      [
       86.89104353569984,
       20.64876408267571
      ],
      [
       86.89027549684893,
       20.648853956226628
      ]
     ],
     [
      [
       86.88643985125022,
       20.64315879031978
      ],
      [
       86.88653577745315,
       20.64324921349814
      ],
      [
       86.88653584447168,
       20.643158853431995
      ],
      [
       86.88643985125022,
       20.64315879031978
      ]
     ]
    ]
   },
   "properties": {
    "id": "P14",
    "area_ha": 46.24999999999937,
    "quality": 0.982083812133686,
    "confidence": 0.982083812133686,
    "habitat_class": "mangrove",
    "name": null,
    "protected": false,
    "perimeter_km": 6.002522049014631,
    "bbox": [
     20.632494378808914,
     86.87799864532464,
     20.648853956226628,
     86.89123572199175
    ],
    "extra": {
     "pixel_count": 4625,
     "label_value": 278,
     "centroid_pixel": [
      1083.1552432432431,
      2223.768
     ]
    },
    "centroid_lat": 20.639157048432473,
    "centroid_lon": 86.88391396835237,
    "criticality_rank": 20,
    "criticality_score": 0.0018237507919518637,
    "delta_connectivity": 1.615322390870373e-05,
    "delta_pct": 0.1823750791951864,
    "degree": 3,
    "is_cut_vertex": false,
    "component_count_after": 4,
    "rank_by_area": 14,
    "criticality_level": "low"
   }
  },
  {
   "type": "Feature",
   "id": "P15",
   "geometry": {
    "type": "Polygon",
    "coordinates": [
     [
      [
       86.93802548326917,
       20.787760129299844
      ],
      [
       86.93735296648802,
       20.787579167818766
      ],
      [
       86.93668060205776,
       20.787036768989772
      ],
      [
       86.93668067742692,
       20.78685605162726
      ],
      [
       86.93648854741589,
       20.78676562195952
      ],
      [
       86.93648888759455,
       20.78595239377567
      ],
      [
       86.93716188227799,
       20.784958695596263
      ],
      [
       86.93735401040885,
       20.78504912452465
      ],
      [
       86.93754628743122,
       20.784778118423027
      ],
      [
       86.93793065473587,
       20.784687899090642
      ],
      [
       86.93793072860795,
       20.784507181674396
      ],
      [
       86.93841114071512,
       20.784507354679995
      ],
      [
       86.93869953389395,
       20.784146022988974
      ],
      [
       86.93927602706033,
       20.784146227849536
      ],
      [
       86.93927617159721,
       20.783784792981308
      ],
      [
       86.93985262760744,
       20.78387535462178
      ],
      [
       86.94004486300992,
       20.783694704391824
      ],
      [
       86.940717471665,
       20.783604579209943
      ],
      [
       86.94119798591043,
       20.78333366823469
      ],
      [
       86.94110200936527,
       20.783062559118026
      ],
      [
       86.9424471848042,
       20.782972656537595
      ],
      [
       86.9429277279331,
       20.782611381952915
      ],
      [
       86.94523361233465,
       20.782792850420073
      ],
      [
       86.94571395447775,
       20.782973720456653
      ],
      [
       86.94571385757204,
       20.78324479666556
      ],
      [
       86.946098248262,
       20.783064200275227
      ],
      [
       86.94629025150995,
       20.7835160541696
      ],
      [
       86.94657843335827,
       20.78369686156031
      ],
      [
       86.94657821083486,
       20.78432937265692
      ],
      [
       86.94628967620874,
       20.785142511207614
      ],
      [
       86.94600133129437,
       20.785413496931795
      ],
      [
       86.94600123488928,
       20.785684573065023
      ],
      [
       86.94580906853011,
       20.785684512516042
      ],
      [
       86.94571282381449,
       20.786136275695114
      ],
      [
       86.94542454094051,
       20.78622654300841
      ],
      [
       86.94542447598134,
       20.786407260412677
      ],
      [
       86.94504010872946,
       20.786497496504538
      ],
      [
       86.94465564220923,
       20.78685880782394
      ],
      [
       86.94379082002428,
       20.78703924425287
      ],
      [
       86.94350246704988,
       20.787310225702115
      ],
      [
       86.9428298776229,
       20.787310003033884
      ],
      [
       86.94263764093671,
       20.787490656303238
      ],
      [
       86.94215725377893,
       20.78740013641666
      ],
      [
       86.94061983497437,
       20.78758032890437
      ],
      [
       86.94013934186925,
       20.78776087941451
      ],
      [
       86.93802548326917,
       20.787760129299844
      ]
     ],
     [
      [
       86.93937221748682,
       20.783875185654544
      ],
      [
       86.9395643455719,
       20.78396561212076
      ],
      [
       86.9395643815345,
       20.783875253402744
      ],
      [
       86.93937221748682,
       20.783875185654544
      ]
     ]
    ]
   },
   "properties": {
    "id": "P15",
    "area_ha": 41.96000000000022,
    "quality": 0.9954041126827835,
    "confidence": 0.9954041126827835,
    "habitat_class": "mangrove",
    "name": null,
    "protected": false,
    "perimeter_km": 2.889904489028299,
    "bbox": [
     20.782611381952915,
     86.93648854741589,
     20.78776087941451,
     86.94657843335827
    ],
    "extra": {
     "pixel_count": 4196,
     "label_value": 20,
     "centroid_pixel": [
      1685.691372735939,
      606.2862249761678
     ]
    },
    "centroid_lat": 20.785341046547803,
    "centroid_lon": 86.94169601104892,
    "criticality_rank": 16,
    "criticality_score": 0.005909437730928162,
    "delta_connectivity": 5.234074264064484e-05,
    "delta_pct": 0.5909437730928162,
    "degree": 4,
    "is_cut_vertex": false,
    "component_count_after": 4,
    "rank_by_area": 15,
    "criticality_level": "low"
   }
  },
  {
   "type": "Feature",
   "id": "P16",
   "geometry": {
    "type": "Polygon",
    "coordinates": [
     [
      [
       86.79795440584283,
       20.700456210372415
      ],
      [
       86.79689953268269,
       20.699370659205254
      ],
      [
       86.79689977331955,
       20.69918994103221
      ],
      [
       86.79670771727798,
       20.69918971449528
      ],
      [
       86.796228784313,
       20.698285556331886
      ],
      [
       86.79622926714596,
       20.697924119951622
      ],
      [
       86.79699748493088,
       20.697925026895394
      ],
      [
       86.79699844692536,
       20.69720215405486
      ],
      [
       86.79680675446393,
       20.696930850321078
      ],
      [
       86.79661470126779,
       20.696930623704038
      ],
      [
       86.7965193978342,
       20.696388355644142
      ],
      [
       86.79603987060514,
       20.6959359923417
      ],
      [
       86.79604083703617,
       20.69521311937753
      ],
      [
       86.79623300875048,
       20.695122987490432
      ],
      [
       86.79633024047602,
       20.694219509712838
      ],
      [
       86.79613831143577,
       20.694128923457228
      ],
      [
       86.79613867364282,
       20.693857846044303
      ],
      [
       86.79594686601872,
       20.693676900436856
      ],
      [
       86.79623530168475,
       20.693406163918954
      ],
      [
       86.79604337372045,
       20.69331557755807
      ],
      [
       86.79594795361685,
       20.69286366813958
      ],
      [
       86.79575590555083,
       20.692863440607848
      ],
      [
       86.79575614745963,
       20.69268272231131
      ],
      [
       86.79518061042612,
       20.692230242696702
      ],
      [
       86.7951808530082,
       20.6920495243934
      ],
      [
       86.79470085700727,
       20.691958593896434
      ],
      [
       86.793550042605,
       20.690872907413702
      ],
      [
       86.7932617294692,
       20.69105328036481
      ],
      [
       86.79326209672752,
       20.690782202904213
      ],
      [
       86.7930701738455,
       20.69069161324678
      ],
      [
       86.79316693133138,
       20.69014957357537
      ],
      [
       86.79287886440756,
       20.69014922759147
      ],
      [
       86.79287923232846,
       20.689878150109035
      ],
      [
       86.79259104311204,
       20.68996816280866
      ],
      [
       86.79249563524985,
       20.689516251407
      ],
      [
       86.79211203999056,
       20.689154351851403
      ],
      [
       86.79211240925422,
       20.688883274350903
      ],
      [
       86.79182483776452,
       20.68852148995059
      ],
      [
       86.79172967965394,
       20.687888859724954
      ],
      [
       86.79192172141074,
       20.687889091690867
      ],
      [
       86.79211339392829,
       20.688160400974557
      ],
      [
       86.79249747813729,
       20.68816086384306
      ],
      [
       86.79259374478461,
       20.687980261067377
      ],
      [
       86.79269087035169,
       20.687167143928537
      ],
      [
       86.79288327906795,
       20.686896297239507
      ],
      [
       86.79288548607869,
       20.68526983160313
      ],
      [
       86.79355835399069,
       20.68472848263931
      ],
      [
       86.79413410181506,
       20.685000249347503
      ],
      [
       86.79461358928731,
       20.685452618191093
      ],
      [
       86.79509235177169,
       20.68644714098277
      ],
      [
       86.79528427056171,
       20.68653772839796
      ],
      [
       86.79662349402665,
       20.690334406182426
      ],
      [
       86.79652494131551,
       20.69223183536577
      ],
      [
       86.79614012241272,
       20.692773536307307
      ],
      [
       86.79613976022897,
       20.693044613754353
      ],
      [
       86.79623554303265,
       20.69322544562837
      ],
      [
       86.79642759156008,
       20.693225672629314
      ],
      [
       86.79671421964181,
       20.69431032244839
      ],
      [
       86.79700217426442,
       20.694401021224955
      ],
      [
       86.79719374382353,
       20.694762683933348
      ],
      [
       86.7973857942974,
       20.694762909882332
      ],
      [
       86.79757712543365,
       20.695305290426184
      ],
      [
       86.79786256815211,
       20.697293529346506
      ],
      [
       86.79776582255354,
       20.697835571307525
      ],
      [
       86.79805318631354,
       20.698378063873783
      ],
      [
       86.79795500433991,
       20.70000441496003
      ],
      [
       86.798146463494,
       20.70045643553259
      ],
      [
       86.79795440584283,
       20.700456210372415
      ]
     ]
    ]
   },
   "properties": {
    "id": "P16",
    "area_ha": 33.300000000001944,
    "quality": 0.9865374920067487,
    "confidence": 0.9865374920067487,
    "habitat_class": "mangrove",
    "name": null,
    "protected": false,
    "perimeter_km": 4.4423925833917774,
    "bbox": [
     20.68472848263931,
     86.79172967965394,
     20.70045643553259,
     86.798146463494
    ],
    "extra": {
     "pixel_count": 3330,
     "label_value": 86,
     "centroid_pixel": [
      158.55105105105105,
      1650.057957957958
     ]
    },
    "centroid_lat": 20.690914689552816,
    "centroid_lon": 86.79509125537925,
    "criticality_rank": 41,
    "criticality_score": 0.00011041186891564518,
    "delta_connectivity": 9.779338540349958e-07,
    "delta_pct": 0.011041186891564516,
    "degree": 3,
    "is_cut_vertex": false,
    "component_count_after": 4,
    "rank_by_area": 16,
    "criticality_level": "low"
   }
  },
  {
   "type": "Feature",
   "id": "P17",
   "geometry": {
    "type": "Polygon",
    "coordinates": [
     [
      [
       86.88413142801845,
       20.649211381448183
      ],
      [
       86.88403556804015,
       20.649030596988442
      ],
      [
       86.88355572115272,
       20.6488495538619
      ],
      [
       86.88326766183582,
       20.64893971933942
      ],
      [
       86.88278774690068,
       20.648849034077593
      ],
      [
       86.88259589207354,
       20.64866818360669
      ],
      [
       86.8818278489391,
       20.648758019549827
      ],
      [
       86.88154020872726,
       20.64830602217715
      ],
      [
       86.88086851522985,
       20.647944119732202
      ],
      [
       86.8808686559963,
       20.647763399733638
      ],
      [
       86.8805808088274,
       20.647582480741303
      ],
      [
       86.88038952351103,
       20.64667874776174
      ],
      [
       86.8801016789475,
       20.64649782796055
      ],
      [
       86.87962241360636,
       20.645593893786756
      ],
      [
       86.87895087957469,
       20.64505126380442
      ],
      [
       86.87856690204563,
       20.64505099414295
      ],
      [
       86.87799115197986,
       20.64477950798817
      ],
      [
       86.87751154270964,
       20.64432736800099
      ],
      [
       86.87770381951324,
       20.643966063997638
      ],
      [
       86.87760840416209,
       20.643243115709673
      ],
      [
       86.87789652813709,
       20.64306259954065
      ],
      [
       86.87789667237801,
       20.64288187945981
      ],
      [
       86.8780886584147,
       20.642882015129057
      ],
      [
       86.87837692481592,
       20.642520778053157
      ],
      [
       86.87885696033761,
       20.642430755436454
      ],
      [
       86.8789528100864,
       20.64261154285983
      ],
      [
       86.87952855373901,
       20.64288302584364
      ],
      [
       86.88010451189285,
       20.642883426767117
      ],
      [
       86.8802003634004,
       20.643064213497123
      ],
      [
       86.88058426543218,
       20.643154839549048
      ],
      [
       86.88058405382944,
       20.64342591968726
      ],
      [
       86.8809678163822,
       20.643697264975838
      ],
      [
       86.88096767576315,
       20.643877985060115
      ],
      [
       86.88125572686612,
       20.64378782332813
      ],
      [
       86.8812555865865,
       20.643968543412406
      ],
      [
       86.88163956143639,
       20.643968807080594
      ],
      [
       86.8817354154357,
       20.644149592947848
      ],
      [
       86.8822152454268,
       20.644330641151416
      ],
      [
       86.88221489754888,
       20.64478244134233
      ],
      [
       86.88259894380454,
       20.644692342849247
      ],
      [
       86.88279072443699,
       20.64496355341225
      ],
      [
       86.88327083405511,
       20.64478315853462
      ],
      [
       86.88317463279529,
       20.645054173714733
      ],
      [
       86.88336662159529,
       20.645054303528045
      ],
      [
       86.88336648380019,
       20.64523502359958
      ],
      [
       86.88365446734318,
       20.64523521792108
      ],
      [
       86.88375059919969,
       20.645054562514158
      ],
      [
       86.88394258800412,
       20.645054691686955
      ],
      [
       86.8839427251173,
       20.64487397160794
      ],
      [
       86.88413464525337,
       20.64496446060659
      ],
      [
       86.88403837690448,
       20.645325836305638
      ],
      [
       86.88432595063134,
       20.64586818971184
      ],
      [
       86.88490171614316,
       20.646139654779745
      ],
      [
       86.8849013761672,
       20.646591454919335
      ],
      [
       86.88470931731769,
       20.646681686828163
      ],
      [
       86.88470918109718,
       20.646862406874273
      ],
      [
       86.88451719001857,
       20.646862278543278
      ],
      [
       86.88451678066771,
       20.647404438655236
      ],
      [
       86.88432465222994,
       20.64758503013557
      ],
      [
       86.88432451554841,
       20.64776575016032
      ],
      [
       86.88451643953194,
       20.647856238722547
      ],
      [
       86.88451582546446,
       20.648669478784125
      ],
      [
       86.88432376377375,
       20.648759710228852
      ],
      [
       86.88413142801845,
       20.649211381448183
      ]
     ]
    ]
   },
   "properties": {
    "id": "P17",
    "area_ha": 27.460000000001493,
    "quality": 0.983099454133422,
    "confidence": 0.983099454133422,
    "habitat_class": "mangrove",
    "name": null,
    "protected": false,
    "perimeter_km": 2.7179018727050916,
    "bbox": [
     20.642430755436454,
     86.87751154270964,
     20.649211381448183,
     86.88490171614316
    ],
    "extra": {
     "pixel_count": 2746,
     "label_value": 274,
     "centroid_pixel": [
      1057.5487982520028,
      2150.1522214129645
     ]
    },
    "centroid_lat": 20.645807304498554,
    "centroid_lon": 86.88145083342528,
    "criticality_rank": 22,
    "criticality_score": 0.0011598913599710423,
    "delta_connectivity": 1.0273325133052305e-05,
    "delta_pct": 0.11598913599710424,
    "degree": 4,
    "is_cut_vertex": false,
    "component_count_after": 4,
    "rank_by_area": 17,
    "criticality_level": "low"
   }
  },
  {
   "type": "Feature",
   "id": "P18",
   "geometry": {
    "type": "Polygon",
    "coordinates": [
     [
      [
       86.89552770455074,
       20.689248072503805
      ],
      [
       86.8952399480588,
       20.688796099569487
      ],
      [
       86.89418370690547,
       20.68879545427464
      ],
      [
       86.89399191412363,
       20.68843389779897
      ],
      [
       86.89370384904583,
       20.688433720368334
      ],
      [
       86.89351199480645,
       20.688162522967655
      ],
      [
       86.89264805536638,
       20.68780054836698
      ],
      [
       86.89236018268025,
       20.687529289839603
      ],
      [
       86.89236031013426,
       20.687348570597695
      ],
      [
       86.89188039714398,
       20.68707719121654
      ],
      [
       86.89140087161682,
       20.686263652732748
      ],
      [
       86.89063283856217,
       20.686082447756025
      ],
      [
       86.8904411873029,
       20.685540167999154
      ],
      [
       86.89015312772037,
       20.685539984658053
      ],
      [
       86.89015332280039,
       20.685268905751165
      ],
      [
       86.8897693745503,
       20.685087941277327
      ],
      [
       86.88976950505523,
       20.68490722199988
      ],
      [
       86.88938562365071,
       20.68463589702879
      ],
      [
       86.88919384743872,
       20.68427433511337
      ],
      [
       86.8886177990102,
       20.684183604158935
      ],
      [
       86.88833000641007,
       20.683821979203255
      ],
      [
       86.88794606397296,
       20.68364101066405
      ],
      [
       86.88794679354936,
       20.682647054486203
      ],
      [
       86.8891950935983,
       20.682557501696277
      ],
      [
       86.8891948968447,
       20.682828580679587
      ],
      [
       86.88938693314881,
       20.682828704012692
      ],
      [
       86.88948314754352,
       20.68255768661307
      ],
      [
       86.88948301671579,
       20.682738405937982
      ],
      [
       86.88986708910232,
       20.682738651747293
      ],
      [
       86.89005899515054,
       20.68291949365568
      ],
      [
       86.89015449321458,
       20.683642432130927
      ],
      [
       86.89044261406548,
       20.683552255798276
      ],
      [
       86.89044248436674,
       20.6837329751082
      ],
      [
       86.8908265592679,
       20.683733218790945
      ],
      [
       86.8909227716891,
       20.683462200607266
      ],
      [
       86.89101866122908,
       20.683642980655183
      ],
      [
       86.8914987545826,
       20.683643283518876
      ],
      [
       86.89159432407449,
       20.68427586151697
      ],
      [
       86.89121005460532,
       20.684546698486542
      ],
      [
       86.89140209308381,
       20.68454681958431
      ],
      [
       86.89130588081895,
       20.6848178380022
      ],
      [
       86.89149785541032,
       20.68490831864007
      ],
      [
       86.89168950964746,
       20.685450597274922
      ],
      [
       86.89197769696911,
       20.68527005876443
      ],
      [
       86.89197795275105,
       20.68490862018672
      ],
      [
       86.89236203062981,
       20.68490886046124
      ],
      [
       86.89236215806403,
       20.68472814116441
      ],
      [
       86.89217018318159,
       20.684637661486015
      ],
      [
       86.8921703108411,
       20.684456942184653
      ],
      [
       86.89236234921277,
       20.684457062212076
      ],
      [
       86.89226645757122,
       20.68427628291939
      ],
      [
       86.89274648944844,
       20.68436694197126
      ],
      [
       86.89245824108063,
       20.68463784144863
      ],
      [
       86.8924581137608,
       20.68481856074792
      ],
      [
       86.89264996194794,
       20.68508975940023
      ],
      [
       86.89274528311414,
       20.686083775231776
      ],
      [
       86.89303315377421,
       20.686355033152413
      ],
      [
       86.89360946502397,
       20.68608431082784
      ],
      [
       86.89399354588159,
       20.686084547479737
      ],
      [
       86.89428148135762,
       20.68626544368672
      ],
      [
       86.89495368586182,
       20.68617549500729
      ],
      [
       86.89514554019026,
       20.686446690865864
      ],
      [
       86.89543360153117,
       20.686446865870717
      ],
      [
       86.89572184807461,
       20.68617596146627
      ],
      [
       86.89581774500034,
       20.686356738819658
      ],
      [
       86.89620182657076,
       20.68635697055355
      ],
      [
       86.89620194946838,
       20.686176251264605
      ],
      [
       86.89639399002819,
       20.68617636680949
      ],
      [
       86.89639386735794,
       20.686357086099537
      ],
      [
       86.89677788782804,
       20.686447676194298
      ],
      [
       86.89687409143347,
       20.686176654735593
      ],
      [
       86.89706607106082,
       20.686267129178994
      ],
      [
       86.89697029469521,
       20.685905633213235
      ],
      [
       86.89735449667461,
       20.68572514306902
      ],
      [
       86.89735467896732,
       20.685454064104448
      ],
      [
       86.89725878077923,
       20.685273287581953
      ],
      [
       86.89658664278393,
       20.685272885627892
      ],
      [
       86.89658676521891,
       20.685092166314025
      ],
      [
       86.89639478735268,
       20.68500169133189
      ],
      [
       86.89629925889986,
       20.684278756295452
      ],
      [
       86.89658731616011,
       20.684278929354768
      ],
      [
       86.89649117453027,
       20.68445959105217
      ],
      [
       86.89677917103215,
       20.684550123456795
      ],
      [
       86.89677904882846,
       20.68473084278311
      ],
      [
       86.8971632480684,
       20.684550353029117
      ],
      [
       86.89735516506686,
       20.68473118682393
      ],
      [
       86.89783526194115,
       20.684731472053677
      ],
      [
       86.89793116047612,
       20.684912248268223
      ],
      [
       86.89812319945612,
       20.684912361879803
      ],
      [
       86.89821964069033,
       20.684279900931404
      ],
      [
       86.89831553940034,
       20.68446067694227
      ],
      [
       86.89850757781454,
       20.684460790123243
      ],
      [
       86.89850781812439,
       20.68409935143592
      ],
      [
       86.89869985608517,
       20.684099464400795
      ],
      [
       86.89879563543823,
       20.684460959493546
      ],
      [
       86.89850739757877,
       20.684731869128797
      ],
      [
       86.89869919647113,
       20.6850934207604
      ],
      [
       86.89860287674372,
       20.68554516260782
      ],
      [
       86.8987948566124,
       20.685635635133213
      ],
      [
       86.89879461696276,
       20.685997073759392
      ],
      [
       86.89860251658715,
       20.68608732054385
      ],
      [
       86.8986023965324,
       20.68626803984829
      ],
      [
       86.89821831515673,
       20.6862678134648
      ],
      [
       86.89821819464592,
       20.686448532763293
      ],
      [
       86.8979301332765,
       20.686448362412378
      ],
      [
       86.8978337499162,
       20.68699046338803
      ],
      [
       86.89744966673184,
       20.686990235284078
      ],
      [
       86.89735382824294,
       20.68671909919955
      ],
      [
       86.89668174504499,
       20.68662833794776
      ],
      [
       86.89658560203357,
       20.686808999642842
      ],
      [
       86.89677752117177,
       20.68698983404261
      ],
      [
       86.89677721561586,
       20.6874416322235
      ],
      [
       86.89658517346173,
       20.687441517098883
      ],
      [
       86.89658492855632,
       20.687802955624363
      ],
      [
       86.89639294728926,
       20.68771248065417
      ],
      [
       86.89620121206295,
       20.687260566941475
      ],
      [
       86.89572110725845,
       20.687260277126583
      ],
      [
       86.8957201811712,
       20.688615671510263
      ],
      [
       86.89591210154099,
       20.688796506841154
      ],
      [
       86.89629625065336,
       20.68870637877211
      ],
      [
       86.89639214983654,
       20.68888715576253
      ],
      [
       86.89600806189644,
       20.688886924425763
      ],
      [
       86.89600787717875,
       20.689158003270894
      ],
      [
       86.89552770455074,
       20.689248072503805
      ]
     ],
     [
      [
       86.89005743327604,
       20.685088125255945
      ],
      [
       86.8904414467268,
       20.685178729451255
      ],
      [
       86.89072969968308,
       20.684907833383996
      ],
      [
       86.89101769356482,
       20.684998375399168
      ],
      [
       86.8910182096621,
       20.684275498228878
      ],
      [
       86.89034607619675,
       20.68427507195911
      ],
      [
       86.8902496023648,
       20.68490752836055
      ],
      [
       86.89005756343992,
       20.684907405976748
      ],
      [
       86.89005743327604,
       20.685088125255945
      ]
     ],
     [
      [
       86.89658676521891,
       20.685092166314025
      ],
      [
       86.89687488506324,
       20.68500197924018
      ],
      [
       86.89677904882846,
       20.68473084278311
      ],
      [
       86.89658701008494,
       20.684730727674935
      ],
      [
       86.89658676521891,
       20.685092166314025
      ]
     ],
     [
      [
       86.89716300456912,
       20.68491179168234
      ],
      [
       86.89745106303181,
       20.684911963303215
      ],
      [
       86.8974511237366,
       20.68482160364051
      ],
      [
       86.89697108757329,
       20.684730957677345
      ],
      [
       86.89716300456912,
       20.68491179168234
      ]
     ],
     [
      [
       86.89044235466662,
       20.68391369441434
      ],
      [
       86.89053830871131,
       20.684004115067776
      ],
      [
       86.89053837350507,
       20.68391375541583
      ],
      [
       86.89044235466662,
       20.68391369441434
      ]
     ]
    ]
   },
   "properties": {
    "id": "P18",
    "area_ha": 24.020000000000955,
    "quality": 0.9757471046380258,
    "confidence": 0.9757471046380258,
    "habitat_class": "mangrove",
    "name": null,
    "protected": false,
    "perimeter_km": 5.782805996034069,
    "bbox": [
     20.682557501696277,
     86.88794606397296,
     20.689248072503805,
     86.89879563543823
    ],
    "extra": {
     "pixel_count": 2402,
     "label_value": 166,
     "centroid_pixel": [
      1182.5886761032473,
      1706.2651956702748
     ]
    },
    "centroid_lat": 20.68592469500227,
    "centroid_lon": 86.89342605066396,
    "criticality_rank": 10,
    "criticality_score": 0.02720638609802207,
    "delta_connectivity": 0.0002409708872107754,
    "delta_pct": 2.7206386098022066,
    "degree": 4,
    "is_cut_vertex": true,
    "component_count_after": 5,
    "rank_by_area": 18,
    "criticality_level": "low"
   }
  },
  {
   "type": "Feature",
   "id": "P19",
   "geometry": {
    "type": "Polygon",
    "coordinates": [
     [
      [
       86.94820957602732,
       20.790293547039223
      ],
      [
       86.94840180965606,
       20.79011288758225
      ],
      [
       86.9482096685122,
       20.790022471041723
      ],
      [
       86.94820973016797,
       20.789841753705307
      ],
      [
       86.94849811023467,
       20.78948040574814
      ],
      [
       86.9491707093404,
       20.789480606228853
      ],
      [
       86.95022794706037,
       20.788577329139912
      ],
      [
       86.95109277043838,
       20.788396860317103
      ],
      [
       86.95118894249838,
       20.788125811595044
      ],
      [
       86.95205370509775,
       20.788126055300964
      ],
      [
       86.95195767755204,
       20.787945311050986
      ],
      [
       86.9521498467912,
       20.787945364723324
      ],
      [
       86.95214978983178,
       20.788126082110498
      ],
      [
       86.95282238297423,
       20.78812626827138
      ],
      [
       86.95243815726677,
       20.787764727436755
      ],
      [
       86.95263038266502,
       20.787584063174755
      ],
      [
       86.95301472023318,
       20.787584168796474
      ],
      [
       86.9533991964795,
       20.787132480046022
      ],
      [
       86.95291894406789,
       20.786590196721416
      ],
      [
       86.95301513968042,
       20.786228788197516
      ],
      [
       86.9534955850312,
       20.786138560290514
      ],
      [
       86.95368769686426,
       20.786319329666163
      ],
      [
       86.95407203123662,
       20.786319432914762
      ],
      [
       86.95407194923645,
       20.786590509052875
      ],
      [
       86.95349536361871,
       20.78686142998247
      ],
      [
       86.95387961701637,
       20.787132609784504
      ],
      [
       86.95397559155633,
       20.787494070385076
      ],
      [
       86.95416776022988,
       20.787494121797444
      ],
      [
       86.95426389900798,
       20.787313430017022
      ],
      [
       86.95436017336976,
       20.786680944636952
      ],
      [
       86.95493667630767,
       20.786681096931527
      ],
      [
       86.95512879054503,
       20.786861864687577
      ],
      [
       86.95676226897811,
       20.786681566425816
      ],
      [
       86.95733872115778,
       20.7868624280807
      ],
      [
       86.95743455176631,
       20.78776603900857
      ],
      [
       86.95762669557345,
       20.787856445252338
      ],
      [
       86.95743447576382,
       20.78803711511339
      ],
      [
       86.9575305098941,
       20.7882178563098
      ],
      [
       86.9572422554967,
       20.788217784754615
      ],
      [
       86.95647336985299,
       20.788940461121143
      ],
      [
       86.95628125138632,
       20.78875969490594
      ],
      [
       86.95599299596485,
       20.78875962125122
      ],
      [
       86.95589683207253,
       20.789030672660022
      ],
      [
       86.95483989365226,
       20.78903039785598
      ],
      [
       86.95483983989192,
       20.789211115227253
      ],
      [
       86.95435935843824,
       20.789391705530065
      ],
      [
       86.95435930410483,
       20.789572422892526
      ],
      [
       86.95301413295056,
       20.789481701275765
      ],
      [
       86.9531101069019,
       20.789843162260293
      ],
      [
       86.95291787920699,
       20.790023827007584
      ],
      [
       86.952533620225,
       20.78975264513339
      ],
      [
       86.95205319140612,
       20.789752511612136
      ],
      [
       86.95186096257098,
       20.78993317517553
      ],
      [
       86.95080398864434,
       20.790023234180943
      ],
      [
       86.95070784402915,
       20.790203923955325
      ],
      [
       86.95032347027146,
       20.790294171823447
      ],
      [
       86.94820957602732,
       20.790293547039223
      ]
     ]
    ]
   },
   "properties": {
    "id": "P19",
    "area_ha": 19.96000000000032,
    "quality": 0.9859633129799295,
    "confidence": 0.9859633129799295,
    "habitat_class": "mangrove",
    "name": null,
    "protected": false,
    "perimeter_km": 3.0796651219218267,
    "bbox": [
     20.786138560290514,
     86.94820957602732,
     20.790294171823447,
     86.95762669557345
    ],
    "extra": {
     "pixel_count": 1996,
     "label_value": 16,
     "centroid_pixel": [
      1807.6022044088177,
      571.9268537074148
     ]
    },
    "centroid_lat": 20.788449293233377,
    "centroid_lon": 86.95340861258524,
    "criticality_rank": 25,
    "criticality_score": 0.0009983045404928002,
    "delta_connectivity": 8.84212735798029e-06,
    "delta_pct": 0.09983045404928002,
    "degree": 4,
    "is_cut_vertex": false,
    "component_count_after": 4,
    "rank_by_area": 19,
    "criticality_level": "low"
   }
  },
  {
   "type": "Feature",
   "id": "P20",
   "geometry": {
    "type": "Polygon",
    "coordinates": [
     [
      [
       86.98808417581508,
       20.80484868488094
      ],
      [
       86.98789200674408,
       20.804577595780763
      ],
      [
       86.98789204280742,
       20.804125803022934
      ],
      [
       86.98769986766806,
       20.80394507224159
      ],
      [
       86.98770005815625,
       20.801595749469893
      ],
      [
       86.98827665981551,
       20.801053638332412
      ],
      [
       86.98827668774454,
       20.8006922039792
      ],
      [
       86.98846888692376,
       20.80051149982021
      ],
      [
       86.98866112616317,
       20.79978864386001
      ],
      [
       86.98856504763363,
       20.79960792028162
      ],
      [
       86.9887572317042,
       20.799607932981438
      ],
      [
       86.98875724509531,
       20.799427215776003
      ],
      [
       86.98904553390571,
       20.79924651721255
      ],
      [
       86.98837290510957,
       20.799065755739562
      ],
      [
       86.98846903800312,
       20.798523610562423
      ],
      [
       86.98885343658672,
       20.798071842882706
      ],
      [
       86.98914170977449,
       20.798071861365916
      ],
      [
       86.98962212800758,
       20.79861404278711
      ],
      [
       86.989622078565,
       20.79933691165655
      ],
      [
       86.99019861807504,
       20.79951766276632
      ],
      [
       86.99058300281429,
       20.799246608477343
      ],
      [
       86.99096734852543,
       20.799608063558214
      ],
      [
       86.99106339266108,
       20.800421295972882
      ],
      [
       86.99202429442315,
       20.800873136288672
      ],
      [
       86.99202426592134,
       20.80141528780748
      ],
      [
       86.99154377483377,
       20.801867057705973
      ],
      [
       86.9914476609909,
       20.80222848725029
      ],
      [
       86.99096716561026,
       20.80268025548971
      ],
      [
       86.99077495017188,
       20.803132038101776
      ],
      [
       86.99058276163575,
       20.80313202766017
      ],
      [
       86.9903905559278,
       20.80340309269444
      ],
      [
       86.99010227260884,
       20.803403076305184
      ],
      [
       86.9890451619938,
       20.804396956190377
      ],
      [
       86.98885297185606,
       20.80439694381033
      ],
      [
       86.98866075469921,
       20.804758365412717
      ],
      [
       86.98808417581508,
       20.80484868488094
      ]
     ]
    ]
   },
   "properties": {
    "id": "P20",
    "area_ha": 18.74000000000013,
    "quality": 0.9874498007646111,
    "confidence": 0.9874498007646111,
    "habitat_class": "mangrove",
    "name": null,
    "protected": false,
    "perimeter_km": 2.1299610333512673,
    "bbox": [
     20.798071842882706,
     86.98769986766806,
     20.80484868488094,
     86.99202429442315
    ],
    "extra": {
     "pixel_count": 1874,
     "label_value": 3,
     "centroid_pixel": [
      2183.3324439701173,
      426.1953041622198
     ]
    },
    "centroid_lat": 20.801623401541892,
    "centroid_lon": 86.98950972783395,
    "criticality_rank": 24,
    "criticality_score": 0.00108509923401669,
    "delta_connectivity": 9.610880481908043e-06,
    "delta_pct": 0.10850992340166901,
    "degree": 4,
    "is_cut_vertex": false,
    "component_count_after": 4,
    "rank_by_area": 20,
    "criticality_level": "low"
   }
  },
  {
   "type": "Feature",
   "id": "P21",
   "geometry": {
    "type": "Polygon",
    "coordinates": [
     [
      [
       86.86539218321573,
       20.78039949722291
      ],
      [
       86.86529674472202,
       20.77967655341344
      ],
      [
       86.86558506215376,
       20.779586420707684
      ],
      [
       86.86568138097766,
       20.779315420187903
      ],
      [
       86.86587353883364,
       20.77931557038073
      ],
      [
       86.86654656769511,
       20.778773942921713
      ],
      [
       86.86654680586547,
       20.77850286718857
      ],
      [
       86.86616273105335,
       20.778231492368366
      ],
      [
       86.86625912753266,
       20.77787013288732
      ],
      [
       86.86693199028065,
       20.77750922096773
      ],
      [
       86.86712446202567,
       20.777147935374376
      ],
      [
       86.86750892990032,
       20.77696751509017
      ],
      [
       86.867509087521,
       20.77678679789063
      ],
      [
       86.86808578693964,
       20.776516165824315
      ],
      [
       86.86808594387034,
       20.77633544861106
      ],
      [
       86.86866264055466,
       20.776064814578813
      ],
      [
       86.86923910186113,
       20.776065254438713
      ],
      [
       86.86962356450488,
       20.77588482936984
      ],
      [
       86.86981602778523,
       20.775523540646557
      ],
      [
       86.87039264124282,
       20.77534325937355
      ],
      [
       86.87116125272367,
       20.775343837662103
      ],
      [
       86.87144963495544,
       20.7751633363714
      ],
      [
       86.87192986423074,
       20.77534441251105
      ],
      [
       86.87192902628631,
       20.776338357403564
      ],
      [
       86.87087148727079,
       20.777150793578265
      ],
      [
       86.8708713336473,
       20.77733151079449
      ],
      [
       86.8705829466028,
       20.777512011043402
      ],
      [
       86.87039048259369,
       20.777873300538896
      ],
      [
       86.86923707949506,
       20.778414578097284
      ],
      [
       86.86894853253813,
       20.77877579272994
      ],
      [
       86.86856413995493,
       20.778865857601463
      ],
      [
       86.86837174772937,
       20.779136786164177
      ],
      [
       86.86817959008005,
       20.77913663876802
      ],
      [
       86.86798711828867,
       20.779497925460298
      ],
      [
       86.86779496018544,
       20.779497777631292
      ],
      [
       86.86760256578577,
       20.779768705300672
      ],
      [
       86.866929773741,
       20.780039261143358
      ],
      [
       86.86683353589959,
       20.780219903788485
      ],
      [
       86.86539218321573,
       20.78039949722291
      ]
     ]
    ]
   },
   "properties": {
    "id": "P21",
    "area_ha": 16.729999999999816,
    "quality": 0.9834459741815292,
    "confidence": 0.9834459741815292,
    "habitat_class": "mangrove",
    "name": null,
    "protected": false,
    "perimeter_km": 2.089096406521214,
    "bbox": [
     20.7751633363714,
     86.86529674472202,
     20.78039949722291,
     86.87192986423074
    ],
    "extra": {
     "pixel_count": 1673,
     "label_value": 31,
     "centroid_pixel": [
      925.3568439928273,
      690.8959952181709
     ]
    },
    "centroid_lat": 20.777655477359197,
    "centroid_lon": 86.86864751112424,
    "criticality_rank": 26,
    "criticality_score": 0.0009071810569593462,
    "delta_connectivity": 8.03503351634767e-06,
    "delta_pct": 0.09071810569593461,
    "degree": 2,
    "is_cut_vertex": true,
    "component_count_after": 5,
    "rank_by_area": 21,
    "criticality_level": "low"
   }
  },
  {
   "type": "Feature",
   "id": "P22",
   "geometry": {
    "type": "Polygon",
    "coordinates": [
     [
      [
       86.8167245492253,
       20.74330740321405
      ],
      [
       86.81662871104548,
       20.743126583353423
      ],
      [
       86.81643649038844,
       20.743216737128133
      ],
      [
       86.81624459683667,
       20.743035814496466
      ],
      [
       86.81595632024374,
       20.743125865068905
      ],
      [
       86.81566837166984,
       20.742944838971653
      ],
      [
       86.81566859057126,
       20.742764121511616
      ],
      [
       86.81518897099542,
       20.742221453658473
      ],
      [
       86.81499828843934,
       20.74104658349057
      ],
      [
       86.81528743894978,
       20.74023366446262
      ],
      [
       86.81528831622566,
       20.73951079438756
      ],
      [
       86.8150963189147,
       20.739420229205937
      ],
      [
       86.8149059700282,
       20.73797428225723
      ],
      [
       86.81500377961447,
       20.736528645025494
      ],
      [
       86.81519588293196,
       20.736528851519367
      ],
      [
       86.81538864372577,
       20.735986905011703
      ],
      [
       86.8157729583531,
       20.73589695811193
      ],
      [
       86.81625375998969,
       20.735445677739946
      ],
      [
       86.81654191293724,
       20.735445985291065
      ],
      [
       86.81692557356034,
       20.735898188667406
      ],
      [
       86.81721112336531,
       20.738067106287506
      ],
      [
       86.81701858359443,
       20.73842833717073
      ],
      [
       86.81730413916867,
       20.740597254044516
      ],
      [
       86.81711105344411,
       20.741410278677915
      ],
      [
       86.81720558873342,
       20.742675403246775
      ],
      [
       86.81701271706446,
       20.743307710087446
      ],
      [
       86.8167245492253,
       20.74330740321405
      ]
     ],
     [
      [
       86.81577066190327,
       20.737794492778008
      ],
      [
       86.81596276682656,
       20.737794698427418
      ],
      [
       86.81605903766761,
       20.73761408359952
      ],
      [
       86.81596364078277,
       20.73707182811997
      ],
      [
       86.81538765750688,
       20.73680013417941
      ],
      [
       86.81548294264586,
       20.737432748765258
      ],
      [
       86.81577066190327,
       20.737794492778008
      ]
     ]
    ]
   },
   "properties": {
    "id": "P22",
    "area_ha": 16.24999999999974,
    "quality": 0.9838510878636286,
    "confidence": 0.9838510878636286,
    "habitat_class": "mangrove",
    "name": null,
    "protected": false,
    "perimeter_km": 2.3331118501213224,
    "bbox": [
     20.735445677739946,
     86.8149059700282,
     20.743307710087446,
     86.81730413916867
    ],
    "extra": {
     "pixel_count": 1625,
     "label_value": 54,
     "centroid_pixel": [
      378.40615384615387,
      1113.1212307692308
     ]
    },
    "centroid_lat": 20.739455577335,
    "centroid_lon": 86.81614385167383,
    "criticality_rank": 43,
    "criticality_score": 5.124122852122969e-05,
    "delta_connectivity": 4.5385095447970925e-07,
    "delta_pct": 0.0051241228521229695,
    "degree": 3,
    "is_cut_vertex": false,
    "component_count_after": 4,
    "rank_by_area": 22,
    "criticality_level": "low"
   }
  },
  {
   "type": "Feature",
   "id": "P23",
   "geometry": {
    "type": "Polygon",
    "coordinates": [
     [
      [
       86.87964323274223,
       20.619118367718496
      ],
      [
       86.87954739672935,
       20.618937580255917
      ],
      [
       86.87916348469132,
       20.61893731224509
      ],
      [
       86.87916369853413,
       20.618666231353107
      ],
      [
       86.87887583646918,
       20.618575669489925
      ],
      [
       86.87887633660857,
       20.617943147375712
      ],
      [
       86.879068505379,
       20.61767220087832
      ],
      [
       86.87906900469895,
       20.61703967869352
      ],
      [
       86.87945298308334,
       20.616949586573515
      ],
      [
       86.87974133897191,
       20.616407625232213
      ],
      [
       86.87935750442884,
       20.61631699736009
      ],
      [
       86.878974312778,
       20.615413125686242
      ],
      [
       86.87907050254617,
       20.61514211186151
      ],
      [
       86.87859091081455,
       20.614780334107433
      ],
      [
       86.87859105402082,
       20.614599613430705
      ],
      [
       86.8783031999274,
       20.614509050611005
      ],
      [
       86.87926330828671,
       20.614057921954615
      ],
      [
       86.87993506215358,
       20.61414875026915
      ],
      [
       86.88012672939351,
       20.61451032488364
      ],
      [
       86.88099057674413,
       20.614420561423128
      ],
      [
       86.88089439082653,
       20.614691576357977
      ],
      [
       86.88137426760584,
       20.614691906366946
      ],
      [
       86.88137412768177,
       20.61487262706023
      ],
      [
       86.88175795982863,
       20.61496325045716
      ],
      [
       86.88166184471402,
       20.615143905463665
      ],
      [
       86.88242902577053,
       20.615957672518896
      ],
      [
       86.88242881773616,
       20.616228753528073
      ],
      [
       86.88223679563173,
       20.61631898318005
      ],
      [
       86.88223582316999,
       20.617584027755242
      ],
      [
       86.88242777751398,
       20.617584158446498
      ],
      [
       86.88242756945948,
       20.617855239404687
      ],
      [
       86.8822354758445,
       20.61803582934439
      ],
      [
       86.88233124506945,
       20.618306975661316
      ],
      [
       86.88213915077212,
       20.618487565481225
      ],
      [
       86.8812753511508,
       20.618486974224343
      ],
      [
       86.8807951812139,
       20.618848085099316
      ],
      [
       86.87964323274223,
       20.619118367718496
      ]
     ],
     [
      [
       86.87974126804058,
       20.616497985556006
      ],
      [
       86.87993315018782,
       20.616588479334677
      ],
      [
       86.87993322100631,
       20.616498119011194
      ],
      [
       86.87974126804058,
       20.616497985556006
      ]
     ],
     [
      [
       86.88031726812532,
       20.616317664629673
      ],
      [
       86.88070103288445,
       20.6164986507001
      ],
      [
       86.88070138470687,
       20.616046849055817
      ],
      [
       86.87983781151037,
       20.615775169690917
      ],
      [
       86.87983766976586,
       20.61595589035141
      ],
      [
       86.88002962205307,
       20.61595602369619
      ],
      [
       86.88022136240149,
       20.616227237815274
      ],
      [
       86.88041345609885,
       20.616046650076946
      ],
      [
       86.88031726812532,
       20.616317664629673
      ]
     ],
     [
      [
       86.88041465511127,
       20.614510524325983
      ],
      [
       86.88051055988076,
       20.614600951046338
      ],
      [
       86.88051063035127,
       20.61451059070018
      ],
      [
       86.88041465511127,
       20.614510524325983
      ]
     ],
     [
      [
       86.88060660559167,
       20.614510657021093
      ],
      [
       86.88070251047513,
       20.6146010836355
      ],
      [
       86.88070258083243,
       20.614510723288706
      ],
      [
       86.88060660559167,
       20.614510657021093
      ]
     ]
    ]
   },
   "properties": {
    "id": "P23",
    "area_ha": 15.22999999999972,
    "quality": 0.9792435815360933,
    "confidence": 0.9792435815360933,
    "habitat_class": "mangrove",
    "name": null,
    "protected": false,
    "perimeter_km": 2.3624565700306066,
    "bbox": [
     20.614057921954615,
     86.8783031999274,
     20.619118367718496,
     86.88242902577053
    ],
    "extra": {
     "pixel_count": 1523,
     "label_value": 312,
     "centroid_pixel": [
      1047.54891661195,
      2472.990807616546
     ]
    },
    "centroid_lat": 20.61663489245793,
    "centroid_lon": 86.88051366839504,
    "criticality_rank": 28,
    "criticality_score": 0.0005930134396781724,
    "delta_connectivity": 5.252405599637938e-06,
    "delta_pct": 0.05930134396781725,
    "degree": 3,
    "is_cut_vertex": false,
    "component_count_after": 4,
    "rank_by_area": 23,
    "criticality_level": "low"
   }
  },
  {
   "type": "Feature",
   "id": "P24",
   "geometry": {
    "type": "Polygon",
    "coordinates": [
     [
      [
       86.93825458146458,
       20.69676853116345
      ],
      [
       86.93825472775801,
       20.696407092632928
      ],
      [
       86.93787069408035,
       20.696226235276907
      ],
      [
       86.93796705146679,
       20.695413033116747
      ],
      [
       86.93777507278972,
       20.695232244572956
      ],
      [
       86.93777525706122,
       20.69478044633104
      ],
      [
       86.93796738213176,
       20.694599796278336
      ],
      [
       86.93796752908887,
       20.694238357658868
      ],
      [
       86.93767948963603,
       20.694147894047788
      ],
      [
       86.93767956345422,
       20.693967174731462
      ],
      [
       86.93739148760564,
       20.693967070296974
      ],
      [
       86.9371995858123,
       20.69360556176572
      ],
      [
       86.93652748561503,
       20.693424596144023
      ],
      [
       86.93652759838453,
       20.693153517151394
      ],
      [
       86.93614361276043,
       20.69288229623661
      ],
      [
       86.93585550098165,
       20.69297254890633
      ],
      [
       86.93585557695563,
       20.69279182957176
      ],
      [
       86.93623967511752,
       20.692791972126848
      ],
      [
       86.93643187478041,
       20.69243060439876
      ],
      [
       86.93681597203728,
       20.692430745666883
      ],
      [
       86.93681604687153,
       20.692250026317573
      ],
      [
       86.93768019087695,
       20.6924310603898
      ],
      [
       86.9378723130934,
       20.69225041038665
      ],
      [
       86.93768037540217,
       20.69197926200194
      ],
      [
       86.93787242346674,
       20.6919793313501
      ],
      [
       86.9379685577003,
       20.691708286898354
      ],
      [
       86.93796866789951,
       20.691437207844267
      ],
      [
       86.9376805968259,
       20.69143710390526
      ],
      [
       86.93768067063222,
       20.691256384532117
      ],
      [
       86.93825692178343,
       20.690985512856837
      ],
      [
       86.93825706802672,
       20.690624074083892
      ],
      [
       86.93844911438781,
       20.690624142785037
      ],
      [
       86.93835320071699,
       20.690353029371078
      ],
      [
       86.93854524673732,
       20.690353097964238
      ],
      [
       86.9391209522117,
       20.691437618784608
      ],
      [
       86.93988914176863,
       20.691437888464215
      ],
      [
       86.93998523654108,
       20.691257202552457
      ],
      [
       86.94017724828049,
       20.691347629020886
      ],
      [
       86.94017710657991,
       20.69170906777642
      ],
      [
       86.94036911900147,
       20.691799494027975
      ],
      [
       86.94036890712614,
       20.692341652129087
      ],
      [
       86.94017675231517,
       20.69261266459897
      ],
      [
       86.94027270600895,
       20.692793417263136
      ],
      [
       86.94008062142635,
       20.69288371026258
      ],
      [
       86.93979226236064,
       20.69360648720949
      ],
      [
       86.93921611200432,
       20.693606284926695
      ],
      [
       86.93912026721854,
       20.69315445268704
      ],
      [
       86.93892829000568,
       20.692973665384503
      ],
      [
       86.93873620440446,
       20.693063956880838
      ],
      [
       86.93863999799426,
       20.69351572105239
      ],
      [
       86.93883197554484,
       20.693696508665607
      ],
      [
       86.93844783863334,
       20.693786731546044
      ],
      [
       86.93854371821615,
       20.694148204464405
      ],
      [
       86.93815950674731,
       20.694419146006467
      ],
      [
       86.93873566016187,
       20.694419351829993
      ],
      [
       86.93902362852985,
       20.694690532985007
      ],
      [
       86.93892753044642,
       20.694871218280365
      ],
      [
       86.9391195100397,
       20.69505200554991
      ],
      [
       86.93883139590602,
       20.695142263167
      ],
      [
       86.93873515216264,
       20.69568438692363
      ],
      [
       86.93854309943119,
       20.695684318525302
      ],
      [
       86.93844700015008,
       20.695865003528823
      ],
      [
       86.93844689077507,
       20.69613608244617
      ],
      [
       86.93863887138475,
       20.696316870227314
      ],
      [
       86.9385427354137,
       20.69658791490388
      ],
      [
       86.93825458146458,
       20.69676853116345
      ]
     ],
     [
      [
       86.93806465491511,
       20.691527602069392
      ],
      [
       86.93825670241264,
       20.691527670987842
      ],
      [
       86.93835283567738,
       20.691256626305066
      ],
      [
       86.93806472826694,
       20.69134688269683
      ],
      [
       86.93806465491511,
       20.691527602069392
      ]
     ]
    ]
   },
   "properties": {
    "id": "P24",
    "area_ha": 11.379999999999802,
    "quality": 0.9756606691541487,
    "confidence": 0.9756606691541487,
    "habitat_class": "mangrove",
    "name": null,
    "protected": false,
    "perimeter_km": 2.7021212518932427,
    "bbox": [
     20.690353029371078,
     86.93585550098165,
     20.69676853116345,
     86.94036911900147
    ],
    "extra": {
     "pixel_count": 1138,
     "label_value": 95,
     "centroid_pixel": [
      1651.4340949033392,
      1627.6195079086117
     ]
    },
    "centroid_lat": 20.693053053261284,
    "centroid_lon": 86.938441806094,
    "criticality_rank": 23,
    "criticality_score": 0.0011083586556705726,
    "delta_connectivity": 9.816892535539565e-06,
    "delta_pct": 0.11083586556705727,
    "degree": 3,
    "is_cut_vertex": false,
    "component_count_after": 4,
    "rank_by_area": 24,
    "criticality_level": "low"
   }
  },
  {
   "type": "Feature",
   "id": "P25",
   "geometry": {
    "type": "Polygon",
    "coordinates": [
     [
      [
       86.87518068284304,
       20.677397420980952
      ],
      [
       86.87460503991485,
       20.676854844935736
      ],
      [
       86.8741251171594,
       20.67667377578197
      ],
      [
       86.87278197181831,
       20.675407753749173
      ],
      [
       86.87249438417344,
       20.674865382883464
      ],
      [
       86.87201447019302,
       20.67468430785882
      ],
      [
       86.87163079805393,
       20.674232223933018
      ],
      [
       86.87115088709675,
       20.674051146507455
      ],
      [
       86.87057542424303,
       20.67332783754662
      ],
      [
       86.87038340001973,
       20.673327693320207
      ],
      [
       86.86961638299839,
       20.67206207846954
      ],
      [
       86.86961669151358,
       20.671700639633546
      ],
      [
       86.86942482382555,
       20.67151977492816
      ],
      [
       86.86952106634689,
       20.67124876845416
      ],
      [
       86.86932935392714,
       20.670887184201707
      ],
      [
       86.86942551897539,
       20.67070653748098
      ],
      [
       86.87057672582978,
       20.671791722555724
      ],
      [
       86.87086475927111,
       20.67179193847694
      ],
      [
       86.87096061775172,
       20.6719727297714
      ],
      [
       86.87144052196446,
       20.672153807734464
      ],
      [
       86.87201613596783,
       20.672696394488874
      ],
      [
       86.87201590882829,
       20.672967473611745
      ],
      [
       86.87239988090867,
       20.673058117917368
      ],
      [
       86.8726876908071,
       20.673329409924634
      ],
      [
       86.87297572717196,
       20.673329622335203
      ],
      [
       86.87345541346605,
       20.673781773809253
      ],
      [
       86.8736467655008,
       20.67459515191024
      ],
      [
       86.87393472967821,
       20.674685722426602
      ],
      [
       86.8740303700087,
       20.675137591058284
      ],
      [
       86.8744142001508,
       20.67540895027
      ],
      [
       86.87441405154087,
       20.675589669646218
      ],
      [
       86.87479803165907,
       20.675680308625793
      ],
      [
       86.8747978094217,
       20.67595138768416
      ],
      [
       86.87498983697681,
       20.675951527011815
      ],
      [
       86.87508570293558,
       20.67613231596496
      ],
      [
       86.87498946714132,
       20.676403325426826
      ],
      [
       86.875469095345,
       20.67694583089531
      ],
      [
       86.87546872690804,
       20.677397629266533
      ],
      [
       86.87518068284304,
       20.677397420980952
      ]
     ]
    ]
   },
   "properties": {
    "id": "P25",
    "area_ha": 11.209999999999805,
    "quality": 0.9814204693797653,
    "confidence": 0.9814204693797653,
    "habitat_class": "mangrove",
    "name": null,
    "protected": false,
    "perimeter_km": 2.1470095165500767,
    "bbox": [
     20.67070653748098,
     86.86932935392714,
     20.677397629266533,
     86.875469095345
    ],
    "extra": {
     "pixel_count": 1121,
     "label_value": 204,
     "centroid_pixel": [
      962.6886708296164,
      1837.5727029438
     ]
    },
    "centroid_lat": 20.67404544755705,
    "centroid_lon": 86.87232115821696,
    "criticality_rank": 11,
    "criticality_score": 0.026455503648056003,
    "delta_connectivity": 0.00023432021300849766,
    "delta_pct": 2.6455503648056005,
    "degree": 3,
    "is_cut_vertex": true,
    "component_count_after": 5,
    "rank_by_area": 25,
    "criticality_level": "low"
   }
  },
  {
   "type": "Feature",
   "id": "P26",
   "geometry": {
    "type": "Polygon",
    "coordinates": [
     [
      [
       86.9752088752681,
       20.795811448475707
      ],
      [
       86.97472844219665,
       20.79572101976338
      ],
      [
       86.97463239794361,
       20.795449929675787
      ],
      [
       86.97444021915453,
       20.795449901161213
      ],
      [
       86.97415232031665,
       20.7932812503995
      ],
      [
       86.97424856164567,
       20.792377678186845
      ],
      [
       86.97482517626396,
       20.791835611674752
      ],
      [
       86.97511343758383,
       20.791835653712326
      ],
      [
       86.97520948041665,
       20.79210674364335
      ],
      [
       86.97617036739084,
       20.792016521061157
      ],
      [
       86.97655460461941,
       20.79273944336772
      ],
      [
       86.97674676613597,
       20.792829828179144
      ],
      [
       86.97713092647346,
       20.794094901074253
      ],
      [
       86.97732307654788,
       20.79427564388106
      ],
      [
       86.97770743116054,
       20.79427569423577
      ],
      [
       86.97780349338304,
       20.79445642399366
      ],
      [
       86.97770737806974,
       20.794637128839142
      ],
      [
       86.97761131584758,
       20.794456399031258
      ],
      [
       86.97751520030559,
       20.79463710376891
      ],
      [
       86.97732303604337,
       20.794546719834297
      ],
      [
       86.97655422773165,
       20.795179127061996
      ],
      [
       86.9754972316771,
       20.795269338048378
      ],
      [
       86.97549718790906,
       20.795540413966677
      ],
      [
       86.9752088752681,
       20.795811448475707
      ]
     ]
    ]
   },
   "properties": {
    "id": "P26",
    "area_ha": 10.03999999999983,
    "quality": 0.9855656388746314,
    "confidence": 0.9855656388746314,
    "habitat_class": "mangrove",
    "name": null,
    "protected": false,
    "perimeter_km": 1.4186285489065185,
    "bbox": [
     20.791835611674752,
     86.97415232031665,
     20.795811448475707,
     86.97780349338304
    ],
    "extra": {
     "pixel_count": 1004,
     "label_value": 13,
     "centroid_pixel": [
      2038.3535856573706,
      512.7958167330677
     ]
    },
    "centroid_lat": 20.793796881760407,
    "centroid_lon": 86.97557948904635,
    "criticality_rank": 18,
    "criticality_score": 0.004430971851060556,
    "delta_connectivity": 3.924575701855747e-05,
    "delta_pct": 0.44309718510605556,
    "degree": 6,
    "is_cut_vertex": false,
    "component_count_after": 4,
    "rank_by_area": 26,
    "criticality_level": "low"
   }
  },
  {
   "type": "Feature",
   "id": "P27",
   "geometry": {
    "type": "Polygon",
    "coordinates": [
     [
      [
       86.86209469332091,
       20.601936781512833
      ],
      [
       86.86094316774218,
       20.60184549892695
      ],
      [
       86.8608474465412,
       20.60157434050316
      ],
      [
       86.85979172621738,
       20.60166384827434
      ],
      [
       86.85979189148311,
       20.60148312745974
      ],
      [
       86.85950407327557,
       20.60139253339791
      ],
      [
       86.85931238812694,
       20.60112129613666
      ],
      [
       86.85883255425578,
       20.601120905122812
      ],
      [
       86.85854498739843,
       20.600759228239234
      ],
      [
       86.85835305430822,
       20.600759071144402
      ],
      [
       86.857970025145,
       20.599855152181586
      ],
      [
       86.86401588259547,
       20.59986001153248
      ],
      [
       86.86391967601074,
       20.600131017369332
      ],
      [
       86.86372774366305,
       20.600130866243777
      ],
      [
       86.86363137566639,
       20.60058259277462
      ],
      [
       86.86343944275576,
       20.60058244132595
      ],
      [
       86.86324718747542,
       20.600943731380298
      ],
      [
       86.86295928743664,
       20.600943503484046
      ],
      [
       86.86286291665273,
       20.601395229528663
      ],
      [
       86.86267106366603,
       20.60130471680073
      ],
      [
       86.86257485378633,
       20.60157572182575
      ],
      [
       86.86228695256898,
       20.601575492803544
      ],
      [
       86.86209485587446,
       20.601756060686206
      ],
      [
       86.86209469332091,
       20.601936781512833
      ]
     ],
     [
      [
       86.86247945404735,
       20.600943122591904
      ],
      [
       86.86276735407962,
       20.600943351286947
      ],
      [
       86.86295944896254,
       20.600762782630103
      ],
      [
       86.86296001428958,
       20.60013025961155
      ],
      [
       86.86219228494392,
       20.600129649571308
      ],
      [
       86.86209615623984,
       20.600310293937255
      ],
      [
       86.86190422368246,
       20.600310140786736
      ],
      [
       86.86209607497028,
       20.600400654366148
      ],
      [
       86.86190389814915,
       20.600671582493693
      ],
      [
       86.86238364957538,
       20.60076232540414
      ],
      [
       86.86247945404735,
       20.600943122591904
      ]
     ],
     [
      [
       86.8618078502039,
       20.600761866261106
      ],
      [
       86.86190373537985,
       20.60085230334151
      ],
      [
       86.86190381676472,
       20.600761942918076
      ],
      [
       86.8618078502039,
       20.600761866261106
      ]
     ]
    ]
   },
   "properties": {
    "id": "P27",
    "area_ha": 9.069999999999851,
    "quality": 0.9809363306948736,
    "confidence": 0.9809363306948736,
    "habitat_class": "mangrove",
    "name": null,
    "protected": false,
    "perimeter_km": 2.005020326194926,
    "bbox": [
     20.599855152181586,
     86.857970025145,
     20.601936781512833,
     86.86401588259547
    ],
    "extra": {
     "pixel_count": 907,
     "label_value": 331,
     "centroid_pixel": [
      842.6879823594267,
      2649.3638368246966
     ]
    },
    "centroid_lat": 20.600683054618294,
    "centroid_lon": 86.8608662954706,
    "criticality_rank": 31,
    "criticality_score": 0.0003272653760820392,
    "delta_connectivity": 2.898636656251466e-06,
    "delta_pct": 0.03272653760820392,
    "degree": 3,
    "is_cut_vertex": false,
    "component_count_after": 4,
    "rank_by_area": 27,
    "criticality_level": "low"
   }
  },
  {
   "type": "Feature",
   "id": "P28",
   "geometry": {
    "type": "Polygon",
    "coordinates": [
     [
      [
       86.93624027924078,
       20.69134621730307
      ],
      [
       86.93624039250813,
       20.691075138246628
      ],
      [
       86.93556826644321,
       20.69098452854976
      ],
      [
       86.9355683809022,
       20.69071344948552
      ],
      [
       86.93576046540468,
       20.690623161493
      ],
      [
       86.93566467079967,
       20.69008096751028
      ],
      [
       86.93508814943486,
       20.69098434836635
      ],
      [
       86.9341278374208,
       20.6911647033528
      ],
      [
       86.9339359077557,
       20.69089355078433
      ],
      [
       86.93355181439017,
       20.690893403106887
      ],
      [
       86.93316787932467,
       20.690531815832735
      ],
      [
       86.93297615059261,
       20.68980886372253
      ],
      [
       86.93268808262138,
       20.68980875144593
      ],
      [
       86.93259198013794,
       20.6899894332986
      ],
      [
       86.93249635706177,
       20.689085798750067
      ],
      [
       86.93288044586943,
       20.689085948767516
      ],
      [
       86.93288032664574,
       20.689357027868233
      ],
      [
       86.93307237139197,
       20.68935710255702
      ],
      [
       86.93316851247741,
       20.68908606071884
      ],
      [
       86.93422471777788,
       20.689176826791094
      ],
      [
       86.93441687879603,
       20.688905820866285
      ],
      [
       86.93480100576903,
       20.68881560689472
      ],
      [
       86.93537683188529,
       20.689538701534648
      ],
      [
       86.93547270154829,
       20.68990017631406
      ],
      [
       86.93604876213651,
       20.69008111047306
      ],
      [
       86.93633686833756,
       20.689990857435397
      ],
      [
       86.9363372452894,
       20.689087260403735
      ],
      [
       86.93691341590484,
       20.688997112559242
      ],
      [
       86.93700932617023,
       20.689268226808448
      ],
      [
       86.93681716928894,
       20.689539235623432
      ],
      [
       86.93700913968475,
       20.689720025332516
      ],
      [
       86.93681705705534,
       20.689810314731186
      ],
      [
       86.93681698223192,
       20.689991034131637
      ],
      [
       86.93729702187564,
       20.6901719288886
      ],
      [
       86.93729691049066,
       20.690443007978978
      ],
      [
       86.93700884129758,
       20.690442902921802
      ],
      [
       86.93729672484508,
       20.690894806444007
      ],
      [
       86.93710467814758,
       20.690894736457732
      ],
      [
       86.93700858019832,
       20.691075420762722
      ],
      [
       86.93672054728407,
       20.69098495553227
      ],
      [
       86.93662441129514,
       20.69125599930598
      ],
      [
       86.93652846289045,
       20.691075244591463
      ],
      [
       86.9363364159687,
       20.691075173748413
      ],
      [
       86.9364323265033,
       20.691346288254145
      ],
      [
       86.93624027924078,
       20.69134621730307
      ]
     ],
     [
      [
       86.93585645059792,
       20.690713556951955
      ],
      [
       86.93595243590491,
       20.690803952356788
      ],
      [
       86.93595247383024,
       20.69071359266708
      ],
      [
       86.93585645059792,
       20.690713556951955
      ]
     ]
    ]
   },
   "properties": {
    "id": "P28",
    "area_ha": 7.919999999999876,
    "quality": 0.9754284495356107,
    "confidence": 0.9754284495356107,
    "habitat_class": "mangrove",
    "name": null,
    "protected": false,
    "perimeter_km": 2.050950214639463,
    "bbox": [
     20.68881560689472,
     86.93249635706177,
     20.691346288254145,
     86.93729702187564
    ],
    "extra": {
     "pixel_count": 792,
     "label_value": 153,
     "centroid_pixel": [
      1614.5972222222222,
      1660.6022727272727
     ]
    },
    "centroid_lat": 20.690071441210637,
    "centroid_lon": 86.93490582763091,
    "criticality_rank": 6,
    "criticality_score": 0.030851302014631238,
    "delta_connectivity": 0.00027325443339987557,
    "delta_pct": 3.0851302014631234,
    "degree": 4,
    "is_cut_vertex": true,
    "component_count_after": 5,
    "rank_by_area": 28,
    "criticality_level": "medium"
   }
  },
  {
   "type": "Feature",
   "id": "P29",
   "geometry": {
    "type": "Polygon",
    "coordinates": [
     [
      [
       86.90026046310548,
       20.64687209255878
      ],
      [
       86.89997283087767,
       20.646329765504014
      ],
      [
       86.89968490437964,
       20.646239238322618
      ],
      [
       86.89949309211136,
       20.645968046427992
      ],
      [
       86.899301042574,
       20.646058294618573
      ],
      [
       86.8991087544027,
       20.646509982876616
      ],
      [
       86.89853290210823,
       20.646328925156883
      ],
      [
       86.89824539725184,
       20.64560587506929
      ],
      [
       86.89805346788704,
       20.64551540172375
      ],
      [
       86.89814976345107,
       20.645063657990367
      ],
      [
       86.8979580156537,
       20.64470210428655
      ],
      [
       86.89795831703317,
       20.644250303852065
      ],
      [
       86.8982464190721,
       20.64406975364252
      ],
      [
       86.89824665948684,
       20.643708313267112
      ],
      [
       86.8988226808762,
       20.643618291663472
      ],
      [
       86.89901460832499,
       20.64370876416571
      ],
      [
       86.89901448902548,
       20.6438894843596
      ],
      [
       86.89920647646503,
       20.64388959655159
      ],
      [
       86.89939876101822,
       20.643437908032922
      ],
      [
       86.89959074789331,
       20.643438019795255
      ],
      [
       86.89978291235288,
       20.643167051031266
      ],
      [
       86.90026287869887,
       20.64316732896539
      ],
      [
       86.90055074102897,
       20.643348215299135
      ],
      [
       86.90055050606259,
       20.643709655715256
      ],
      [
       86.90035845998516,
       20.643799905119927
      ],
      [
       86.90045351282427,
       20.64524572198904
      ],
      [
       86.89997342177807,
       20.645426164725308
      ],
      [
       86.90006912130214,
       20.645878020721245
      ],
      [
       86.90064491504991,
       20.646149433403828
      ],
      [
       86.90045280715006,
       20.646330042950694
      ],
      [
       86.9005484498916,
       20.646872258711255
      ],
      [
       86.90026046310548,
       20.64687209255878
      ]
     ],
     [
      [
       86.89891843559924,
       20.643979788278806
      ],
      [
       86.89901436972468,
       20.644070204549717
      ],
      [
       86.89901442937523,
       20.64397984445513
      ],
      [
       86.89891843559924,
       20.643979788278806
      ]
     ]
    ]
   },
   "properties": {
    "id": "P29",
    "area_ha": 7.199999999999891,
    "quality": 0.9784106137024031,
    "confidence": 0.9784106137024031,
    "habitat_class": "mangrove",
    "name": null,
    "protected": false,
    "perimeter_km": 1.4707877629586232,
    "bbox": [
     20.643167051031266,
     86.8979580156537,
     20.646872258711255,
     86.90064491504991
    ],
    "extra": {
     "pixel_count": 720,
     "label_value": 287,
     "centroid_pixel": [
      1243.7513888888889,
      2160.2430555555557
     ]
    },
    "centroid_lat": 20.644906845171484,
    "centroid_lon": 86.8993259325175,
    "criticality_rank": 30,
    "criticality_score": 0.0003417039607475894,
    "delta_connectivity": 3.0265212839410832e-06,
    "delta_pct": 0.03417039607475894,
    "degree": 4,
    "is_cut_vertex": false,
    "component_count_after": 4,
    "rank_by_area": 29,
    "criticality_level": "low"
   }
  },
  {
   "type": "Feature",
   "id": "P30",
   "geometry": {
    "type": "Polygon",
    "coordinates": [
     [
      [
       86.7917360907262,
       20.683190181267868
      ],
      [
       86.7915443016548,
       20.68300923069427
      ],
      [
       86.79106421262784,
       20.68300864945769
      ],
      [
       86.79058449547446,
       20.682736989216856
      ],
      [
       86.79058486732546,
       20.68246591154114
      ],
      [
       86.79039308053262,
       20.682284959690968
      ],
      [
       86.79049021389405,
       20.68147184332484
      ],
      [
       86.79029842845178,
       20.681290891360206
      ],
      [
       86.79029954542546,
       20.680477658186096
      ],
      [
       86.7904917018325,
       20.68038753241837
      ],
      [
       86.79020365338023,
       20.68038718212029
      ],
      [
       86.79030004184091,
       20.680116221195195
      ],
      [
       86.79058796585137,
       20.680206930578667
      ],
      [
       86.79087638525446,
       20.679936202471445
      ],
      [
       86.79154837299994,
       20.68002737570356
      ],
      [
       86.79193145162398,
       20.68075071370678
      ],
      [
       86.7923151484406,
       20.681022254582075
      ],
      [
       86.79231490260757,
       20.68120297308371
      ],
      [
       86.79260258439474,
       20.681474397617563
      ],
      [
       86.79260147963006,
       20.682287630817317
      ],
      [
       86.7923128129204,
       20.68273908019464
      ],
      [
       86.7923124441323,
       20.68301015789169
      ],
      [
       86.7917360907262,
       20.683190181267868
      ]
     ]
    ]
   },
   "properties": {
    "id": "P30",
    "area_ha": 6.359999999999909,
    "quality": 0.9840739119165348,
    "confidence": 0.9840739119165348,
    "habitat_class": "mangrove",
    "name": null,
    "protected": false,
    "perimeter_km": 1.0758837001634312,
    "bbox": [
     20.679936202471445,
     86.79020365338023,
     20.683190181267868,
     86.79260258439474
    ],
    "extra": {
     "pixel_count": 636,
     "label_value": 186,
     "centroid_pixel": [
      119.97012578616352,
      1753.067610062893
     ]
    },
    "centroid_lat": 20.681602375686882,
    "centroid_lon": 86.79139932857154,
    "criticality_rank": 44,
    "criticality_score": 2.1087672261544677e-05,
    "delta_connectivity": 1.8677655590736142e-07,
    "delta_pct": 0.0021087672261544677,
    "degree": 3,
    "is_cut_vertex": false,
    "component_count_after": 4,
    "rank_by_area": 30,
    "criticality_level": "low"
   }
  },
  {
   "type": "Feature",
   "id": "P31",
   "geometry": {
    "type": "Polygon",
    "coordinates": [
     [
      [
       86.89343980258663,
       20.654006460958566
      ],
      [
       86.89305586558142,
       20.65391586345118
      ],
      [
       86.89295999210603,
       20.653735083985193
      ],
      [
       86.8925759290987,
       20.653825205360658
      ],
      [
       86.89257611955675,
       20.653554125435882
      ],
      [
       86.89238405642611,
       20.653644365792655
      ],
      [
       86.89238424722251,
       20.653373285863914
      ],
      [
       86.89209631203653,
       20.65328274606005
      ],
      [
       86.89228843853427,
       20.653102146038723
      ],
      [
       86.89209643957214,
       20.653102026102648
      ],
      [
       86.89190463225263,
       20.652830826011503
      ],
      [
       86.89152057090901,
       20.652920945055104
      ],
      [
       86.89132876483966,
       20.652649744323806
      ],
      [
       86.89065677048788,
       20.65264931988521
      ],
      [
       86.89065722279638,
       20.65201680000165
      ],
      [
       86.89036948554869,
       20.651655177353735
      ],
      [
       86.89046574301834,
       20.651293798337946
      ],
      [
       86.89037000380222,
       20.650932297406793
      ],
      [
       86.89017800757686,
       20.650932175348697
      ],
      [
       86.89017839693311,
       20.650390015352276
      ],
      [
       86.89065845040525,
       20.65029996008419
      ],
      [
       86.89085031685075,
       20.65048080161284
      ],
      [
       86.89104244127603,
       20.650300202910838
      ],
      [
       86.89142611137844,
       20.650752244906144
      ],
      [
       86.89171410539014,
       20.65075242582913
      ],
      [
       86.89180978374674,
       20.651204286035036
      ],
      [
       86.89200171650701,
       20.65129476627822
      ],
      [
       86.89209720475708,
       20.652017706278823
      ],
      [
       86.89238507397145,
       20.652198606074357
      ],
      [
       86.89238494678305,
       20.65237932605238
      ],
      [
       86.89257694483953,
       20.652379445663495
      ],
      [
       86.89286475199262,
       20.652650704643907
      ],
      [
       86.89286462536813,
       20.652831424615318
      ],
      [
       86.89315243388072,
       20.65310268310777
      ],
      [
       86.89344043233564,
       20.653102861169597
      ],
      [
       86.89353624307033,
       20.65337400036421
      ],
      [
       86.89382417929244,
       20.653464537769217
      ],
      [
       86.89382405379652,
       20.65364525772927
      ],
      [
       86.89343980258663,
       20.654006460958566
      ]
     ]
    ]
   },
   "properties": {
    "id": "P31",
    "area_ha": 5.8599999999999195,
    "quality": 0.9770017513439517,
    "confidence": 0.9770017513439517,
    "habitat_class": "mangrove",
    "name": null,
    "protected": false,
    "perimeter_km": 1.4391805687837127,
    "bbox": [
     20.65029996008419,
     86.89017800757686,
     20.654006460958566,
     86.89382417929244
    ],
    "extra": {
     "pixel_count": 586,
     "label_value": 266,
     "centroid_pixel": [
      1164.462457337884,
      2080.4453924914674
     ]
    },
    "centroid_lat": 20.652112757841564,
    "centroid_lon": 86.89170953802247,
    "criticality_rank": 32,
    "criticality_score": 0.0002782460832788502,
    "delta_connectivity": 2.4644657070239245e-06,
    "delta_pct": 0.02782460832788502,
    "degree": 5,
    "is_cut_vertex": false,
    "component_count_after": 4,
    "rank_by_area": 31,
    "criticality_level": "low"
   }
  },
  {
   "type": "Feature",
   "id": "P32",
   "geometry": {
    "type": "Polygon",
    "coordinates": [
     [
      [
       86.85329069385739,
       20.775690937015327
      ],
      [
       86.85281048603944,
       20.775509808885907
      ],
      [
       86.85261877140772,
       20.775057851310194
      ],
      [
       86.85194659038835,
       20.774695838654598
      ],
      [
       86.85175470300454,
       20.774424597224076
      ],
      [
       86.85156255145284,
       20.774424431269797
      ],
      [
       86.85146674070036,
       20.774153272518195
      ],
      [
       86.85108252685872,
       20.77406258118956
      ],
      [
       86.85098680581233,
       20.773701063597006
      ],
      [
       86.85069884625086,
       20.773429737597503
      ],
      [
       86.8508914399272,
       20.772978111642168
      ],
      [
       86.85137190261327,
       20.7728881693957
      ],
      [
       86.85175602550409,
       20.77306921865161
      ],
      [
       86.85223640010616,
       20.77306963256741
      ],
      [
       86.8526205244976,
       20.773250679895185
      ],
      [
       86.85300430011635,
       20.773793160677666
      ],
      [
       86.85338851445412,
       20.7738838477131
      ],
      [
       86.85358040409078,
       20.774155087348774
      ],
      [
       86.85396453283973,
       20.77433613167396
      ],
      [
       86.85415555662611,
       20.775510956336046
      ],
      [
       86.854059306543,
       20.775691591847423
      ],
      [
       86.85329069385739,
       20.775690937015327
      ]
     ]
    ]
   },
   "properties": {
    "id": "P32",
    "area_ha": 5.699999999999923,
    "quality": 0.9807361331948062,
    "confidence": 0.9807361331948062,
    "habitat_class": "mangrove",
    "name": null,
    "protected": false,
    "perimeter_km": 1.073186342897559,
    "bbox": [
     20.7728881693957,
     86.85069884625086,
     20.775691591847423,
     86.85415555662611
    ],
    "extra": {
     "pixel_count": 570,
     "label_value": 34,
     "centroid_pixel": [
      757.7280701754386,
      728.4192982456141
     ]
    },
    "centroid_lat": 20.77425185266246,
    "centroid_lon": 86.85254538957183,
    "criticality_rank": 38,
    "criticality_score": 0.0001870989630316299,
    "delta_connectivity": 1.6571625116069966e-06,
    "delta_pct": 0.018709896303162988,
    "degree": 1,
    "is_cut_vertex": false,
    "component_count_after": 4,
    "rank_by_area": 32,
    "criticality_level": "low"
   }
  },
  {
   "type": "Feature",
   "id": "P33",
   "geometry": {
    "type": "Polygon",
    "coordinates": [
     [
      [
       86.80432915418713,
       20.74654666221119
      ],
      [
       86.8043298514134,
       20.746004510404255
      ],
      [
       86.80404156230507,
       20.746094540872875
      ],
      [
       86.80404202779717,
       20.745733106325957
      ],
      [
       86.80240881730023,
       20.745911954876703
      ],
      [
       86.80135230270363,
       20.745820378815733
      ],
      [
       86.80135324644051,
       20.745097509801106
      ],
      [
       86.80125707142969,
       20.745187757437296
      ],
      [
       86.80106507547576,
       20.74509717665982
      ],
      [
       86.80125718945163,
       20.745097398807673
      ],
      [
       86.80125754351367,
       20.744826322913102
      ],
      [
       86.80173782760876,
       20.744826877335825
      ],
      [
       86.80145036457237,
       20.744284393022074
      ],
      [
       86.80183482582945,
       20.74410411894019
      ],
      [
       86.80193135265128,
       20.743742795021404
      ],
      [
       86.80221940362418,
       20.743833485339433
      ],
      [
       86.80231569459029,
       20.743652878488714
      ],
      [
       86.80250780675729,
       20.74365309922469
      ],
      [
       86.80269956745605,
       20.743924395701278
      ],
      [
       86.80289167997027,
       20.743924616011164
      ],
      [
       86.80308320783068,
       20.744376629356605
      ],
      [
       86.80327532092032,
       20.744376849242474
      ],
      [
       86.80327508728155,
       20.74455756653799
      ],
      [
       86.8034670838956,
       20.744648144858687
      ],
      [
       86.80365838116992,
       20.745280874830765
      ],
      [
       86.80394643610173,
       20.745371562271266
      ],
      [
       86.80394666895316,
       20.745190844985554
      ],
      [
       86.80423484014545,
       20.745191173299197
      ],
      [
       86.80433066481574,
       20.74537199991962
      ],
      [
       86.80433101340742,
       20.745100923983397
      ],
      [
       86.80461906841059,
       20.7451916102995
      ],
      [
       86.80461883635778,
       20.745372327592477
      ],
      [
       86.80490677619235,
       20.745553372074685
      ],
      [
       86.80490631275882,
       20.745914806647864
      ],
      [
       86.80471408173457,
       20.746004947208583
      ],
      [
       86.8048099074806,
       20.746185773553478
      ],
      [
       86.80432915418713,
       20.74654666221119
      ]
     ]
    ]
   },
   "properties": {
    "id": "P33",
    "area_ha": 5.5799999999999255,
    "quality": 0.9769054628828521,
    "confidence": 0.9769054628828521,
    "habitat_class": "mangrove",
    "name": null,
    "protected": false,
    "perimeter_km": 1.4722528285174878,
    "bbox": [
     20.743652878488714,
     86.80106507547576,
     20.74654666221119,
     86.80490677619235
    ],
    "extra": {
     "pixel_count": 558,
     "label_value": 50,
     "centroid_pixel": [
      239.69713261648747,
      1050.4390681003583
     ]
    },
    "centroid_lat": 20.745104695702672,
    "centroid_lon": 86.80281303018181,
    "criticality_rank": 45,
    "criticality_score": 1.759544954735671e-05,
    "delta_connectivity": 1.5584543544382157e-07,
    "delta_pct": 0.001759544954735671,
    "degree": 3,
    "is_cut_vertex": false,
    "component_count_after": 4,
    "rank_by_area": 33,
    "criticality_level": "low"
   }
  },
  {
   "type": "Feature",
   "id": "P34",
   "geometry": {
    "type": "Polygon",
    "coordinates": [
     [
      [
       86.91213533691469,
       20.696576471158313
      ],
      [
       86.91213554509032,
       20.696215032835966
      ],
      [
       86.91194370043385,
       20.695853496449313
      ],
      [
       86.91165572584715,
       20.69567262980208
      ],
      [
       86.9116558304987,
       20.6954919106262
      ],
      [
       86.91098364720918,
       20.695491564650947
      ],
      [
       86.9106957802355,
       20.69512997721934
      ],
      [
       86.91079212320287,
       20.694587869404135
      ],
      [
       86.91050420537657,
       20.694316641221373
      ],
      [
       86.91060076027932,
       20.693413095038032
      ],
      [
       86.910792810028,
       20.693413194572955
      ],
      [
       86.91088894045018,
       20.693232525040674
      ],
      [
       86.91117701473492,
       20.693232673779768
      ],
      [
       86.91146487929109,
       20.693594260478054
      ],
      [
       86.91165692927228,
       20.69359435905069
      ],
      [
       86.91165682463252,
       20.693775078266345
      ],
      [
       86.91204082086732,
       20.69395599398505
      ],
      [
       86.91194463919636,
       20.694227023751424
      ],
      [
       86.91252073973041,
       20.694317676835283
      ],
      [
       86.91271289401966,
       20.6941370550249
      ],
      [
       86.91271279062768,
       20.69431777423432
      ],
      [
       86.91309684095664,
       20.694408327994413
      ],
      [
       86.91309658360791,
       20.69486012600127
      ],
      [
       86.91271237704869,
       20.695040651034116
      ],
      [
       86.91290432568701,
       20.695221467414186
      ],
      [
       86.912807989811,
       20.695763576396246
      ],
      [
       86.91261593709321,
       20.695763479096836
      ],
      [
       86.91290370664365,
       20.696305782483048
      ],
      [
       86.91242362501642,
       20.696215179511086
      ],
      [
       86.91242352127043,
       20.696395898675547
      ],
      [
       86.91223146775857,
       20.69639580094473
      ],
      [
       86.91213533691469,
       20.696576471158313
      ]
     ],
     [
      [
       86.91194401336475,
       20.69531133891745
      ],
      [
       86.9120399873396,
       20.695401747558627
      ],
      [
       86.91204003943717,
       20.695311387967383
      ],
      [
       86.91194401336475,
       20.69531133891745
      ]
     ],
     [
      [
       86.91223214356643,
       20.695221126314042
      ],
      [
       86.9123280657292,
       20.69540189438802
      ],
      [
       86.91232816958282,
       20.69522117520319
      ],
      [
       86.91223214356643,
       20.695221126314042
      ]
     ]
    ]
   },
   "properties": {
    "id": "P34",
    "area_ha": 5.179999999999934,
    "quality": 0.9741979483011607,
    "confidence": 0.9741979483011607,
    "habitat_class": "mangrove",
    "name": null,
    "protected": false,
    "perimeter_km": 1.324346415158406,
    "bbox": [
     20.693232525040674,
     86.91050420537657,
     20.696576471158313,
     86.91309684095664
    ],
    "extra": {
     "pixel_count": 518,
     "label_value": 99,
     "centroid_pixel": [
      1373.6969111969113,
      1608.3416988416989
     ]
    },
    "centroid_lat": 20.694783396806194,
    "centroid_lon": 86.91177117509352,
    "criticality_rank": 7,
    "criticality_score": 0.030210263083536016,
    "delta_connectivity": 0.0002675766590932802,
    "delta_pct": 3.0210263083536018,
    "degree": 5,
    "is_cut_vertex": true,
    "component_count_after": 5,
    "rank_by_area": 34,
    "criticality_level": "medium"
   }
  },
  {
   "type": "Feature",
   "id": "P35",
   "geometry": {
    "type": "Polygon",
    "coordinates": [
     [
      [
       86.81500883019778,
       20.732372139542193
      ],
      [
       86.81481739149122,
       20.731829779847665
      ],
      [
       86.81472299197112,
       20.730474293718306
      ],
      [
       86.81472530058991,
       20.72857675755133
      ],
      [
       86.81491772331155,
       20.728305887648208
      ],
      [
       86.81453397758992,
       20.727944038465864
      ],
      [
       86.81463090365904,
       20.72722127088108
      ],
      [
       86.81443903226918,
       20.72704034606739
      ],
      [
       86.81443969279248,
       20.72649819271206
      ],
      [
       86.81424782253515,
       20.726317267678603
      ],
      [
       86.81424837351891,
       20.725865473185173
      ],
      [
       86.81453705842007,
       20.725413989434003
      ],
      [
       86.81444145408423,
       20.725052450264226
      ],
      [
       86.8148255219063,
       20.725143222987043
      ],
      [
       86.81511288757738,
       20.725776045151985
      ],
      [
       86.8152060820077,
       20.728125479572995
      ],
      [
       86.81501387953753,
       20.728215632051104
      ],
      [
       86.81501355027068,
       20.728486708687804
      ],
      [
       86.81520564344228,
       20.728486915094418
      ],
      [
       86.81539707943433,
       20.729029274546132
      ],
      [
       86.81530015577383,
       20.729752042429592
      ],
      [
       86.81549181262082,
       20.730113683987227
      ],
      [
       86.81539510776192,
       20.730655734119843
      ],
      [
       86.81558687538514,
       20.73092701668971
      ],
      [
       86.81548973235466,
       20.7318305022101
      ],
      [
       86.81529730613778,
       20.732101372616196
      ],
      [
       86.81539313589951,
       20.73228219338614
      ],
      [
       86.81500883019778,
       20.732372139542193
      ]
     ]
    ]
   },
   "properties": {
    "id": "P35",
    "area_ha": 5.169999999999934,
    "quality": 0.9794857214912916,
    "confidence": 0.9794857214912916,
    "habitat_class": "mangrove",
    "name": null,
    "protected": false,
    "perimeter_km": 1.798494604425161,
    "bbox": [
     20.725052450264226,
     86.81424782253515,
     20.732372139542193,
     86.81558687538514
    ],
    "extra": {
     "pixel_count": 517,
     "label_value": 64,
     "centroid_pixel": [
      365.9303675048356,
      1232.2882011605416
     ]
    },
    "centroid_lat": 20.72868650551801,
    "centroid_lon": 86.81495859618224,
    "criticality_rank": 46,
    "criticality_score": 1.6302593936117187e-05,
    "delta_connectivity": 1.4439442675220904e-07,
    "delta_pct": 0.0016302593936117187,
    "degree": 3,
    "is_cut_vertex": false,
    "component_count_after": 4,
    "rank_by_area": 35,
    "criticality_level": "low"
   }
  },
  {
   "type": "Feature",
   "id": "P36",
   "geometry": {
    "type": "Polygon",
    "coordinates": [
     [
      [
       86.78735046623436,
       20.66077567759122
      ],
      [
       86.78725597169675,
       20.659691245956598
      ],
      [
       86.78764098850887,
       20.65896884341507
      ],
      [
       86.7885052626435,
       20.658789185738822
      ],
      [
       86.78879277092406,
       20.659150976371752
      ],
      [
       86.7891767821083,
       20.659151446011663
      ],
      [
       86.78917653284851,
       20.65933216493489
      ],
      [
       86.78936841415425,
       20.659422758897897
      ],
      [
       86.78927128998819,
       20.66023587677738
      ],
      [
       86.78965517955616,
       20.66032670482928
      ],
      [
       86.7896545577771,
       20.660778502082685
      ],
      [
       86.78735046623436,
       20.66077567759122
      ]
     ]
    ]
   },
   "properties": {
    "id": "P36",
    "area_ha": 4.289999999999953,
    "quality": 0.9858313315398209,
    "confidence": 0.9858313315398209,
    "habitat_class": "mangrove",
    "name": null,
    "protected": false,
    "perimeter_km": 0.8561996968733921,
    "bbox": [
     20.658789185738822,
     86.78725597169675,
     20.660778502082685,
     86.78965517955616
    ],
    "extra": {
     "pixel_count": 429,
     "label_value": 246,
     "centroid_pixel": [
      88.03030303030303,
      1992.890442890443
     ]
    },
    "centroid_lat": 20.65992840545106,
    "centroid_lon": 86.78836259036443,
    "criticality_rank": 47,
    "criticality_score": 1.1250180328949124e-05,
    "delta_connectivity": 9.964447043354918e-08,
    "delta_pct": 0.0011250180328949123,
    "degree": 2,
    "is_cut_vertex": false,
    "component_count_after": 4,
    "rank_by_area": 36,
    "criticality_level": "low"
   }
  },
  {
   "type": "Feature",
   "id": "P37",
   "geometry": {
    "type": "Polygon",
    "coordinates": [
     [
      [
       86.90887134111782,
       20.695038662305787
      ],
      [
       86.90839142868748,
       20.694676969344364
      ],
      [
       86.90839153720017,
       20.694496250163855
      ],
      [
       86.90810351497838,
       20.694405737168005
      ],
      [
       86.90810362383056,
       20.694225017983282
      ],
      [
       86.90743144618897,
       20.69422465817056
      ],
      [
       86.90714353504346,
       20.69395342438553
      ],
      [
       86.90675932378362,
       20.694133936145235
      ],
      [
       86.90599145530845,
       20.693591361174832
      ],
      [
       86.90637555520608,
       20.693591570307156
      ],
      [
       86.90656771582341,
       20.693410955358324
      ],
      [
       86.90656788182126,
       20.693139876560362
      ],
      [
       86.90675971032825,
       20.693501418986283
      ],
      [
       86.90695181527322,
       20.693411163204345
      ],
      [
       86.90704773003837,
       20.69359193422845
      ],
      [
       86.9072397799931,
       20.69359203772434
      ],
      [
       86.90723988986367,
       20.693411318526977
      ],
      [
       86.90743199441323,
       20.693321062207232
      ],
      [
       86.90724032933416,
       20.692688441699634
      ],
      [
       86.90733651836928,
       20.69241741453823
      ],
      [
       86.90752851208595,
       20.69250787731697
      ],
      [
       86.90762475519821,
       20.692146490373265
      ],
      [
       86.90781680333676,
       20.692146593219157
      ],
      [
       86.90781663956639,
       20.692417672057974
      ],
      [
       86.90820051907463,
       20.692779315552976
      ],
      [
       86.90820035598053,
       20.69305039437483
      ],
      [
       86.90800830670233,
       20.693050291952133
      ],
      [
       86.9079121729916,
       20.69323095986889
      ],
      [
       86.90819997541742,
       20.693682911592678
      ],
      [
       86.90829567458792,
       20.694225120305276
      ],
      [
       86.90848777954463,
       20.694134862818455
      ],
      [
       86.90839186273128,
       20.69395409259962
      ],
      [
       86.90858385900846,
       20.69404455419596
      ],
      [
       86.90858396728962,
       20.69386383500123
      ],
      [
       86.90877601759492,
       20.693863936786137
      ],
      [
       86.90877617967324,
       20.693592857985482
      ],
      [
       86.90896817572641,
       20.693683319156527
      ],
      [
       86.90896828355028,
       20.69350259995229
      ],
      [
       86.9091602796049,
       20.693593060910228
      ],
      [
       86.90954454025206,
       20.693322184163787
      ],
      [
       86.91012058268358,
       20.693503204870638
      ],
      [
       86.90992810607231,
       20.694225981399487
      ],
      [
       86.90915974160849,
       20.694496656888898
      ],
      [
       86.9088715030368,
       20.694767583541353
      ],
      [
       86.90887134111782,
       20.695038662305787
      ]
     ],
     [
      [
       86.90858375072615,
       20.694225273386902
      ],
      [
       86.90877569343044,
       20.69440609436187
      ],
      [
       86.90877580148643,
       20.694225375173744
      ],
      [
       86.90858375072615,
       20.694225273386902
      ]
     ],
     [
      [
       86.90867983019058,
       20.694134964711843
      ],
      [
       86.9088718808377,
       20.694135066391173
      ],
      [
       86.90887193480808,
       20.6940447067945
      ],
      [
       86.90867993835856,
       20.693954245518515
      ],
      [
       86.90867983019058,
       20.694134964711843
      ]
     ]
    ]
   },
   "properties": {
    "id": "P37",
    "area_ha": 4.2199999999999545,
    "quality": 0.9726738919861508,
    "confidence": 0.9726738919861508,
    "habitat_class": "mangrove",
    "name": null,
    "protected": false,
    "perimeter_km": 1.804993893504211,
    "bbox": [
     20.692146490373265,
     86.90599145530845,
     20.695038662305787,
     86.91012058268358
    ],
    "extra": {
     "pixel_count": 422,
     "label_value": 115,
     "centroid_pixel": [
      1336.1208530805686,
      1620.2488151658767
     ]
    },
    "centroid_lat": 20.693705589152742,
    "centroid_lon": 86.90816355415865,
    "criticality_rank": 33,
    "criticality_score": 0.00026054492329207515,
    "delta_connectivity": 2.307683978965483e-06,
    "delta_pct": 0.026054492329207514,
    "degree": 6,
    "is_cut_vertex": false,
    "component_count_after": 4,
    "rank_by_area": 37,
    "criticality_level": "low"
   }
  },
  {
   "type": "Feature",
   "id": "P38",
   "geometry": {
    "type": "Polygon",
    "coordinates": [
     [
      [
       86.91404864282379,
       20.709408491190754
      ],
      [
       86.91376069130939,
       20.709137268796695
      ],
      [
       86.91347258696179,
       20.709137124271223
      ],
      [
       86.91318468844287,
       20.70877554145791
      ],
      [
       86.91270456741873,
       20.708684939259566
      ],
      [
       86.91251275769602,
       20.708233044511612
      ],
      [
       86.91251286140103,
       20.70805232559487
      ],
      [
       86.91270498133248,
       20.707962063604086
      ],
      [
       86.9127051882827,
       20.707600625753606
      ],
      [
       86.91299328972084,
       20.707600771552674
      ],
      [
       86.91308906598397,
       20.7080526173606
      ],
      [
       86.91347325366104,
       20.707962451337906
      ],
      [
       86.9132812883699,
       20.707781635799662
      ],
      [
       86.91395352587114,
       20.70778197300172
      ],
      [
       86.9146255609867,
       20.70814374544085
      ],
      [
       86.91491371389519,
       20.70805352856623
      ],
      [
       86.91500964725323,
       20.708234294917492
      ],
      [
       86.91539373397914,
       20.70832484353812
      ],
      [
       86.91548961798762,
       20.708595969080022
      ],
      [
       86.91577772132773,
       20.708596110227344
      ],
      [
       86.91616171004425,
       20.708867376056496
      ],
      [
       86.91616161066023,
       20.709048094973433
      ],
      [
       86.91548936753735,
       20.70904776637166
      ],
      [
       86.9150089923827,
       20.709408967861155
      ],
      [
       86.91404864282379,
       20.709408491190754
      ]
     ],
     [
      [
       86.91347309981148,
       20.708233529721344
      ],
      [
       86.91356908279774,
       20.708323937407254
      ],
      [
       86.91356913402454,
       20.708233577947766
      ],
      [
       86.91347309981148,
       20.708233529721344
      ]
     ]
    ]
   },
   "properties": {
    "id": "P38",
    "area_ha": 4.1699999999999555,
    "quality": 0.9766096647123067,
    "confidence": 0.9766096647123067,
    "habitat_class": "mangrove",
    "name": null,
    "protected": false,
    "perimeter_km": 1.105767697208617,
    "bbox": [
     20.707600625753606,
     86.91251275769602,
     20.709408967861155,
     86.91616171004425
    ],
    "extra": {
     "pixel_count": 417,
     "label_value": 79,
     "centroid_pixel": [
      1398.8153477218225,
      1455.549160671463
     ]
    },
    "centroid_lat": 20.708590876983695,
    "centroid_lon": 86.91417542250922,
    "criticality_rank": 35,
    "criticality_score": 0.00023474011119069404,
    "delta_connectivity": 2.0791270348725216e-06,
    "delta_pct": 0.023474011119069407,
    "degree": 3,
    "is_cut_vertex": false,
    "component_count_after": 4,
    "rank_by_area": 38,
    "criticality_level": "low"
   }
  },
  {
   "type": "Feature",
   "id": "P39",
   "geometry": {
    "type": "Polygon",
    "coordinates": [
     [
      [
       86.9479535300047,
       20.69613921656154
      ],
      [
       86.94747339666897,
       20.69613907085032
      ],
      [
       86.94718550436308,
       20.695596824855365
      ],
      [
       86.94737771285126,
       20.695145085320775
      ],
      [
       86.94805001821672,
       20.694783850645603
      ],
      [
       86.94805014128895,
       20.694422411970255
      ],
      [
       86.94881834599104,
       20.69442264187616
      ],
      [
       86.94891431106745,
       20.694603389715603
      ],
      [
       86.9491063624724,
       20.694603446550424
      ],
      [
       86.94910630218718,
       20.6947841658892
      ],
      [
       86.94891431106745,
       20.694603389715603
      ],
      [
       86.94872222929311,
       20.694693692336028
      ],
      [
       86.94910624190128,
       20.694964885224188
      ],
      [
       86.94929835382027,
       20.694784222510496
      ],
      [
       86.94929841387803,
       20.694603503171177
      ],
      [
       86.9491063926148,
       20.69451308687961
      ],
      [
       86.9491065131827,
       20.694151648186907
      ],
      [
       86.9496826656953,
       20.69415181740294
      ],
      [
       86.9499708012131,
       20.693971181934057
      ],
      [
       86.95025887713177,
       20.693971265337186
      ],
      [
       86.95045086905441,
       20.69415204002746
      ],
      [
       86.95045081036317,
       20.694332759379442
      ],
      [
       86.95016270424463,
       20.69442303597
      ],
      [
       86.9502586709157,
       20.69460378306395
      ],
      [
       86.9499705345412,
       20.69478441899923
      ],
      [
       86.94997044564771,
       20.69505549800391
      ],
      [
       86.94968236768305,
       20.695055414114353
      ],
      [
       86.94968227827626,
       20.695326493109313
      ],
      [
       86.94949016612657,
       20.695507156239255
      ],
      [
       86.94910609118372,
       20.6954166835451
      ],
      [
       86.9488179822263,
       20.695506957869874
      ],
      [
       86.94881792159656,
       20.6956876771889
      ],
      [
       86.94852987292893,
       20.69559723171121
      ],
      [
       86.94843378551666,
       20.695777922314
      ],
      [
       86.94814570619477,
       20.695777835852297
      ],
      [
       86.9479535300047,
       20.69613921656154
      ]
     ],
     [
      [
       86.94862614268001,
       20.694874383066704
      ],
      [
       86.94872213818202,
       20.69496477133831
      ],
      [
       86.94872216855255,
       20.694874411671833
      ],
      [
       86.94862614268001,
       20.694874383066704
      ]
     ],
     [
      [
       86.9496826656953,
       20.69415181740294
      ],
      [
       86.94977866137101,
       20.69424220509384
      ],
      [
       86.94977869111464,
       20.694151845418315
      ],
      [
       86.9496826656953,
       20.69415181740294
      ]
     ]
    ]
   },
   "properties": {
    "id": "P39",
    "area_ha": 3.7399999999999642,
    "quality": 0.9732185592625868,
    "confidence": 0.9732185592625868,
    "habitat_class": "mangrove",
    "name": null,
    "protected": false,
    "perimeter_km": 1.317712791112127,
    "bbox": [
     20.693971181934057,
     86.94718550436308,
     20.69613921656154,
     86.95045086905441
    ],
    "extra": {
     "pixel_count": 374,
     "label_value": 104,
     "centroid_pixel": [
      1758.644385026738,
      1605.6631016042782
     ]
    },
    "centroid_lat": 20.695040397323268,
    "centroid_lon": 86.94873597747812,
    "criticality_rank": 29,
    "criticality_score": 0.0003642584685593876,
    "delta_connectivity": 3.226289813963029e-06,
    "delta_pct": 0.036425846855938755,
    "degree": 3,
    "is_cut_vertex": false,
    "component_count_after": 4,
    "rank_by_area": 39,
    "criticality_level": "low"
   }
  },
  {
   "type": "Feature",
   "id": "P40",
   "geometry": {
    "type": "Polygon",
    "coordinates": [
     [
      [
       86.9833763153839,
       20.79743888935491
      ],
      [
       86.98299199325777,
       20.797077417193268
      ],
      [
       86.98347258318798,
       20.79581244327647
      ],
      [
       86.98385695131886,
       20.795722121221576
      ],
      [
       86.9840491209666,
       20.795812497831804
      ],
      [
       86.98404910197128,
       20.795993215109757
      ],
      [
       86.98433736187849,
       20.796083600299028
      ],
      [
       86.98443350729272,
       20.795541457201402
      ],
      [
       86.98481785608728,
       20.795631850276894
      ],
      [
       86.98510615123939,
       20.795360799605618
      ],
      [
       86.98568267878186,
       20.79545120731686
      ],
      [
       86.98577868350587,
       20.796354801703323
      ],
      [
       86.9855865035578,
       20.79635478566984
      ],
      [
       86.985394288822,
       20.79671620395272
      ],
      [
       86.98491383780878,
       20.79671616238863
      ],
      [
       86.98472163920853,
       20.796896862645895
      ],
      [
       86.98424119700857,
       20.79680646056914
      ],
      [
       86.98404900699167,
       20.79689680144252
      ],
      [
       86.9840489784968,
       20.797167877323815
      ],
      [
       86.98385677829484,
       20.797348576601905
      ],
      [
       86.9833763153839,
       20.79743888935491
      ]
     ]
    ]
   },
   "properties": {
    "id": "P40",
    "area_ha": 3.699999999999965,
    "quality": 0.9815620301543055,
    "confidence": 0.9815620301543055,
    "habitat_class": "mangrove",
    "name": null,
    "protected": false,
    "perimeter_km": 0.9518861846372831,
    "bbox": [
     20.795360799605618,
     86.98299199325777,
     20.79743888935491,
     86.98577868350587
    ],
    "extra": {
     "pixel_count": 370,
     "label_value": 6,
     "centroid_pixel": [
      2130.3405405405406,
      484.6918918918919
     ]
    },
    "centroid_lat": 20.79633734446957,
    "centroid_lon": 86.98441810319851,
    "criticality_rank": 36,
    "criticality_score": 0.00021687758933332233,
    "delta_connectivity": 1.9209161014437093e-06,
    "delta_pct": 0.021687758933332232,
    "degree": 5,
    "is_cut_vertex": false,
    "component_count_after": 4,
    "rank_by_area": 40,
    "criticality_level": "low"
   }
  },
  {
   "type": "Feature",
   "id": "P41",
   "geometry": {
    "type": "Polygon",
    "coordinates": [
     [
      [
       86.87194828234676,
       20.639082446117925
      ],
      [
       86.87223670686772,
       20.638540499039795
      ],
      [
       86.87262059274549,
       20.638631142763444
      ],
      [
       86.87252490351534,
       20.638269631652616
      ],
      [
       86.87310091908456,
       20.63817969577577
      ],
      [
       86.87329274954391,
       20.638360556894618
      ],
      [
       86.87319735839206,
       20.637637605825006
      ],
      [
       86.8734853275259,
       20.637637817035905
      ],
      [
       86.87348547693492,
       20.637457096871955
      ],
      [
       86.87367745613275,
       20.6374572374111
      ],
      [
       86.87358183976578,
       20.637005366740123
      ],
      [
       86.87377381839762,
       20.637005507169206
      ],
      [
       86.87386995666412,
       20.636824857123862
      ],
      [
       86.87434990268596,
       20.636825206992775
      ],
      [
       86.87425421046915,
       20.636463696749306
      ],
      [
       86.87444626255922,
       20.636373476330316
      ],
      [
       86.87444648495504,
       20.636102396033262
      ],
      [
       86.87473467309607,
       20.635831524837783
      ],
      [
       86.87473482101554,
       20.63565080462737
      ],
      [
       86.87550302281028,
       20.635289919458735
      ],
      [
       86.87579069421143,
       20.635651567249027
      ],
      [
       86.87559835001187,
       20.636103229604547
      ],
      [
       86.87588638956599,
       20.636013076691093
      ],
      [
       86.87588609643953,
       20.636374517108894
      ],
      [
       86.87569411858368,
       20.636374379032
      ],
      [
       86.87569397179138,
       20.63655509923391
      ],
      [
       86.87530986838374,
       20.636735542632746
      ],
      [
       86.87502190092754,
       20.636735334473062
      ],
      [
       86.87492576407399,
       20.636915985168866
      ],
      [
       86.87511759512647,
       20.63709684428998
      ],
      [
       86.87463772226072,
       20.637006136459068
      ],
      [
       86.87444566948616,
       20.637096357080864
      ],
      [
       86.87434938333776,
       20.63745772761741
      ],
      [
       86.87406148889706,
       20.637367157763727
      ],
      [
       86.87396527609029,
       20.637638167986943
      ],
      [
       86.87377329666333,
       20.6376380277666
      ],
      [
       86.87386869053827,
       20.638360978532152
      ],
      [
       86.87338881447324,
       20.638270267227327
      ],
      [
       86.87310054440931,
       20.638631496134032
      ],
      [
       86.87271658307746,
       20.63863121354428
      ],
      [
       86.87271635758727,
       20.63890229374386
      ],
      [
       86.87252437658366,
       20.638902152126803
      ],
      [
       86.87242823541354,
       20.639082801364538
      ],
      [
       86.87194828234676,
       20.639082446117925
      ]
     ],
     [
      [
       86.87281287383101,
       20.63826984399107
      ],
      [
       86.87290878888903,
       20.638360274735764
      ],
      [
       86.87290886393704,
       20.638269914663844
      ],
      [
       86.87281287383101,
       20.63826984399107
      ]
     ],
     [
      [
       86.87358124258954,
       20.637728247413712
      ],
      [
       86.87367715776654,
       20.637818677737894
      ],
      [
       86.87367723235869,
       20.63772831765761
      ],
      [
       86.87358124258954,
       20.637728247413712
      ]
     ],
     [
      [
       86.8734853275259,
       20.637637817035905
      ],
      [
       86.87358124258954,
       20.637728247413712
      ],
      [
       86.87358131723796,
       20.63763788733282
      ],
      [
       86.8734853275259,
       20.637637817035905
      ]
     ],
     [
      [
       86.87434975430277,
       20.63700592717597
      ],
      [
       86.87444566948616,
       20.637096357080864
      ],
      [
       86.87444574362168,
       20.637005996990357
      ],
      [
       86.87434975430277,
       20.63700592717597
      ]
     ],
     [
      [
       86.87482977480975,
       20.63691591562158
      ],
      [
       86.87492569022224,
       20.637006345261977
      ],
      [
       86.87492576407399,
       20.636915985168866
      ],
      [
       86.87482977480975,
       20.63691591562158
      ]
     ]
    ]
   },
   "properties": {
    "id": "P41",
    "area_ha": 3.6699999999999657,
    "quality": 0.9745163816847009,
    "confidence": 0.9745163816847009,
    "habitat_class": "mangrove",
    "name": null,
    "protected": false,
    "perimeter_km": 1.831442712912582,
    "bbox": [
     20.635289919458735,
     86.87194828234676,
     20.639082801364538,
     86.87588638956599
    ],
    "extra": {
     "pixel_count": 367,
     "label_value": 292,
     "centroid_pixel": [
      982.9237057220708,
      2247.6457765667574
     ]
    },
    "centroid_lat": 20.636992714534337,
    "centroid_lon": 86.87429444702792,
    "criticality_rank": 13,
    "criticality_score": 0.01318145121574717,
    "delta_connectivity": 0.00011675001533610792,
    "delta_pct": 1.318145121574717,
    "degree": 5,
    "is_cut_vertex": true,
    "component_count_after": 5,
    "rank_by_area": 41,
    "criticality_level": "low"
   }
  },
  {
   "type": "Feature",
   "id": "P42",
   "geometry": {
    "type": "Polygon",
    "coordinates": [
     [
      [
       86.88422352542224,
       20.654361964097777
      ],
      [
       86.88412786757883,
       20.65391009994579
      ],
      [
       86.88393579906261,
       20.6540003308717
      ],
      [
       86.88345593673122,
       20.65381928749808
      ],
      [
       86.883359798962,
       20.653999942529637
      ],
      [
       86.88336000576172,
       20.65372886269604
      ],
      [
       86.88307186802051,
       20.653909387695013
      ],
      [
       86.88316821320835,
       20.653457652983075
      ],
      [
       86.88288021418647,
       20.653457457776287
      ],
      [
       86.88278400669566,
       20.65372847243708
      ],
      [
       86.8825920763963,
       20.65363798197961
      ],
      [
       86.88278435305648,
       20.653276672704806
      ],
      [
       86.88316842034182,
       20.653186573134317
      ],
      [
       86.8833606950701,
       20.652825263189257
      ],
      [
       86.88384096604372,
       20.652464147085745
      ],
      [
       86.88384130925841,
       20.65201234727027
      ],
      [
       86.88422557799643,
       20.651651165409184
      ],
      [
       86.88451357362997,
       20.65165135835477
      ],
      [
       86.8846092994254,
       20.652012862442387
      ],
      [
       86.88432123475148,
       20.652103029619834
      ],
      [
       86.8843210296736,
       20.652374109513733
      ],
      [
       86.88460800378381,
       20.65372970166206
      ],
      [
       86.88441600408406,
       20.653729573177777
      ],
      [
       86.88441579915659,
       20.654000653021527
      ],
      [
       86.88422379911789,
       20.6540005243218
      ],
      [
       86.88422352542224,
       20.654361964097777
      ]
     ],
     [
      [
       86.88355276244243,
       20.652735032885698
      ],
      [
       86.88364869290614,
       20.652825457588555
      ],
      [
       86.88364876166474,
       20.65273509763176
      ],
      [
       86.88355276244243,
       20.652735032885698
      ]
     ]
    ]
   },
   "properties": {
    "id": "P42",
    "area_ha": 2.7499999999999853,
    "quality": 0.9751755900816484,
    "confidence": 0.9751755900816484,
    "habitat_class": "mangrove",
    "name": null,
    "protected": false,
    "perimeter_km": 1.0818324811393136,
    "bbox": [
     20.651651165409184,
     86.8825920763963,
     20.654361964097777,
     86.8846092994254
    ],
    "extra": {
     "pixel_count": 275,
     "label_value": 265,
     "centroid_pixel": [
      1083.04,
      2069.6036363636363
     ]
    },
    "centroid_lat": 20.653087337094266,
    "centroid_lon": 86.88389233234193,
    "criticality_rank": 37,
    "criticality_score": 0.00020335587957497712,
    "delta_connectivity": 1.8011523671007668e-06,
    "delta_pct": 0.020335587957497712,
    "degree": 5,
    "is_cut_vertex": false,
    "component_count_after": 4,
    "rank_by_area": 42,
    "criticality_level": "low"
   }
  },
  {
   "type": "Feature",
   "id": "P43",
   "geometry": {
    "type": "Polygon",
    "coordinates": [
     [
      [
       86.88902544006976,
       20.651744678414293
      ],
      [
       86.88892970398582,
       20.6513831767172
      ],
      [
       86.88796972008942,
       20.65138255626719
      ],
      [
       86.88787405298191,
       20.65093069399279
      ],
      [
       86.88758605867186,
       20.65093050666087
      ],
      [
       86.88768252134633,
       20.650298049212672
      ],
      [
       86.8873945282296,
       20.650297861566653
      ],
      [
       86.88749065889321,
       20.650117204176958
      ],
      [
       86.88806664445131,
       20.650117578664556
      ],
      [
       86.8881625098813,
       20.650298360888215
      ],
      [
       86.8890265548384,
       20.650208558540363
      ],
      [
       86.8891223559466,
       20.650479700232967
      ],
      [
       86.88960227984276,
       20.650570367906138
      ],
      [
       86.88960201890916,
       20.650931807892963
      ],
      [
       86.88912170076934,
       20.651383300166472
      ],
      [
       86.88902544006976,
       20.651744678414293
      ]
     ],
     [
      [
       86.88777858536181,
       20.650207751658264
      ],
      [
       86.88787445050642,
       20.65038853403872
      ],
      [
       86.88787458301174,
       20.650207814046468
      ],
      [
       86.88777858536181,
       20.650207751658264
      ]
     ]
    ]
   },
   "properties": {
    "id": "P43",
    "area_ha": 2.3699999999999934,
    "quality": 0.9731563535923696,
    "confidence": 0.9731563535923696,
    "habitat_class": "mangrove",
    "name": null,
    "protected": false,
    "perimeter_km": 0.8051225263295702,
    "bbox": [
     20.650117204176958,
     86.8873945282296,
     20.651744678414293,
     86.88960227984276
    ],
    "extra": {
     "pixel_count": 237,
     "label_value": 271,
     "centroid_pixel": [
      1131.5443037974683,
      2094.84388185654
     ]
    },
    "centroid_lat": 20.65080969882407,
    "centroid_lon": 86.88855038130025,
    "criticality_rank": 19,
    "criticality_score": 0.0018372654211694704,
    "delta_connectivity": 1.627292492967572e-05,
    "delta_pct": 0.18372654211694703,
    "degree": 6,
    "is_cut_vertex": false,
    "component_count_after": 4,
    "rank_by_area": 43,
    "criticality_level": "low"
   }
  },
  {
   "type": "Feature",
   "id": "P44",
   "geometry": {
    "type": "Polygon",
    "coordinates": [
     [
      [
       86.9081107511076,
       20.682387903135076
      ],
      [
       86.90791893324906,
       20.682026361787923
      ],
      [
       86.90801522316485,
       20.681574614433522
      ],
      [
       86.90772717090873,
       20.6815744604912
      ],
      [
       86.90743928300222,
       20.681303226890847
      ],
      [
       86.9075358474852,
       20.68039968109848
      ],
      [
       86.9085921932611,
       20.68012916511989
      ],
      [
       86.90887986531033,
       20.68076183578407
      ],
      [
       86.90907189913155,
       20.680761937177916
      ],
      [
       86.90907173768797,
       20.68103301638406
      ],
      [
       86.90859143588604,
       20.681394201418186
      ],
      [
       86.90839918441422,
       20.681755538392537
      ],
      [
       86.90849487699369,
       20.682297747718845
      ],
      [
       86.9081107511076,
       20.682387903135076
      ]
     ],
     [
      [
       86.90811096865565,
       20.68202646425814
      ],
      [
       86.90830294979048,
       20.68211692623558
      ],
      [
       86.9083030040634,
       20.68202656651444
      ],
      [
       86.90811096865565,
       20.68202646425814
      ]
     ]
    ]
   },
   "properties": {
    "id": "P44",
    "area_ha": 2.349999999999994,
    "quality": 0.9756157403296613,
    "confidence": 0.9756157403296613,
    "habitat_class": "mangrove",
    "name": null,
    "protected": false,
    "perimeter_km": 0.7719839545953594,
    "bbox": [
     20.68012916511989,
     86.90743928300222,
     20.682387903135076,
     86.90907189913155
    ],
    "extra": {
     "pixel_count": 235,
     "label_value": 188,
     "centroid_pixel": [
      1336.5702127659574,
      1759.936170212766
     ]
    },
    "centroid_lat": 20.681083509518427,
    "centroid_lon": 86.90821429496337,
    "criticality_rank": 39,
    "criticality_score": 0.0001387618072473519,
    "delta_connectivity": 1.2290333483797738e-06,
    "delta_pct": 0.01387618072473519,
    "degree": 4,
    "is_cut_vertex": false,
    "component_count_after": 4,
    "rank_by_area": 44,
    "criticality_level": "low"
   }
  },
  {
   "type": "Feature",
   "id": "P45",
   "geometry": {
    "type": "Polygon",
    "coordinates": [
     [
      [
       86.86602974765427,
       20.601488072276375
      ],
      [
       86.86574200481087,
       20.601307128143226
      ],
      [
       86.86574216305993,
       20.60112640727598
      ],
      [
       86.86603030033679,
       20.600855549230257
      ],
      [
       86.86603077404813,
       20.600313386582496
      ],
      [
       86.86651036953194,
       20.60058483894396
      ],
      [
       86.86651060553739,
       20.60031375761051
      ],
      [
       86.86641463923868,
       20.60031368351141
      ],
      [
       86.86631883050147,
       20.600132888466792
      ],
      [
       86.866510684205,
       20.600223397164147
      ],
      [
       86.86660696488767,
       20.599862029413323
      ],
      [
       86.86775855711674,
       20.599862913788865
      ],
      [
       86.86766181120343,
       20.600766444884997
      ],
      [
       86.86785374437773,
       20.60076659164893
      ],
      [
       86.86785335498162,
       20.60121839386766
      ],
      [
       86.86766142124175,
       20.60121824710022
      ],
      [
       86.86766126525414,
       20.601398967979698
      ],
      [
       86.86718150862302,
       20.60130823968814
      ],
      [
       86.8670857766968,
       20.601037084640772
      ],
      [
       86.86689384318987,
       20.601036937022688
      ],
      [
       86.86689400007903,
       20.600856216141285
      ],
      [
       86.86651021219286,
       20.6007655598282
      ],
      [
       86.86622199708783,
       20.60112677911874
      ],
      [
       86.86622176056196,
       20.60139786042352
      ],
      [
       86.86602974765427,
       20.601488072276375
      ]
     ]
    ]
   },
   "properties": {
    "id": "P45",
    "area_ha": 2.3199999999999945,
    "quality": 0.9747142383250696,
    "confidence": 0.9747142383250696,
    "habitat_class": "mangrove",
    "name": null,
    "protected": false,
    "perimeter_km": 0.9394473183604533,
    "bbox": [
     20.599862029413323,
     86.86574200481087,
     20.601488072276375,
     86.86785374437773
    ],
    "extra": {
     "pixel_count": 232,
     "label_value": 334,
     "centroid_pixel": [
      906.1896551724138,
      2650.2974137931033
     ]
    },
    "centroid_lat": 20.600603491517457,
    "centroid_lon": 86.86696040329875,
    "criticality_rank": 42,
    "criticality_score": 8.401110117214467e-05,
    "delta_connectivity": 7.440984448308513e-07,
    "delta_pct": 0.008401110117214467,
    "degree": 4,
    "is_cut_vertex": false,
    "component_count_after": 4,
    "rank_by_area": 45,
    "criticality_level": "low"
   }
  },
  {
   "type": "Feature",
   "id": "P46",
   "geometry": {
    "type": "Polygon",
    "coordinates": [
     [
      [
       86.90935055782857,
       20.69657502843762
      ],
      [
       86.90925463846891,
       20.696394258740725
      ],
      [
       86.90896655822962,
       20.696394106765577
      ],
      [
       86.9090627465665,
       20.69612307875421
      ],
      [
       86.90867880253688,
       20.695851796859458
      ],
      [
       86.90867891071588,
       20.69567107770213
      ],
      [
       86.908871017272,
       20.695580819809106
      ],
      [
       86.9090633390437,
       20.69512912336262
      ],
      [
       86.91011978421311,
       20.694858598853283
      ],
      [
       86.91002386501088,
       20.694677829549267
      ],
      [
       86.91011994391233,
       20.6945875200738
      ],
      [
       86.91021559728699,
       20.695220087279214
      ],
      [
       86.9103115170551,
       20.695400856467206
      ],
      [
       86.91050356930442,
       20.695400956333664
      ],
      [
       86.91059943657571,
       20.695672084944086
      ],
      [
       86.91031130456697,
       20.69576229480576
      ],
      [
       86.91021506549504,
       20.69612368311376
      ],
      [
       86.90992709246098,
       20.6959428135885
      ],
      [
       86.90983079895527,
       20.696394561245945
      ],
      [
       86.90963874545866,
       20.696394460624955
      ],
      [
       86.90963895954735,
       20.696033022319597
      ],
      [
       86.90935093367924,
       20.695942511411594
      ],
      [
       86.9092547997184,
       20.69612318001601
      ],
      [
       86.90944685287143,
       20.696123281063723
      ],
      [
       86.90954277229028,
       20.6963040506595
      ],
      [
       86.90935055782857,
       20.69657502843762
      ]
     ],
     [
      [
       86.90906290815467,
       20.695852000022413
      ],
      [
       86.90925496096528,
       20.695852101282767
      ],
      [
       86.90925501471368,
       20.695761741703127
      ],
      [
       86.90906301587864,
       20.695671280863138
      ],
      [
       86.90906290815467,
       20.695852000022413
      ]
     ]
    ]
   },
   "properties": {
    "id": "P46",
    "area_ha": 2.099999999999999,
    "quality": 0.972960745152973,
    "confidence": 0.972960745152973,
    "habitat_class": "mangrove",
    "name": null,
    "protected": false,
    "perimeter_km": 0.9500701460567493,
    "bbox": [
     20.6945875200738,
     86.90867880253688,
     20.69657502843762,
     86.91059943657571
    ],
    "extra": {
     "pixel_count": 210,
     "label_value": 98,
     "centroid_pixel": [
      1351.3142857142857,
      1599.0523809523809
     ]
    },
    "centroid_lat": 20.69562166173311,
    "centroid_lon": 86.90962136974652,
    "criticality_rank": 40,
    "criticality_score": 0.00011821444448466028,
    "delta_connectivity": 1.047042391663644e-06,
    "delta_pct": 0.011821444448466027,
    "degree": 3,
    "is_cut_vertex": false,
    "component_count_after": 4,
    "rank_by_area": 47,
    "criticality_level": "low"
   }
  },
  {
   "type": "Feature",
   "id": "P47",
   "geometry": {
    "type": "Polygon",
    "coordinates": [
     [
      [
       86.88566805576961,
       20.648308805607737
      ],
      [
       86.88538026957578,
       20.64803753458647
      ],
      [
       86.88538040501179,
       20.647856814560683
      ],
      [
       86.88499635240574,
       20.64794691917861
      ],
      [
       86.88490049218701,
       20.647766135171658
      ],
      [
       86.88499662418228,
       20.64758547912434
      ],
      [
       86.88528461216733,
       20.647585670747336
      ],
      [
       86.88528488325747,
       20.647224230674276
      ],
      [
       86.88557300576785,
       20.647043701769153
      ],
      [
       86.88547721308299,
       20.646772558037963
      ],
      [
       86.88586126245895,
       20.646682452322768
      ],
      [
       86.88586139731696,
       20.64650173226558
      ],
      [
       86.88547734839541,
       20.646591837985095
      ],
      [
       86.88566940668329,
       20.646501605218173
      ],
      [
       86.88538155615915,
       20.646320694188777
      ],
      [
       86.88547775432393,
       20.646049677803802
      ],
      [
       86.88605385914975,
       20.645869338865314
      ],
      [
       86.88653336454618,
       20.64650217525001
      ],
      [
       86.88624524418431,
       20.646682705779426
      ],
      [
       86.88634110532422,
       20.64686348906656
      ],
      [
       86.88595719051692,
       20.64677287579448
      ],
      [
       86.88614911423325,
       20.64686336255055
      ],
      [
       86.88624423610594,
       20.648038106105897
      ],
      [
       86.88595631463718,
       20.647947556065645
      ],
      [
       86.8858600486718,
       20.64830893266726
      ],
      [
       86.88566805576961,
       20.648308805607737
      ]
     ]
    ]
   },
   "properties": {
    "id": "P47",
    "area_ha": 2.099999999999999,
    "quality": 0.9727685164837611,
    "confidence": 0.9727685164837611,
    "habitat_class": "mangrove",
    "name": null,
    "protected": false,
    "perimeter_km": 0.9730728090738833,
    "bbox": [
     20.645869338865314,
     86.88490049218701,
     20.64830893266726,
     86.88653336454618
    ],
    "extra": {
     "pixel_count": 210,
     "label_value": 281,
     "centroid_pixel": [
      1102.8238095238096,
      2135.8380952380953
     ]
    },
    "centroid_lat": 20.64710365922407,
    "centroid_lon": 86.88579603673112,
    "criticality_rank": 27,
    "criticality_score": 0.0006964398138836181,
    "delta_connectivity": 6.168467919105344e-06,
    "delta_pct": 0.06964398138836181,
    "degree": 7,
    "is_cut_vertex": false,
    "component_count_after": 4,
    "rank_by_area": 46,
    "criticality_level": "low"
   }
  }
 ]
}